page	text_sha256	characters	word_tokens	english_heuristic_tokens	indonesian_heuristic_tokens	forbidden_matches	heuristic_suspect	untranslated_instructional_or_exercise_prose
1	5e0b8aabcf4c2e2e2ba3af6d63f73699cd506b23049f40457f75106013717e4c	498	32	1	3	[]	False	False
2	40a8d657720f13c75eec85532be91b2d63afb2ace74c5842d119dd384cf221f1	1137	145	2	27	[]	False	False
3	9c6aa8751d8662b5e6dbcf7bba395877f6782bfab7576f14735c2deb1257841c	3428	106	7	38	[]	False	False
4	9102636b643f32e75259a8fc2fe00805af68aab48900ce580db0a68db174de2f	2505	306	11	81	[]	False	False
5	31d49866356adb748c56e1290abc3f9be725cfcd2960517a9043bdd2c94b91f7	3299	420	5	67	[]	False	False
6	deaf048ff91216d09c7ece4511980263398adedc94d9bde152d4ebbdf51a4916	952	109	0	22	[]	False	False
7	c78243a20848322c1a9ef7c64330fb1310d59fe9694cd3c5aa561b84ca166507	224	19	2	6	[]	False	False
8	29ace64d7d3a66b5e8969d1901b8297e49c4fbbbf053bfbf69aa5ffabf291cc7	599	76	3	20	[]	False	False
9	32b97d37db9cbdacf88e6999bad321272fb14fc36612cad8e82965ba2c232b78	3888	404	4	94	[]	False	False
10	080347d89129bc79b7a990e1f415815ea52ee390b677ce7e89a77145a6cd5134	3205	366	4	92	[]	False	False
11	ae539336606f364cb62f9ce32124ef99cbdc5a711c8d9eeef09e0f0d6f4801ef	4479	479	12	92	[]	False	False
12	a979496e9983d6f3a516a02a4f9da83f2bb850f3176cf7d0ab2e4d0dae9a9910	3816	339	19	67	[]	False	False
13	71625ceb112b4761312daa76253c2bc3b6ccc162e2115a0cd61d083bf150b32a	1896	236	14	61	[]	False	False
14	c07a7647ccfc9f5a940555973b176cb5eeb55d0694dc31d895ce9ffb7580c16a	4321	228	3	30	[]	False	False
15	465140b77a0c43443a8f878393607dbb52b35ec99b0e572ce8db0510bdbcfbd1	3808	431	5	62	[]	False	False
16	95c37a1c5be4df1cd9ce644abd94db37fd102420483c3df65ecf3c164617e4c3	3594	345	7	59	[]	False	False
17	ab5748fa78ccbe5c74d7f3b0b4fcba76a12d4b915d36a21de148a76368b94858	2708	285	2	48	[]	False	False
18	f65db6d2b1a4fce14925b73179d7f052b7c361b074ceda199ce32742dda6a168	3569	400	5	77	[]	False	False
19	42c212a45a2133044173430fb5762910c6c73a32c2c77f16d5ee4d554100fd26	4372	544	17	94	[]	False	False
20	513cfceb596c8cfdf789b4302ba87e2a441130269c5f5d8033893b4b24d92e77	5433	545	25	93	[]	False	False
21	aef574c8a4731cce967e60bff9589f778218299c22a4c9d84e5c501abcabed4f	1836	214	5	29	[]	False	False
22	1ae6f27b94646a08d71d8349f3399e0bf4de6b82aaae099d6fac8dcb596cc116	3601	427	9	95	[]	False	False
23	3c6a0f41ef453ae0a5b36dd668be53162cc6aeff1e654954a48c4a3a97b2dc6e	2175	231	1	55	[]	False	False
24	efef4cb783c6809abb0064f837f2b36b9511248b13743869d26e660c9081aff4	3018	322	1	79	[]	False	False
25	18044b0b0edd4d243b4a61bdbda8cfef6197e3a6c5ffa0eb892b33920a98d342	4145	468	6	87	[]	False	False
26	506fd4a73ef1d7ed6999dbe31e68d6a695e4f9d015d9de8298b1bbfa87f5c9dc	4633	563	11	131	[]	False	False
27	175b53d029808bf6539f3714785eb7c97977a36b5dd09a0361cbd05f5cf1b451	686	56	0	9	[]	False	False
28	e73108b653545f92ec43ee66a11b72a691b143d9b96eb6285c189d12e10174ba	1576	94	2	21	[]	False	False
29	12a98c3c0ec1d2d7619eee120e8648192de2ed8f3f141f47bbfd7f7973f88717	4395	556	6	133	[]	False	False
30	66dd0aa6cd82c7603b6461ae932ee74db837febb5703d822a220b8ccfd66f750	4757	469	2	93	[]	False	False
31	406d0256752eafefa82da0067b5bb41e23ddf09895879fbe95ae19694eec2796	4747	603	9	115	[]	False	False
32	e075257cc48bb891b71be8ffea22296b78c5d88589b4986ec9ea20166839a69b	2503	294	12	48	[]	False	False
33	343ed27a6ff4786b4271ab7560682ffe717b38a9480a3023b208a48f31d04f61	3734	454	4	89	[]	False	False
34	8f06a72815f85b7fbc80c3db7e02f859350e531ac06573219d8e4c0714ecc8f5	3505	76	1	11	[]	False	False
35	b26dcc29cd483bead0f6f2a3bfffa6d80a4cc0b40c24eeb7be793cd5a85810bb	4820	597	0	102	[]	False	False
36	c5d0d1b5cb671b8ea3911b56300be1810ebf3ffd23462750740b6e3b5e9add9e	4822	575	6	108	[]	False	False
37	e43126b416ff748be824f153e9e8e0dcee31c7764944645654d9d042e12e9eb2	3927	489	7	115	[]	False	False
38	7b5ad58ffb263c3a8c040c581671f1fee77ecd9ec50858527e6018009838cfc5	5175	555	8	92	[]	False	False
39	ba790ed0012cbd260c48f8e684093c1919c50858372948beadfa15d99ad5dd35	4878	431	12	64	[]	False	False
40	7f11e0ac7204db34241887754671cf5a1697b1fa11b4750cf91780ab91c33258	152	13	3	4	[]	False	False
41	454ef601116def7071784a54c17440acbea679603ecf52b4eb70ceb6736a57cf	677	87	0	22	[]	False	False
42	be3f028833fa8906e2dad1a64cf43af91122a3fa7a682a8fdd1056d33d583c67	2761	275	11	61	[]	False	False
43	9ce1ba93cc7c4b69a2be6507a4808e83bef24942697f8fc5fb349e4e1ae08b9a	2434	202	5	42	[]	False	False
44	a0cff31689e2610a63be17c62ec072c2a5a138b4ef529768183f79d04711f172	2984	281	6	76	[]	False	False
45	dcf048bb88cd4a8df0acc4e26b200dc7f83256903f1465785de364cb6bbd0060	2925	336	3	73	[]	False	False
46	b8ba7eb0834c90ec6694d9738938217d8afaf2643fd60c631fdfd5c5ee8a70d6	3301	331	17	74	[]	False	False
47	03c826d6c27c66a0f9a736a02955ddc39762c60db5b18873789023ad9eea929a	3512	460	16	104	[]	False	False
48	4cd3261311d3303dc9c40c630cd02be90db7486dfeb4fbad284e50065cc85c79	3405	239	5	65	[]	False	False
49	9b2a69ecffcc2b1d1d5644542fa56488569da2798882370523635b0961988c20	3357	384	4	103	[]	False	False
50	5a5ba722f8a7fe88299b3013bb519fbd3247e6e67d106ba501b7eb792406d696	2066	137	3	34	[]	False	False
51	747945197ee4c09bea562a71e73f8f6308f63ae50d3dcbf0eb1b17e1d18f6ed9	3449	443	21	99	[]	False	False
52	9b0cbbac2692e13b6c30fe3a1097175cb07bf786290801273de90997f474b9a5	2948	211	10	50	[]	False	False
53	e80c4d55de9e48ce8c5455890473de3778a7b23ce505a17f23664d047b3f32f2	3125	295	10	67	[]	False	False
54	e592afade9443ebd9de9626b1c383542851ee4e6d348df36c138d4d8c485e6c8	2999	210	10	51	[]	False	False
55	45548a2fc748c2721781b4643185ca13ad36d1e1cadbaed5447ad967cfbfed4b	3173	315	5	58	[]	False	False
56	e75e2c9a06724e5ea55e4722a95f3d6f56eb55738445b2aab75570137acb0c91	3829	218	6	31	[]	False	False
57	4c2d5394015d9e85594f6752e086a1bb4adb7a0405d11e77df9cb3f1ef196291	3774	402	1	81	[]	False	False
58	b327d55e97fb814015429dc27ac7c768255f7ffffa18008ff08e39af4c291041	4702	236	2	62	[]	False	False
59	8c4c5bf46287eb395b4256c6edbd5edc4b03cf138a9da37769d091ef5397dbdd	798	94	5	18	[]	False	False
60	7a4091bb5dadd4d493f99f839e581abd03767061856674c15840d9eed4a466c1	3553	296	2	52	[]	False	False
61	4819866c342f8b7f67d1977caa52709be1f8b2987ea518db15947dd7d6369b47	2998	200	6	40	[]	False	False
62	eb830dc66f087308f2a1ffbd3947f505f29e1326154faebb682c0fadce57e49d	3057	276	9	61	[]	False	False
63	8786ad0fa97cae9d5f39e613438853e49b652d96777161bc6b9f4a401e952e41	3623	280	1	58	[]	False	False
64	141442071a5b72e7af7fe3e85526e644892c7517cca27311b9b5e7a6e7335eb0	3088	330	5	77	[]	False	False
65	b64c9df4106dfb17c8b7307483b71284950bfac25fd0f1bbe508d0ed4b8a9431	3536	431	1	79	[]	False	False
66	7995b4f725e0f250f9cd7c0ee82aa977d6668cb5943fb84d178ea9b0c6189fea	4301	272	1	38	[]	False	False
67	c2701aaa4d7500ba40f6b345d90c21ceb234b1b33be14bb7f38bd59d284b2f1b	2202	208	1	30	[]	False	False
68	e338226e8289c2a56979e91bf7d3aac9820e6f9062f80807aa6db502b729ff28	2112	158	6	41	[]	False	False
69	52287272e2d1f32644902b25510294c3236ae014045e8bfbd8bb805b77b0e4fd	4220	161	2	36	[]	False	False
70	97628aab9ddca56bdb4ef050c5421294da8810072abf2d3f7307431e88b13d47	5057	411	7	74	[]	False	False
71	7fd0836130a24d7df3b9b5985b677b2aa11d9b125fd9db531d47710bab708132	2023	214	7	23	[]	False	False
72	e16c741d8280b703fbc9b49bad79c7474c33717a4fec57a517d6abebcf4ccd33	3160	318	2	63	[]	False	False
73	3eddd54a5b82314f2a140df0574627d784a41e99722ab52551e256c5cc60a751	4017	514	7	118	[]	False	False
74	a84df09c6e0833f8490536fab8e6b139629700b059303b6e1b23b98becb3b4ab	3479	315	2	68	[]	False	False
75	6dabd4e5eb7e14a88a4ff8a4896d68303fa5b0af072a5380a76a55d17d5ad6d8	3324	388	0	78	[]	False	False
76	079bb56ae7dfa978e9942388e56dc2fbf68643c5cec956a25635c96f397dea26	4986	495	13	103	[]	False	False
77	1d28dd8f1f6f01ad32bb7ed246679e7deec9d9c45fedf7cce15005612415d548	3925	357	5	85	[]	False	False
78	298386e576eadc255e9edb704f89eb663e1c663f1b28f2ccec14baea2e25bd50	3777	324	2	72	[]	False	False
79	0b23c9bf59db607e2e541d7a17cc078541f1bb9ae2f66c3e921e21ddb73b126a	3675	198	4	49	[]	False	False
80	cf855cb63584fa2b428abfa37c804fe2e829052cd40724e7fffc967a6914e3a4	962	47	2	10	[]	False	False
81	670f9ac2ebe380577b2272f14ad7da2e8109086ee9b88be080559dd0e0961490	215	15	0	4	[]	False	False
82	650085f48669d4b018cb74a96b850d31914f273217515961850a1e642ab2d3f7	658	84	1	17	[]	False	False
83	ca9b2840169f1b8f6b62d342031237eb68f645c9c9f06fa7ca6bb0fdd1eb574b	2065	236	0	53	[]	False	False
84	3c781646e5232f6f4416b7e6d96695ff983894efee9fbbccaa24475bd3aa6a00	2681	236	0	45	[]	False	False
85	02af95cb6e57af71d0577621a1f7791f988b9d2e6a79fbe2a08327932caa0052	3134	349	0	70	[]	False	False
86	85de61a431fdf01a8b696ef8aea92897eef925bd449aa9605f2c5c2433bcaf55	3619	315	3	77	[]	False	False
87	66521678ce8f7134b96759fc2350a5d5c0c4ec4f4d1f9254329f651bf258515c	418	31	0	9	[]	False	False
88	c26106d4744c15c4edfe18392616e890b3f5fbb80947d48676ea0c3c839f1841	4304	332	1	60	[]	False	False
89	1104842e3a2a3cfeea1b9b6c181673f9814525f84ec17cf19020ae2fc17cbc7c	3326	285	2	66	[]	False	False
90	1570299ab63cd6990ae3cf6b87440b9746b13a3a88104f537f7229c44cffdb61	3048	188	6	35	[]	False	False
91	93c610b686f8aed7037f94ff749ff9f4ca0af55cdee9f997c5a5d9efed637fcf	2715	224	0	46	[]	False	False
92	710538c820282c572e670aa9943a00e3bb80014776dc4900f2bb93e335f253aa	3282	303	0	53	[]	False	False
93	5c9008a8b00267e377fbc1427afd3e503990bf7bccc06bcc155e3a6df9b947aa	2747	269	1	45	[]	False	False
94	a24962f4471395ebd02407789896e433f025f49fe50c1d54ad5b0724412832a5	3160	296	1	63	[]	False	False
95	2f33a7c37640d69b8b7ff031f8d486240c368c34a4760e11166da9b70b2621aa	738	64	6	17	[]	False	False
96	12ea8543917a1335049c11a1dbc5e4d6dc7af9545999fbb9f4c8fa190a1b861a	3365	381	3	68	[]	False	False
97	03dce7264e66950a368e359f6e3b268bdf170f575511dc14ed2399a30db3ca13	3267	395	6	64	[]	False	False
98	8acdf042709995e88afa821add70fdab7bbcbb7e18785b28a4903aef249a1305	3271	302	7	44	[]	False	False
99	fc8a52aaa4634e2556aa8036f7db2b358defe75146280b56bc9ddffd6e10df33	2686	229	9	45	[]	False	False
100	8b2cfd73ca7f0c760bdbcd4298511989a6a3debefb3e5d9b82be79af8d0b7301	3285	282	7	68	[]	False	False
101	9ff0c9ac58d6f055fed66196b66db3b2f5fee8423cb62a1f8045d7ba96718edd	3656	347	7	86	[]	False	False
102	87e58d185fcf66803a2461d0381a02914cc2643becbad3b6dc0e7b32ebdcc4fd	3946	383	2	87	[]	False	False
103	7e7c4b15f089a30caa9a1edfe06dae1956c7bb64052f512350bea3ae137126b2	3853	292	6	59	[]	False	False
104	28a7ace73522ffe353161dc50ea23648cfccd9dc9271e3e405de867fcaba25a7	2902	285	2	66	[]	False	False
105	4e6ace661d03cbbef83b0b985b2cd4ed7c99f803d16db003b83757603a680e11	3261	291	0	49	[]	False	False
106	b607bca2536a37fe6886a904d41860fd23902b0f7bb5a2d4e033a8f5b0b90509	3084	247	4	45	[]	False	False
107	7b19a041c80dff5034f39eff1479adf2f001b39193cb4ecc6bf510a3d85d75bf	3051	231	0	39	[]	False	False
108	0176a160970f0db9a44cdead202e7d629d21bd8c5a7256b5ab694d730121f8d6	2570	191	0	31	[]	False	False
109	60d486c3692d6546e4f464dcce1582798dd0f7850ea73ab474f5a392c978dd3d	3488	264	0	35	[]	False	False
110	2560d690d9e239c31753fb38dbaf04396c895ed6ab215ed1f1fc4f5395a4e08c	3437	337	0	55	[]	False	False
111	62b5aa7731ab954725daaa59c2aa9e7c132289fcc4aa2cce0b884de1b5227d46	3622	248	0	31	[]	False	False
112	3a6d6f4155368ff507fed8b4da4cfc01bc9555814b57f1c99f3aad13ac04a000	1758	136	0	27	[]	False	False
113	c721edfd80d2cad61fd592a7af2863cda66fc047350e359e196f374aec616fe0	3123	291	4	39	[]	False	False
114	1ef793a5d38f238913222aa3d686cc07a3bc6194330b3c041d3acaff3b40ce3d	3796	296	8	35	[]	False	False
115	4229a07f77d285e3c7993c590a22189d24f86672fbd6e2f9540f9b725ded1ef8	4395	500	5	69	[]	False	False
116	d2c4eff538b25b7f9cbd1aa8a9627fd7df01b200856aff53ba7f5815ad741daf	2679	275	0	86	[]	False	False
117	a3111f2a45cf5aaee0aae5d0a86278d2ca9431a8a0d8d79195ff0becf8220dc7	3722	397	0	98	[]	False	False
118	248c60ac3acd6e2fdaf68a3dbdecec93ffbb5aaf6b5f7bea400ed9671c4f44ac	4396	473	0	57	[]	False	False
119	d9eb10061c1b45e23b3becff5ae34131168f4a33ba00642dff6d4b931bc9eeb4	2491	295	1	55	[]	False	False
120	1cc2fb4fbe587744933454de727cc60bbe83951cd3f05b81d0c32732c915bd4d	2461	180	0	47	[]	False	False
121	54d262a6706b00d7c86bb0f7eb7cc444843ed52ac4fbba669a397e0d6af94ecb	2106	180	0	33	[]	False	False
122	4514f132ee6bfe65f89641708f4133ebe8d7d793595df72b37a4acc0445dd354	3355	223	1	55	[]	False	False
123	06e17716afe671a7fbefc79f44f0d8c80083fba172311855e590c186c5dfd1d7	3084	289	0	50	[]	False	False
124	9ba4079f9d3370b692ac23f9589382265ab672ad3775a34de137038ae384df0c	3355	349	1	59	[]	False	False
125	0ef4250157d653c1f7634c72bea8739f5a2e847a3849258e3cb09ee9d98b6eec	2806	311	1	51	[]	False	False
126	e3ff18ba0427d5399c77a4443e679ade82e9a808c959c4d0efd806ae0a221a55	3640	326	3	57	[]	False	False
127	37ac32103cf966d9457e8945bcdb727d64db1c8bb3885806d02c919e0916cc0c	2960	304	1	51	[]	False	False
128	858097be71ef6ab24b2ffa2a9b35d848d50f3f70edeadf38dd57e87b86a362b1	2973	347	4	85	[]	False	False
129	d38abaf3d5f87ef381a1b52b8ef527db689b0d388a1412786a8807f64a5ad3f1	2529	326	0	63	[]	False	False
130	eb3ca81c75e6416335d84ca17c914cce48b82999ac8227786459b4e36a145c4f	2326	203	3	47	[]	False	False
131	7d03c399bbb4d6973dc2ec688f26f1cd1cec42df3b7201b17695785e1c36aff2	1418	138	1	25	[]	False	False
132	c7fe2bdb3bdeb1e94f82076c5019f79831222d8fe8196606012557ac89ef7921	2624	260	2	60	[]	False	False
133	410565236c6a3e04960349f8cfb33003e11f3064e60e91009fedd7a1ff1a88d2	3177	210	6	55	[]	False	False
134	112f519c417805775e11b90f0e738c9cb41dedf081bb016a55cdf4a10628f540	205	15	0	6	[]	False	False
135	3d54dd3f9248379c4d4879517d4b3396df2ecc66dedb68985d02ee17912a98e6	494	59	1	17	[]	False	False
136	821de5275ba672948abe62f4c7725cb4028bc74c686f6f2b989e41cbda9399cd	2654	274	2	73	[]	False	False
137	7155b087dd9aef8db63aeb585c43a9c07b8844c5e500c867ae1ab49aa515d00a	2492	271	1	65	[]	False	False
138	9a0d1cbb6d6c55705f2ba34a974033499e4ce1094a7da0cc592cdb9ddc5b403c	2945	196	0	40	[]	False	False
139	555c42e6f48a95e0967cb212b6536ae192d68f6179e281d552a3f635699b6b4a	3185	342	0	63	[]	False	False
140	2574c5e326ac219642b3820e97c603f03278367183552745e54b37af60489d9b	2533	257	0	49	[]	False	False
141	ed56d4f3712b27fa3ebb78a9cf20049f153d890b5c61ed230920a80f0f225aa3	2316	225	2	37	[]	False	False
142	7200104bc3358cf6d501bdf1003851567de48ccb46082d61833ca3e96a915a1a	3284	219	0	40	[]	False	False
143	b7368283ad3c0ba274babadf35f02d457e1a98bbe3c6a7ab6d3b042c0718c443	2117	192	0	32	[]	False	False
144	6cdcbfe9322591c5f6fedd417c59f8e73fa27b340c1b7ff024d501105d38f755	2896	260	0	75	[]	False	False
145	691f0bc4a781f8cdd89c2ad6e63e61464187e0f6d77207d977924bec85657897	4050	476	0	109	[]	False	False
146	fe9ff892fc0d6ecfab5e75bfaa7d21a6bbd30e698a8b3cac772d30ee4aa8a185	3211	349	0	68	[]	False	False
147	f21ab85cbceab7954e69b7941ca2e45af81d1b6e17f4e6ccc195863adc44fec8	3405	390	1	102	[]	False	False
148	6e8def69e96efbd3439d62b04bde9ac537d9cea00dc9bd924871a5485fc42462	2971	294	0	76	[]	False	False
149	265e9e48dbb1a8bcb68eec723a3b7f42e19934b1d00a56a554e39d96178835b9	2890	266	0	74	[]	False	False
150	4a12ba02200ef16a28ba8c942ec8e6560166d740f4375834d9b8359205e4bdf6	1659	175	0	39	[]	False	False
151	30322b0204589ce70c3d8fa8fc9f2487f6b6dae36470aa17457daf1add1d07ff	3515	424	0	80	[]	False	False
152	93b7bfe647ae74550ded8ee2281b776ae71ec6dc2e497a4c4717bfdd1afa3d34	3198	311	0	76	[]	False	False
153	58de361d7d1cd109149b854574f8690be5ee207940af085470d0e8f46ed8512f	2936	186	0	52	[]	False	False
154	17271c9ce081c86caef22c353ecd3739716d5b29db53ec6282b82e7297e134ff	3893	350	0	87	[]	False	False
155	175012dc20787ce921f9b746874425f574edf3fed9c411f72f7be1e8e6cd0e36	3659	382	0	93	[]	False	False
156	ece48a5568c0f8c5508874cae3b830f8ca388ff6a271aa9bbc57820a76b556fc	3560	354	0	105	[]	False	False
157	f1f4eaf55a7b82bbeeb99ba503af65b0a66e45eff67bf3dcae03263bfe53e8de	1921	132	0	42	[]	False	False
158	57a76928edc43490dfca82f578df474c309e66a744ee8f836054c585c5803206	2221	227	3	42	[]	False	False
159	ee1822c35532f760e7fac23708942e916ad53646e281435681d9e61657d66fcb	3899	485	7	76	[]	False	False
160	45fd2acaea2ac64c1d14d6ba31e5df3713603b9a072c33a848f1a789fb4ca5c2	2230	234	1	25	[]	False	False
161	64dd8faa83a16b0a9a1ce2ca3acbe3df7451427ca1ddfe3c8065ba85bfe2b205	2684	338	0	52	[]	False	False
162	09a136970fe8cb2531151d6034207ea1a0e97e27d40eb7f557514c77ed1be62c	3167	355	0	80	[]	False	False
163	fd595c11779270af80e7afbbcb2e0688837b969626fe0b3cd30fc7dd7771f195	3788	230	0	43	[]	False	False
164	7fb6ad1cefd3126fffe72c737f58702a6c35b3e0b9210af285b8497b2bfcd937	3550	271	0	57	[]	False	False
165	8c866a0f33499463163d99e3b4fb6f9879473b34b803d40b704a6a0ff36b6ee9	1588	179	0	35	[]	False	False
166	d081147f3ecef52d5ccd1df585a66359ee6e19e51a665b2fdb95fd6c2a6a844e	3055	341	0	63	[]	False	False
167	a50c3ce5ade184939c9d1b0116e3c75cec9f3960f64ef3d576e324a870caa062	2793	296	2	58	[]	False	False
168	083092df3f8db28c4f3e5de719ce85fc02371b6614bb9ebe0ec14c1dccfeb858	1929	196	0	43	[]	False	False
169	0a4bf6d6dd11d82cbe3ab21a153af77632f656d19ef45df0468427ba037dae55	2830	369	0	62	[]	False	False
170	5b480f4f1cbf9904409c6f573ce4ca8dd633dc47e4a3146e2eee5389b2de0a4f	218	19	1	9	[]	False	False
171	dab1e1e4623a0609ce9b185ff21f4999d59a00ce2e9a113005aefe2322440017	941	109	1	28	[]	False	False
172	88dcd32a1274700206a4426ae396d77fa6a61c03b314c357046635f39d53039a	4539	527	3	147	[]	False	False
173	e2dbe2635caff68fba85a70b2c82a5b3484acd4f5d07315e3a092686c2f9b15d	3897	460	3	141	[]	False	False
174	cc4e9906352ac42baf6bd1514b4d7ecf827e3538b42e4d1841881db9b893144a	2507	220	2	75	[]	False	False
175	ab4774319c947b4c3306bf8971f5e616443c141b10316bb15b4afeb54192812e	3088	313	2	107	[]	False	False
176	6af2d4ddba329c9933e0d62fd3e0c73fdd2f24e4ed0c8f9e0c98a2f84ed51ace	1400	111	0	30	[]	False	False
177	f577ba156c44236e873c2b536be890ce53e3af3bda3dc62174f8e5bc138a395c	3032	301	0	99	[]	False	False
178	c79785f0c18c8987a9556fff9842378a328ba748fd1edf4867951e3dc78ae67c	3885	308	0	119	[]	False	False
179	c3c211c6e01ad79c55e8ec9be63190363c8e92be1146ae6e1a863360f2639417	880	16	0	6	[]	False	False
180	55f4ca5fa6e942557e8cc80d9bee50917c8c01943fd81a91d64e5659d1df1d65	992	15	0	5	[]	False	False
181	41919c4672b28fcc600b584167cb9416ebe2ddb9dc4f482562a3711dcae2bac0	3031	368	1	106	[]	False	False
182	c6a8c12f430b479be51aa8e72904f9b7ad1ed0c4ba18fca19aa6c84a2185ceac	4174	469	3	98	[]	False	False
183	1c7047aa0b4d36c22a4a1c6041d593ed00bee65f1c23b77ad165e4cd40138f21	2287	272	0	77	[]	False	False
184	c50fa1d5a55f6b5adf69c56c5a1ac3ce9316025c7902931957eb7f7b3a9232fe	3613	381	21	148	[]	False	False
185	a7f50c7e884b77bf802d4042122f295001ee3f830da2a974bc0de162e47cb64a	4321	250	15	95	[]	False	False
186	f7f600b37bccedc1590347d3af2004dc97069b0e2739adad186960cecdc1ee8b	3724	387	16	141	[]	False	False
187	913e2fa6427751dd1ba141f890320d35c281f423f52f7ad1800c8742105f3245	2222	208	9	68	[]	False	False
188	e8c2a41e866b4fd9c151900c1d097f4b0ccb069e92a76b200cd6552d996216cf	3627	383	7	93	[]	False	False
189	1b9f7cf491bce63f63761c82dc7f320646d843814434992302510c1514a7e930	4114	463	20	135	[]	False	False
190	fe5585eb62b104fa6dec710519ef8ddeea49b02182cc00eb9279ebd2c09bba33	4751	545	30	149	[]	False	False
191	ce098beeb1b23941c5c473fc136d50c2a91ea4e944254aae40674350e96d0fc5	3148	392	15	116	[]	False	False
192	28aed0a1823a75fd8c523fda1191d3926aae9ecd19fe3ca8a7ee80ed9ac36958	3600	418	2	99	[]	False	False
193	b492fbb1c1cff352a6e9ad985eb2baefb4b9081d609dedbbaa76e24df002e42f	3883	498	3	147	[]	False	False
194	1497ed1059af6cd650892b48c7cca3a28bbd22effbeb48445ba0a6d48c368620	3871	417	15	137	[]	False	False
195	e0e5f5c0f37487ae1bc2c9387e4c34d4a70a41b9565e44b0706c7c08d9d67cd9	2429	290	2	89	[]	False	False
196	c6df0f0e839423c343478837b1e8176e4d1a2248f96f0a36e65fb45462d5507c	4061	400	8	125	[]	False	False
197	c11f895d13c07f7b41f20ae5f5940100256e14ec1b405fbee5205f5d3a32ff35	4042	502	11	141	[]	False	False
198	92bda71b5f3761415f64381fb72f8fb4768a77d13a79dd798558176bbb29b92d	2002	218	4	70	[]	False	False
199	8fa7554e5eb657a189edc721bc82d46e5a4fff92f0c64c406e150261f45c92b6	3180	314	3	114	[]	False	False
200	b05a24ad6a13cd135b71b1bf808a6dd4e4135ac74c6016acc39ffc03f1da6785	2294	212	0	51	[]	False	False
201	253f5c10a212dd54ee080797bf8e322bfb57c552e4140ace92f8ea4f8adcb7e4	2133	251	4	74	[]	False	False
202	e9b6f4d4a3adb3d1797b1b7b9ba72570907c3c0930fe3524ca104d0dd8135211	3075	269	2	81	[]	False	False
203	efdc8080ec538d5a2a1f4ebf1ffe2874bc44e946b46b38564c144ab375a705ea	4082	517	3	137	[]	False	False
204	92bfa5d57ed9a811c3c485618a821822cfb76572d9cbdc26863a3d4b55724d39	4160	509	2	125	[]	False	False
205	fcb8a3c9bbf7b3d1dcc1de1881660b9210c7f647fa4bd20e6700ab3b7b4f2fcd	3773	491	7	120	[]	False	False
206	e34d4fb8d9bdb417eb006cb807884df40c516a0fa9b9a0c12c9785bb8e2b4e6d	5080	554	17	118	[]	False	False
207	4b08b44f583d6a81e2f40f43f21fefda037cbdf63a256a60e4d104d1a2dbb934	3269	356	6	93	[]	False	False
208	2ca70625e32e2e2dde9cdf6ee32fa91d6904167e48021973586211c38db45ee0	246	23	1	8	[]	False	False
209	07bffd64f4f21325aac86671cbe375abd15336649fa057a1726202208edb2040	754	94	1	33	[]	False	False
210	3d39022b3923b04f63cc656124aa5b60d6384b53028247cde316af94e08c7b5f	2169	216	7	106	[]	False	False
211	5ef930098054334ade37f80dc6545d3ab00a3de00505cd91c0ffa1d5845562de	2672	261	12	100	[]	False	False
212	68b1e4d6bd8d0d29c979a79b84f3f4a3da38eb343a3e636e37ad76311f5bb69c	1754	176	1	55	[]	False	False
213	5e6f3fade3dd69f46d534459fa52d4a3ca22faf612eae7c292feb75603cec246	2927	290	2	96	[]	False	False
214	5bff0050fefc6b0f3501de72b36fa85f2aee620580f1f3bb199c0cb4650071e7	2336	287	9	102	[]	False	False
215	d2fc7153331b004728a43fe3527cb63c5629829b4e1ee2fef83f9023c4a251ae	4187	332	1	97	[]	False	False
216	26b4ec8029496212b88da5b13cd3c8ca2b71324d2def0f2a212530ea02a9fe26	4259	456	4	119	[]	False	False
217	5f5a882a376f6099a9160d004442d19a12f8549bb3fdd2367c6a647996909ae7	4580	548	10	136	[]	False	False
218	8606fd800a201d30b0a5044666999b973ebc1db79eb6b0b8fdef4a4b6b916307	5072	564	37	120	[]	False	False
219	5ddbd3158f992a38e5d2d20d7450c42a7f51555467593c7d198c1d2328d16e08	2655	328	8	89	[]	False	False
220	869ceddaf64c80436f96608149c77010396d968b3ac7cc3ee612197508b7fb8c	3074	272	7	120	[]	False	False
221	13bdfe2f4cd7944233151403cc230c4aefb8e8982b2539e79fbc42e77945e764	3024	277	5	98	[]	False	False
222	b3159513bc67fa67272576b3d3af810d7c06bc1e7d8ac3f1b02c9d20e99bff36	4544	407	6	106	[]	False	False
223	b974d511c99b763b58ad4b5beca4374f5a705ac9068a24a895c268dcfe58780d	3604	355	1	128	[]	False	False
224	aac1030702c862ab6198fb2782980fd548bdc82ad55c91a0aca2b418096700da	3715	326	2	84	[]	False	False
225	9c797fc82fab93dd776632074ed5bf8523ea587a4b76701f72fbad736b138fdf	1944	214	1	55	[]	False	False
226	ff0afac858779a13ff556b100dc0ff2ab88d877130ab74fff229c3df978901c6	3530	339	2	129	[]	False	False
227	d4b39a629b922f97bfc08e578ff49c62bd60200b2e96f5a347629dc0b61f43bc	4301	362	8	99	[]	False	False
228	f0803df59055fa02c71b8eb7139b11d8088e66bde06d852733bec64cc181f824	5469	606	24	180	[]	False	False
229	5c0d05c8d2e471e40dcf3c9cb599d4451cb6834c275cae2e666699f1ec1ad448	4756	476	9	112	[]	False	False
230	c41f5466eba70dc8ad83fda0cfd67efb2b2a18a224d75d603f742fdf115c6718	5623	572	11	114	[]	False	False
231	35204d77de704f3342855d10770e1145936fe33873829ff336c2a93a13c935f0	3294	395	4	99	[]	False	False
232	ffdd1c3d1e9766d838e15a3910b565f2a87a3cba255c0e23cf110ed8f33dde79	4268	414	4	131	[]	False	False
233	d07e70d266678102500a34666ecc6162085e1e6f90357997d64a93099eb3cab0	3829	433	1	104	[]	False	False
234	636d8c4b3bfd503524d2751645e46fbe287458ab2f4fa92520c061a0ea509a55	2502	218	1	45	[]	False	False
235	9206f0fdc6f314dd845542a96311f03e605a110083129a05fc81e5cc1905d266	1091	52	0	9	[]	False	False
236	e15a274f7149dd07293622a0d9a7705793863ab233370e72b545191d705d391d	3205	368	2	95	[]	False	False
237	b1f90d3a67ef1e599583309242a218f459f88b8a5a15f4dcd4cdb9fe55f4136f	3161	342	1	76	[]	False	False
238	a2c31ed65cb091cbcb617c63f06f5b861b5d09c4a7489dbc8e81ba856126ced7	4554	467	4	84	[]	False	False
239	144beb988078cc6eb4e0d0dcdedaac217b7aa225e17fdb6c282c70d23caab9b9	2686	239	3	51	[]	False	False
240	947c5f6f289c381aaa6dfdcd3a6751c0694cc07e02b15cf2505078d5509b2182	3494	378	2	74	[]	False	False
241	2d9c32afe0e2b2f6b9b7cfc883ad994bebf9dc308b101453659c2e63ac6e031d	1731	171	7	36	[]	False	False
242	dbc3e5fdfb4263ea396e7b97bca162ce6e637024ef3e4d883787d29b557c26f2	4022	441	2	86	[]	False	False
243	e2488e02c73b9d3e351adc85b27ed4be3c37ac8692fe79e3267666216d3e7ac8	3097	319	0	62	[]	False	False
244	ac9b85bf859f7af3fc22d3768ed66d588fa4cce5f69b78b1a9fe2a1b2b836e19	3767	240	1	48	[]	False	False
245	dcb7fb109123df4822e38c36ba1b488a22157362980c0256bba743617c4df03f	2545	277	1	59	[]	False	False
246	9ea1dc8db11c9e45497ff99ba90917cf18dba96dc85e117b384bc570f5974944	5160	402	3	96	[]	False	False
247	746b187c1003ee13a7dc3ed950185f2e0ba2d35ce75fd286f0078465054d8f68	2465	221	6	49	[]	False	False
248	8d651a3c673b73ba5bdf8f82a1c8be6e8025454556cf5d81a7a18f7d5e57f133	4988	461	2	76	[]	False	False
249	d79b17dc1d8aae85ec72cb59b53a13022853e2936e05a3c11423861e9da1fd59	6879	697	0	141	[]	False	False
250	1b0b788adffdc8be54643bb91fef17b3b78a4ab7a81ea3d7fc17dcec1e6d6181	6521	648	3	149	[]	False	False
251	322421d69c29d1ed2bb8d1eb83dd5e808f45634fc69fda44339bc12df2a12276	5793	595	1	118	[]	False	False
252	e277b0943392ed5e0d4c1b3a674775f5ebfd2254c793256309f852cc6adfa5fc	7050	399	0	78	[]	False	False
253	e7ba58a25c80bf79599ec800aa6998d5ce4c6b0d79e25cee8ca0c8f8dde74a2a	7018	443	2	102	[]	False	False
254	61f781ceade0742f134e4a6c06d874a5f5ae3f61e5c0f987462b035952ba47a8	7858	623	10	187	[]	False	False
255	df555c049d7604e8d05a23004f5d25eaa8ce187762f48b1ee5eb91a39016b2e6	5385	488	13	146	[]	False	False
256	c7b13508726304ab6b369eb4e37bad276eb6cbd1a95dd3076ca35e9cd7b1acd1	547	47	0	4	[]	False	False
257	293bbbfe548ac65ef1aeed54733bde20ab4034b022336d477b1a82a352fcb238	6735	572	8	198	[]	False	False
258	3457caf85937aa8641b906998afc43bd730751b55b3a4fe1a494123d7cb38750	6777	583	6	150	[]	False	False
259	2f59c5913629d051a80f9cc761abcb15f41f64454cbb857e3dd4e103f2e2f53f	1989	127	1	23	[]	False	False
260	01aec9447e9817bb89da6ac9c75b80fc2ec7f8ebad69029bdf9d11acfc6e0937	1224	103	0	14	[]	False	False
