61	page-061.png	441994	611ee3a842695c95818e8efeb4d4ff3998387499c7d595a0b6cb72b867a20dcb
62	page-062.png	340831	266ded6df71cfab701ef6fe0bc59a66a5aa3956e8cf45dfa2841953e0f400a63
63	page-063.png	369478	837f9658bfb6d3a5c6065c7da46aa3e7bc82b72a27f2ff0aad80ac0b208489a1
64	page-064.png	359691	9f93139a2859861eea1f8f812ea0dac60069e7cf9f04c503e84395131a5266c3
65	page-065.png	470118	14b8667f7362d58bf2a894cc27957fb5b25d937af758d4b472d98859409d27e9
66	page-066.png	317979	1daea78defc1751ccba248774dcbcd9fd395bf64c4b36fe860d6db653cda9a61
67	page-067.png	239110	392aa809cc4b074e07e3c542678ad7b3de738d4a97d7c8db6b533ae6223fc275
68	page-068.png	211041	9fc7fbb51f0c5882be973d5f33127fd0a593daaacac42e385894aecf670b150d
69	page-069.png	359631	5566bc98c2010c2301de85bbdc85718c6d87f99f70cdd765da1ab9a3beca6cc2
70	page-070.png	444797	82e712be6c4e1ba91a680167027d0eefc6bbc4d5a19f0b38cbcac29d53a40883
71	page-071.png	225156	c014489207f38314d7ce38a4f9d154cce8f72a503e75a029f04a8d16b43d822f
72	page-072.png	325183	8c77ca595112b158d9e9d00cb5201760b5fa96e62cef445f4ebc4a92ec9c6e05
73	page-073.png	488696	7c2d4bcad8045f2e42573640d8eec651564d599f0c9227120a41f0fcd86c2e60
387	page-387.png	631152	84d0d24a9c78808a8ac437ae158e6803115730dee58ded25c6d31ed6231dcb71
388	page-388.png	605575	3dc846104af0a1a390e0e6a8bee0250900e86e5722d49a8183c90a795c3c1d26
389	page-389.png	606681	55871dfac4ece3acfe9a1e1c7a16f45c5bc8d94f30b3d428075c6b6ff3e889f5
390	page-390.png	585687	8a7009019f25fdf73d7684df7d3fe9a274be6f037be9a7ed5404274f582ab42c
