kind	path	bytes	sha256	rights	origin_boundary	localization	replay_status
canonical_section_span	repo/ch_probability/TeX/ch_probability.tex#bytes=93217-99875	6658	95bef1328565aa35c6f545d284e7fedeb59e4b40aa08a4a427b813c249e8d83a	CC-BY-SA-3.0	upstream/admitted	text_required; asset_not_applicable	PASS
canonical_direct_input	repo/ch_probability/TeX/sampling_from_a_small_population.tex	3969	896af1ed6914b13013a1a18ebba09ba14b74cf925dbccf49e2b260f25d8e5e6e	CC-BY-SA-3.0	upstream/admitted	text_required; asset_not_applicable	PASS
rights_evidence	repo/LICENSE.md	2612	9bd77ff3e58e0b7f1331824b8195d4cf588851a6461cc3230d12410da7935223	license-text	upstream/admitted	not_applicable	PASS
authority_evidence	backend/exports/evidence/R011-B010_SOURCE_QA.json	9189	55278e10495863e9e386269ba57f659a1b6e9f3000dcb063b4a30c59dc6cf4ab	generated-evidence	R011-B010	not_applicable	PASS
exact_section_witness	scratch/b011-assets/witness/en/ch_probability/TeX/ch_probability.smallPop.span.tex	6658	95bef1328565aa35c6f545d284e7fedeb59e4b40aa08a4a427b813c249e8d83a	CC-BY-SA-3.0	mechanical-extract	preserve_English	PASS
exact_input_witness	scratch/b011-assets/witness/en/ch_probability/TeX/sampling_from_a_small_population.tex	3969	896af1ed6914b13013a1a18ebba09ba14b74cf925dbccf49e2b260f25d8e5e6e	CC-BY-SA-3.0	mechanical-copy	preserve_English	PASS
exact_license_witness	scratch/b011-assets/witness/rights/LICENSE.md	2612	9bd77ff3e58e0b7f1331824b8195d4cf588851a6461cc3230d12410da7935223	license-text	mechanical-copy	not_applicable	PASS
closure_readme	scratch/b011-assets/README.md	2885	806ab2f50c6f677f105d6c0822776089d609ddf582c56d962b0b459f9ec5a492	generated-metadata	R011-B011	not_applicable	PASS
replay_generator	scratch/b011-assets/tools/freeze_b011_assets.ps1	24276	d86a861c9ba522208bda161708396c22a03ebc2cc896be0b71ebc06558599206	generated-tooling	R011-B011	not_applicable	PASS
