40	page-040.png	48605	f9de129af725fbc1aefa0f5de4febc5f223bfcd68d275287547e242b361b8591
41	page-041.png	113653	02f96c145818e028351c94567d89b36f4ab7b1390bebd8cad6069f1bd424a646
42	page-042.png	277553	0cfa0da01ef48b702a84a5bcc7a431f83468c77f60a2b93a869072d31a7edf5e
43	page-043.png	276969	508cab9082b46f66e9598c32966e17a9fb1938d55307a995bac275c76a5791df
44	page-044.png	268732	215e938560cf6f6197b11ce602bb8ea04507d8be0d8fae1b7f6d7b1f69051149
45	page-045.png	289964	84ac94b9b585458ad4bdd01868360252f9bf2aaed7543b1263edaf46ea241177
46	page-046.png	303828	84283f779729ccffcc13d01835c5d569c912fe1ec2f63d1f34624c19da0ec0f6
47	page-047.png	378137	0af7da2f872f6d0fc630515fb6a56273d8db72dd9e616f0f3c7a10ac24a59023
48	page-048.png	241741	f3ba98a094b9a7cf27dc412dbc211c7e10632564a13dee433bac4b848faf711c
49	page-049.png	334729	0b4b07dc7ee47275e24cbbaf29e02457f9d69c21ce19b454f62b04f5f426c26e
50	page-050.png	180679	804de8a877e564d51639b8c0f824fd2f6325037756081b4307a365fc04fc2876
51	page-051.png	365519	cadf0a333902683c3274feea786a5fd21efcf3779360b55663d35fa3ae323066
52	page-052.png	270592	350651606809606a5797a9399d48eba7c8191108bf30832c6bdf55ae57fc5916
53	page-053.png	273545	0f1494c7e343f795863fc5b7e21e80b47122865f3aaadf4fa17c17fcf602c95a
54	page-054.png	238167	b31bd925c1db92b3ba9034f0b1ee6cdc6f2e9cbd12b25e274061608bf04a95ba
55	page-055.png	464866	458c68f4a5f0b198795e7cc0b2c622a2318d945da74f9af3287ef189afad221c
56	page-056.png	448548	8458ebbc90f2d6f78223ad9f72f898a3931858358b0e01eb723d2cf7cf280961
57	page-057.png	346246	81c439c587b3bae6144a0ce158c218e5b4305f362e169bf4f5976cd1eb0b5874
58	page-058.png	240229	5d96043e5c585118371601ab9a99ef787c7a87db10ccaabde6da1f9cd5cdbb05
59	page-059.png	87320	f36f9460609e35d1efb89f59014eb348e2354e794d0c830d8f6954486cc592b6
60	page-060.png	277482	ba1eebd6f2e20e3a7a66d530f8c7a9976658e885a0b4f78412038dc999b6c7ac
61	page-061.png	348077	b7636b0158a41c2d36623eb4159d0f510b2bd447c64f8f013b336570f2ae65cf
62	page-062.png	271599	b266457fc0ee03121922d5a9977b1358ed5edf11a6b2500465b3c6e93b1124fe
386	page-386.png	560153	806ebfcd9a56753aa80e620f4f8f8006a822f503a270c247cf4ccd27b9974fbc
387	page-387.png	515551	a218249f6ef855ddf941b3232bb56c157e9a637033ee3e5e05195bc35df88e96
388	page-388.png	82045	cb0c0d41630036e9c82eed079eaa32dbc92cd4cf2b89ad3f831267f7b5711c6e
