asset_id	role	source_path	bytes	sha256	producer_or_input	visible_source_strings	proposed_id_ID_strings	localization_rule	status
R011-B007-ASSET-0001	reader_pdf	ch_summarizing_data/figures/malaria_rand_dot_plot/malaria_rand_dot_plot.pdf	4865	6e42bf561f3fa30f6b8f8b99e5bf098dcfaf48b2bb3ba08b8293e87b29c8f63d	R011-B007-CODE-0001	Difference in Infection Rates	Selisih tingkat infeksi	Keep simulation values, seed, points, axes, dimensions, and data tokens byte-semantically unchanged; localize presentation label only.	pending_localized_replay
R011-B007-CODE-0001	R_generator	ch_summarizing_data/figures/malaria_rand_dot_plot/malaria_rand_dot_plot.R	1321	5c0fc662699ac000942e8ba11f002714355f0ea771c777d26099533c56675a92	openintro; dplyr	Difference in Infection Rates	Selisih tingkat infeksi	Preserve seed=3, nsim=100, vaccine/placebo and infection/no infection data tokens, calculations, PDF geometry, and plotting parameters; change xlab only.	pending_candidate_generator
R011-B007-ASSET-0002	reader_pdf	ch_summarizing_data/figures/eoce/randomization_avandia/randomization_avandia.pdf	4618	69202b9ba715bdeba6f61b886890dfec11f56d3275eedca1239d68c7cab20787	R011-B007-CODE-0002	Simulated rosiglitazone cardiovascular events	Kejadian kardiovaskular rosiglitazon hasil simulasi	Keep counts, seed, histogram, axes, dimensions, and raw group/outcome tokens unchanged; localize presentation label only.	pending_localized_replay
R011-B007-CODE-0002	R_generator	ch_summarizing_data/figures/eoce/randomization_avandia/randomization_avandia.R	895	427f3c6b28cbf711af6d83546fd0d0f638ac6a68d8e82d92ad7f76c82fad80ee	openintro	Simulated rosiglitazone cardiovascular events	Kejadian kardiovaskular rosiglitazon hasil simulasi	Preserve seed=13, rosig/piog and y/n data tokens, calculations, dimensions, and plotting parameters; deliberately correct candidate N from pinned 100 to 1000 so the producer matches both reader-facing 1,000-simulation authorities; change xlab and regenerate/verify the histogram and alt description.	pending_candidate_generator_with_N_1000_correction
R011-B007-ASSET-0003	reader_pdf	ch_summarizing_data/figures/eoce/randomization_heart_transplants/randomization_heart_transplants_mosaic.pdf	4232	fade35f65205c0ca57b55382f03b68001552b50728100cdca9b79639feb4d9da	R011-B007-CODE-0003	control; treatment; alive; dead	kontrol; perlakuan; hidup; meninggal	Relabel plotted factor levels without changing source data, factor association, areas, ordering, colors, dimensions, or plotting parameters.	pending_localized_replay
R011-B007-ASSET-0004	reader_pdf	ch_summarizing_data/figures/eoce/randomization_heart_transplants/randomization_heart_transplants_box.pdf	5154	6173e5e80faa450b617fd495a5c0ddbf60aae28677af2f82269d0a4acdc7d8a5	R011-B007-CODE-0003	Survival Time (days); control; treatment	Masa hidup (hari); kontrol; perlakuan	Relabel y-axis and plotted factor levels without changing source data, statistics, ordering, geometry, colors, dimensions, or plotting parameters.	pending_localized_replay
R011-B007-ASSET-0005	reader_pdf	ch_summarizing_data/figures/eoce/randomization_heart_transplants/randomization_heart_transplants_rando.pdf	5748	fdbabbfc71cba4640572a3bf968fd5959e59bf61e67d77b2c6032609e1aed8a2	R011-B007-CODE-0003	simulated differences in proportions	Selisih proporsi hasil simulasi	Keep simulated values, seed, dots, axes, dimensions, raw factor tokens, and plotting parameters unchanged; localize presentation label only.	pending_localized_replay
R011-B007-CODE-0003	R_generator	ch_summarizing_data/figures/eoce/randomization_heart_transplants/randomization_heart_transplants.R	1819	406d7792ef004b04d0e6c2f7641ab9989a4af93f9aa719dafe7e10259b9be334	openintro::heart_transplant; R011-B007-DATA-0001	control; treatment; alive; dead; Survival Time (days); simulated differences in proportions	kontrol; perlakuan; hidup; meninggal; Masa hidup (hari); Selisih proporsi hasil simulasi	Create presentation-only factor copies or axis labels; preserve heartTr data, inference arguments, success/order raw tokens, seed=95632, nsim=100, calculations, plots, and PDF geometry.	pending_candidate_generator
R011-B007-DATA-0001	generator_input	ch_summarizing_data/figures/eoce/randomization_heart_transplants/inference.RData	180341	ae8de46d6fb0cfb867e691f544d3799a6c6133e8a560642d4fce5d83af6d15e0	R011-B007-CODE-0003	none directly reader-visible	none	Retain byte-identical; never translate or rewrite serialized statistical objects.	retain_byte_identical
