id,artifact_kind,path,bytes,sha256,result,rights_component_ids
03b21ef5-0e1d-5053-b620-202b25562397,adverse_event_ledger,backend/exports/evidence/R011-B004_ADVERSE_LEDGER.jsonl,21807,1f1bfecbceded49df89d4ebcc9503c33d6fb2e6689638c5b6fe4317cea1949dc,verified,[]
04d09784-c6dc-5b3c-9a0f-450596a9adc2,same_renderer_source_target_contact_sheet,qa/b006-assets/B006_ASSET_MUPDF_SOURCE_TARGET_CONTACT_SHEET.png,1374921,221a3dd6513f7cb94a042d1240c7ec062247a1e0c5685f71be1eb4d1ed6b9063,passed,[]
096f1aa6-64b9-5033-819f-1ca149b78e5d,visual_qa_manifest,qa/b004-render/final-v5/FINAL_MANIFEST.tsv,1634,973b07f9943622c2b75f76b301fbbb4e05bad366efc4e206e71b548a7f0b1cff,passed,"[""18223f28-a74d-5f9f-a586-6c3ab2bbef1f""]"
09712044-6ab6-5c5e-bf51-e5aac6c2e425,asset-localization-qa,qa/b008-backend/exports/evidence/R011-B008_ASSET_LOCALIZATION_QA.json,2657,310d01b61a6f77e613dcc3e77323f0675d136bf12fafa0f9992a6511cc599f4d,exact B008 source-stage evidence,[]
09722a1c-a704-572f-bb98-ce3e6c4ec34f,canonical_source_application_receipt,qa/b007-backend/exports/evidence/R011-B007_SOURCE_APPLICATION_RECEIPT.json,26533,1b0429aa37617e021fb77d1ede777347dbb5df24cba79ebda60da521d3ee3187,exact_receipt_or_stage_input,[]
0b56b8b4-8012-5a8b-b3de-7d2ad9a60991,visual_qa_manifest,qa/b007-backend/exports/evidence/R011-B007_RENDER_MANIFEST.tsv,2019,895e6ff19e786153ae03cc9397f21bb3629beece560d727c35af29887d5c9748,exact_terminal_gate_input,[]
0b8dd541-d571-5e85-ab95-3e84492925f8,final_v3_source_qa_receipt,qa/b008-backend-final-v3/exports/evidence/R011-B008_SOURCE_QA_V3.json,6896,8fd911d8ac4164a51c44d52ce62a3277ac4f63aa2aaca4437f244550f7223a8a,Exact terminal-V3 source/build/visual binding; no admission or promotion performed.,[]
0f0732d3-fee9-5ac9-9a66-1ec98cfff45b,rejected_build_qa_receipt,qa/b006-backend/exports/evidence/R011-B006_BUILD_QA_V2_REJECTED.json,2066,9792c0fc177e652889575c7ffdfcbbe503fbabca08e53224a8c52f39c42c7188,passed,[]
110a135d-8a35-52ba-91ad-b5a137de6a84,backend_stage_validator,scripts/validate_backend_b007.py,45315,425ef4cfefc0661c9c2ac059721ebca65f92bd68cdd76d55fa5367d6308d077b,exact_tool_identity,[]
13b4086b-1101-531f-9813-f90e43eae635,component_rights_control,qa/b006-backend/exports/evidence/R011-B006_COMPONENT_RIGHTS.csv,9999,009feba8ff1f329ef742793f55f6b090dd08f3f761f9b9cc1edcbe03ecff58f0,passed,[]
16e7e07b-3043-56fc-a620-2dc26cf52271,source_asset_localization_manifest,qa/b007-backend/exports/evidence/R011-B007_ASSET_LOCALIZATION_MANIFEST.tsv,4455,15f480fd087bf8564ef61ce1010d4a9a545eaaf8fcaaf740adccf7225152cae2,exact_receipt_or_stage_input,[]
18ebc8e2-711c-51fa-a05c-1b5628febcd9,prefinal_backend_manifest,qa/b008-backend-final-v3/exports/evidence/R011-B008_PREFINAL_BACKEND_MANIFEST.json,26449,414fff8f9aac0a9fac80cc4a3ead0a848d8322a15ac9920f677b6712c307b995,Exact immutable source-stage manifest extended by this final-V3 stage.,[]
1dde1858-e5d4-51d7-ad14-a5ad459c7bcb,exercise_answer_figure_closure_receipt,qa/b005-backend/exports/evidence/R011-B005_EOCE_CLOSURE_RECEIPT.json,41724,ffe3b4465c26428321fff32b983b3519153194884524316ec32f6d273aa61278,passed,[]
1ec1aaa9-18bf-5a0b-9cc1-d4b816e88d0a,exercise_answer_figure_manifest,qa/b005-backend/exports/evidence/R011-B005_EOCE_CLOSURE_MANIFEST.tsv,3602,c7fbe119e10b59d7a759c07b796a26073aaa07eeb45c7a31e921a7d69cc74f78,verified,[]
20c55269-f147-5d0e-98d2-229fff066792,visual_page_locator,qa/b007-backend/exports/evidence/R011-B007_PAGE_LOCATOR.json,1503,80ba13a304b6db2384aa4f60718f710677ab396aea5d24ba8a766fb91d628e4b,exact_terminal_gate_input,[]
215089f5-4408-584f-afe2-f10cdc9df494,figure_replay_receipt,repo/ch_intro_to_data/figures/eoce/county_income_education/REPLAY_RECEIPT.json,5013,d5a4d40231a97a7bd85a4ba79756c0acfe593ada60635aeebd79767fa69a5779,passed,[]
21e59229-46d4-5d01-99f2-a4ab151c1ee8,rejected_build_qa_receipt,qa/b006-backend/exports/evidence/R011-B006_BUILD_QA_V3_REJECTED.json,2408,717e987c26fb76783ba612563790faed06f16791ba2edb369022eedb0ac7a5d9,passed,[]
231de4a4-f904-50d9-bcb4-ec725d0b436b,localized_first_boundary_pdf,output/pdf/statistika-berbasis-data-batas-R011-B001.pdf,21744453,2456c42f120cb86df3d8f8d67f79460300cdd4225587809747033f6df21b522e,built_verified,"[""18223f28-a74d-5f9f-a586-6c3ab2bbef1f"",""947b6c3b-ce48-5326-b7af-6571830020d4""]"
241eb1a0-741e-574c-9efc-e28ccf4ba0c4,production_decision_log,00_control/DECISION_LOG.md,7691,37948f620c588007180bba698f2f02235ae6ba23f2c817ab44fc99aa4650467a,verified,[]
244ca6d6-0dfc-5813-85ab-8f86bf44223b,visual_qa_manifest,qa/b006-backend/exports/evidence/R011-B006_RENDER_MANIFEST.tsv,1500,dd0a15cb79c3e4e3b5d89944d1fc275716d72732d8824fd4d3fe6c96fd413588,passed,[]
256a2feb-4814-5c0c-ad60-6215210f5ccf,same_renderer_source_target_contact_sheet,qa/b006-assets/B006_ASSET_POPPLER_SOURCE_TARGET_CONTACT_SHEET.png,1349643,56b55ada23a7516c04992ec3ff14a7599011569ffa028cae513be5f14cbc8047,passed,[]
27323993-c63c-57ac-ba90-5e0b9457ab94,layout_repair_receipt,qa/b006-backend/exports/evidence/R011-B006_LAYOUT_REPAIR_RECEIPT_V3.json,11120,fd3e6048d0e68b6e6287463f7d85f686a33f0770f59bb1c3d5cdd9445e6b59be,passed,[]
28ce46a7-42a7-50ec-b790-a77782c5fb9f,target_tree_manifest,qa/R011-B004R_TARGET_MANIFEST.tsv,168181,1ced0106cc97e8a563e37e4317868d76eec95e9aed06b5dc91e5e05038874e0f,verified,[]
2a12255c-3b61-54fd-8568-725f927e95d1,admitted_target_file_manifest,qa/R011-B002_TARGET_MANIFEST.tsv,166967,52049fc27fe741e7a40a310e4693b1098f1ae411b8ccd7182eed076b69b05465,verified,[]
2a184703-0be7-582e-b94f-30fa3748a581,rejected_visual_findings_receipt,qa/b006-backend/exports/evidence/R011-B006_VISUAL_FINDINGS_V2.json,2396,6221077b007c1357e4524fdefc1719cd4beedeea4a363d5919e012a7ceea950c,passed,[]
2b7a4f4d-c86e-5ff2-9a10-462bd175fe40,adverse_event_ledger,qa/b005-backend/exports/evidence/R011-B005_ADVERSE_LEDGER.jsonl,27918,a0cd7dfd237db77029f7931a7553f3f2474b3c139cd991b57ce69c401a37c5b8,verified,[]
3000d4b8-00fc-587c-b905-149e1e1b0d75,visual_contact_sheet,qa/b004-render/final-v5/CONTACT_ANSWERS.png,1641463,6b74f1735a4fb2f88830b44725a9f67e8b1a8854a5160dec210b938a2869e87f,passed,"[""18223f28-a74d-5f9f-a586-6c3ab2bbef1f""]"
324dd47d-66dd-5406-91f7-4bdde6ea22ba,final_v3_root_visual_audit,qa/b008-backend-final-v3/exports/evidence/R011-B008_VISUAL_AUDIT_V3.json,3085,f66bf2cceef66e2b83061fad87a6817719bf2feb9cc6ec6f06718750fb9bdbdc,Exact terminal-V3 source/build/visual binding; no admission or promotion performed.,[]
32c06366-018e-5689-9052-8c9b3190196e,final_build_qa_receipt,qa/b007-backend/exports/evidence/R011-B007_BUILD_QA.json,1941,7e113f6f7bf083265fb67843ecd7458ac945b54be88a3eb8eadee66397d3854d,exact_terminal_gate_input,[]
342c2dd5-2a34-56c0-85f8-448c2df61ee0,localized_asset_validation_receipt,qa/b006-backend/exports/evidence/R011-B006_ASSET_VALIDATION_RECEIPT.json,8001,3c9843944b53e7791fc0998f625dc31d6adcc63250fca4fe9d34f4cd1bcd4582,passed,[]
361ba560-73be-55ac-ad7c-561031312d73,localized_asset_output_manifest,qa/b007-backend/exports/evidence/R011-B007_ASSET_OUTPUT_MANIFEST.json,8696,8682e2ff4a761f55abc260915cfec59881f04ef61d76a60c983699d5e09fd524,exact_receipt_or_stage_input,[]
3651e236-ba79-5580-9490-78250d7399a7,adverse_event_ledger,qa/b004r-backend/exports/evidence/R011-B004R_ADVERSE_LEDGER.jsonl,23542,4071f912d13af57825a06a63ecc0791f38461318f8536de38f0637df4e1caaf8,verified,[]
37e4891f-c5ac-59c0-bc4c-86b7e9935ca5,deterministic_qa_script,scripts/qa_boundary_b004r.py,25775,7aadbcecb507c72fa6b797f4ad9ae48f530fb2471716bfca635063ac9b6dce33,verified,[]
38014611-7d72-5a4c-8d8b-4a043431d56a,exercise_answer_asset_projection,qa/b005-backend/exports/evidence/R011-B005_EOCE_ASSET_ROWS.tsv,4559,96465e04344cf03bc73a50af4262e50b2e9e7ac82ac65a5df38682a4af0579c3,verified,[]
3986bb47-f7ce-5c77-8d68-7f8eec193be9,canonical_asset_promotion_receipt,qa/b007-backend/exports/evidence/R011-B007_CANONICAL_ASSET_PROMOTION_RECEIPT.json,19032,5594452b1fca3bed7b8f4b97ee0c33af67dfd1f18aff7458c9512a66c85d6ae1,exact_receipt_or_stage_input,[]
3a33e542-e03a-546c-a9c4-eb1caddb846b,terminology_control,backend/exports/evidence/R011-B004_TERMINOLOGY.csv,5604,def32760d8db8877e6adf64cff28d3da5671ced0069d49ec63eb36861b81274f,verified,[]
3c0dbea8-8c20-5b25-8c47-e0d03adbff09,isolated_candidate_manifest,qa/b007-backend/exports/evidence/R011-B007_CANDIDATE_MANIFEST.json,5484,ede9a93032d6f3c702ad4bb5add099508de508aba84be22ca0455f0172504e66,exact_receipt_or_stage_input,[]
3c7b35cb-6d4d-593f-83fb-823f691fe6c9,localized_boundary_pdf,output/pdf/statistika-berbasis-data-batas-R011-B004.pdf,21550787,2289191ca7dcb55a84f699e13bd6d3a910bb82022d7f9cdb83a8e6137b897970,built_verified,"[""18223f28-a74d-5f9f-a586-6c3ab2bbef1f"",""947b6c3b-ce48-5326-b7af-6571830020d4""]"
3d932ab3-e2e4-5fd7-9717-ca5c2ad5abef,canonical_source_application_manifest,qa/b007-backend/exports/evidence/R011-B007_SOURCE_APPLICATION_MANIFEST.json,27428,7f8943fc8d02e4f9502f9235fcb0160b9326261e8faf0b8099d8138595277496,exact_receipt_or_stage_input,[]
3e6a1471-1a27-56b5-9eb7-6ea4178af062,layout_repair_receipt,qa/b006-backend/exports/evidence/R011-B006_LAYOUT_REPAIR_RECEIPT_V4.json,9800,e969de593a0504cdeba1ca5fa8e9c76e096b2c4a5d64d0d90f466845df12d3e9,passed,[]
3f9af38a-7c33-5819-9144-606cfef1cb17,candidate_build_qa_receipt,qa/b007-backend/exports/evidence/R011-B007_CANDIDATE_BUILD_QA.json,20331,64a3c433a4a6bce3ea335fb1ec51f952851929e9230ea084bfa758a0dd5f8151,exact_terminal_gate_input,[]
40610e1f-5d39-55ba-98f4-a700a5405f79,prefinal_backend_validation_receipt,qa/b008-backend-final-v3/exports/evidence/R011-B008_PREFINAL_BACKEND_VALIDATION_RECEIPT.json,6113,3701dcb70882227e1f3235557731eef847c3439d03e3616c92ef949b08491724,Exact immutable source-stage validation receipt.,[]
40ec59da-6e69-5766-8e33-bfa43c14a4b4,visual_qa_manifest,qa/b004r-render/final-v5/FINAL_MANIFEST.tsv,795,cc1ba02487466d328d3beb8f69c847b50f56afeef6ac4f9ed612e644e2d2c8df,passed,[]
426833ed-2370-5875-b2d9-d967781be7aa,build_log,qa/b006-build/final-v4/main.log,494501,9ca2696c1ab5995c26e48699db6bd25c7db46ad915b7ac3007249f4d25348cd8,passed,[]
439e43f0-f9d3-54e9-aa33-d1a6bc0b2d8c,terminology_control,qa/b004r-backend/exports/evidence/R011-B004R_TERMINOLOGY.csv,5604,def32760d8db8877e6adf64cff28d3da5671ced0069d49ec63eb36861b81274f,verified,[]
43abfd70-2b79-5810-b953-f750c99f77f3,build_log,qa/b005-build/final-v9/main.log,493067,035d6e138dbf23c68fa7d3d23241fdaa93e5ac4e9ba684cbd83a5573ad4d5202,passed,[]
46a28c4f-8770-5d84-b8a7-a0c4b5947a2c,boundary_source_qa,qa/R011-B002_SOURCE_QA.json,5635,93ae056dd24c4eac0657441a7f2310ca2f4f8a169d554140cacec557af1abfb2,passed,"[""18223f28-a74d-5f9f-a586-6c3ab2bbef1f""]"
4a5ff86c-6527-58df-8555-c3951b5d223c,accepted_source_identity_receipt,qa/b005-backend/exports/evidence/R011-B005_ACCEPTED_SOURCE_IDENTITIES.json,2731,c010ab54a3ddafd96162e252f6cc3f8d04f74e7516c4469cfabc792cd8f45ecc,verified,[]
4b823619-a691-56e0-9c8c-d4bedc3a46c8,deterministic_build_gate,scripts/qa_build_b007.py,21307,43991ce4dcd0e45bf488645e4f5b1d7be32703a1966fdacf16df02316cef14c1,exact_terminal_gate_input,[]
4bf15818-39e1-5661-90f0-0441a9696d46,canonical_source_gate_qa,qa/b007-backend/exports/evidence/R011-B007_SOURCE_GATE_QA.json,3370,677921acb28e9da034c4c40fc78a7367162ceaf1d986a8bdb0f29977aa237294,exact_receipt_or_stage_input,[]
4dc3eefa-ce78-55b9-9dee-e0695b86b4c3,source_qa_receipt,qa/R011-B004R_SOURCE_QA.json,12364,65ec13a9312aee5d27cbadddf4efb44432a29875998d690397d99ffdc8b73b66,passed,[]
4fedbd9f-c909-5065-99b3-70054a93a1cb,source_qa_receipt,qa/b006-backend/exports/evidence/R011-B006_SOURCE_QA.json,51559,524852f1e21939d8a0ced8ab5d79f1a74d0bbf552ca06f0ce252082f30a4c918,passed,[]
50067952-9adf-5f9c-b112-4a3d6ee55b58,visual_contact_sheet,qa/b004-render/final-v5/CONTACT_FRONT.png,1003041,b6f9a20dc083da16a5b3f609d4206bb78b9f306b8fa209a3f167b974f2eea2a7,passed,"[""18223f28-a74d-5f9f-a586-6c3ab2bbef1f""]"
5097fc10-5624-5b67-a392-3a1299938746,component_rights_control,qa/b004r-backend/exports/evidence/R011-B004R_COMPONENT_RIGHTS.csv,7908,fb03c23f1990224574c088215786ebcbe3232b5bab867bf253c8277ddb0842b4,verified,[]
51208284-e6b5-5bb8-8e03-858b5e169482,admitted_target_file_manifest,qa/R011-B003_TARGET_MANIFEST.tsv,167324,8de42dbd11c745e3d0fe9c5cd8214deb0bad53d01ec74d267dddd5c2b40f1c32,verified,[]
53ac33b1-9baa-5066-8bf2-c5863b9b846d,preapplication_manifest,qa/b006-backend/exports/evidence/R011-B006_PREAPPLICATION_MANIFEST.json,3983,d6e832dc0519892bf29cb94672c7210b4886425666b36947f42883d355e73965,passed,[]
58cd7c9a-6dd8-5568-8a8f-60b7895a2046,rejected_visual_findings_receipt,qa/b006-backend/exports/evidence/R011-B006_VISUAL_FINDINGS_V3.json,2150,4126d7612063aa9497bdaaa1d0526087160ed266398c223dffbf31042d3585b3,passed,[]
5ba54352-87a5-5dcd-87c7-e2964ac7ae1b,figure_replay_receipt,repo/ch_intro_to_data/figures/eoce/seattle_pet_names/REPLAY_RECEIPT.json,7145,b4504ba5bf17eeaad3927cf5c2d6262c655180bb8253c3bafae717ed040418f9,passed,[]
5e20bdb5-b2b8-560f-b832-9c6d448d1046,terminology_candidate_table,qa/b007-backend/exports/evidence/R011-B007_TERMINOLOGY_PROPOSALS.tsv,2765,e4ce0fbd6bcb5c40fab80d4bf221e3f90e27f796595039afa18dd1b1d8062390,exact_receipt_or_stage_input,[]
5e34e4aa-ebad-532f-a819-7bb1e1724c1f,final_v3_build_qa_receipt,qa/b008-backend-final-v3/exports/evidence/R011-B008_CANDIDATE_BUILD_QA_V3.json,17044,5d176e4275dbc41951797a043bb9270a09357ae31418868904d903939ff5beca,Exact terminal-V3 source/build/visual binding; no admission or promotion performed.,[]
5eebc033-7339-5eb8-974c-653a432e70f5,isolated_candidate_overlay,scratch/R011-B007-candidate/extraTeX/eoceSolutions/solution-25.tex,2271,4b67495bae085d8826fe976d6ab13bce570e57830fd3752174658b145476fee0,exact_receipt_or_stage_input,[]
630b5f08-d86a-5ce4-b5d1-d57c8ba58071,candidate-freeze-receipt,qa/b008-backend/exports/evidence/R011-B008_CANDIDATE_FREEZE_RECEIPT.json,14343,f21542f103e7011d15ad41818428aa41faf5c61a6ce0882f7a155331d96cd999,exact B008 source-stage evidence,[]
6546c0fc-0ba8-5a56-9479-a23faf45161f,asset-machine-qa,qa/b008-backend/exports/evidence/R011-B008_ASSET_MACHINE_QA.json,2897,5fc800c025025a25e04d8d7b427f45fe595f92aa7818f302dc91115307c71ca3,exact B008 source-stage evidence,[]
687a85de-f2bd-51d4-8011-792be6cfab01,pdf_text_extraction,qa/b003-build/final/main-final.txt,1587243,06745ab8348c2023ecd1c47454c5fc02062c2c7d8a119393ab7f5473eda8e7e3,passed,"[""18223f28-a74d-5f9f-a586-6c3ab2bbef1f""]"
69766a93-7e18-5e0a-881f-cd49aaf7e84d,localized_boundary_pdf,output/pdf/statistika-berbasis-data-batas-R011-B004R.pdf,21982189,8fe971ed49d4e4f54fbd1aa37c82b093d03608ca345f95bda423b57f326d6c97,built_verified,"[""18223f28-a74d-5f9f-a586-6c3ab2bbef1f""]"
6fab0ad1-7c73-5dfa-9658-082ea1f91cd5,build_log,qa/b007-build/final-v8/main.log,495076,66fc93d9953425f9dd24c435c7f3fe3bf5f38655431aad647573f53fba5b0261,exact_terminal_gate_input,[]
6feaea20-6c3d-534b-9173-b62ad34199d3,backend_stage_validator,scripts/validate_backend_b008.py,24674,b60cecfd9cf200e09941355dd01774020fdd094092da8b6d357a029070ae29d1,exact_tool_identity,[]
709098a9-a3ff-5a18-a832-c96c04e29fa9,component_rights_control,qa/b005-backend/exports/evidence/R011-B005_COMPONENT_RIGHTS.csv,7908,fb03c23f1990224574c088215786ebcbe3232b5bab867bf253c8277ddb0842b4,verified,[]
729ec3dc-17e7-5b98-9b68-3dc7feb49ac3,build_log,qa/b004-build/final-v5/main.log,491440,727757a328e4bc455e14d2db9733e102a263a778a2a69db5021f857fff6a52d0,passed,"[""18223f28-a74d-5f9f-a586-6c3ab2bbef1f""]"
73568ab6-f263-5f6c-9baf-a56bcfc5056f,source_correction_candidate_table,qa/b007-backend/exports/evidence/R011-B007_SOURCE_CORRECTIONS.tsv,3650,f0a79b99f7d770406856a750b2041ed42e98bd18a695906bd095abc689df2474,exact_receipt_or_stage_input,[]
73771cad-b3ca-525b-9dba-b5fa2d5cf993,localized_asset_replay_receipt,qa/b007-backend/exports/evidence/R011-B007_ASSET_LOCALIZATION_RECEIPT.json,8207,5021a0591cbea58e302b8962b89186b170a6830e953ddae7360abec58e919941,exact_receipt_or_stage_input,[]
7464a07d-2012-5c56-8220-a2b5daf435c8,admitted_target_file_manifest,qa/R011-B004_TARGET_MANIFEST.tsv,167625,4004ca2779f6804b664df9aa5454f083597d36c1f897b452b463ab028c256c1d,verified,[]
7568b2e3-79e4-5b0b-a94f-8401598e9612,semantic_audit_receipt,backend/exports/evidence/R011-B004R_SEMANTIC_AUDIT.json,2795,9af2390c17c37b0c0739c8128963a6024a3abdaf960abec25d8824926e9e5830,passed,[]
7574fe14-ec97-5911-b9fd-6f1fd37a177e,visual_qa_manifest,qa/b003-render/final-v3/FINAL_MANIFEST.tsv,2318,aa913079bb455f765b9f383f46133c21db70db8b2e30d95154121923bd3231bb,passed,"[""18223f28-a74d-5f9f-a586-6c3ab2bbef1f""]"
7666cfe2-2ef9-54c7-90e4-e43f8ca212dc,adverse_event_ledger,qa/b006-backend/exports/evidence/R011-B006_ADVERSE_LEDGER.jsonl,36030,04032e0f4486268d99d809333779fd450d4062d376149ca0945f34e24f8af7c3,passed,[]
7725da2f-883b-5b2b-b29d-d0df00db8e02,localized_boundary_pdf,output/pdf/statistika-berbasis-data-batas-R011-B005.pdf,21976542,1b325e6966d8c827c4580769231d637b2f58885cb7c850940ab7c31ce1178dc5,built_verified,"[""18223f28-a74d-5f9f-a586-6c3ab2bbef1f""]"
7919087d-9454-5cc1-9e7e-1cb8e257ed46,component-rights,qa/b008-backend/exports/evidence/R011-B008_COMPONENT_RIGHTS.json,3637,708d3077b646d4f68f6226ffd7eec5ad24f4500a40449eeaf6f394a319d44b18,exact B008 source-stage evidence,[]
7efa3115-a51c-5ffb-b585-c22df39e3027,production_decision_log,00_control/DECISION_LOG.md,7691,37948f620c588007180bba698f2f02235ae6ba23f2c817ab44fc99aa4650467a,verified,[]
802b1c0a-b2ab-578e-9f7a-fba25cfe1b88,final_v3_localized_source_member,qa/b008-build/source-snapshot-v3/extraTeX/eoceSolutions/eoceSolutions.tex,108110,2b2709d17fcca943dde69288726a669fd978f576957518142e24c5aa2e86c140,"Exact member of the 1,206-file V3 source closure.","[""18223f28-a74d-5f9f-a586-6c3ab2bbef1f""]"
80ecc26b-a26d-55fb-b8ec-741e7b128558,localized_figure_replay_manifest,repo/ch_intro_to_data/figures/B003_FIGURE_REPLAY.json,11209,e216b01bc584ef23d26ca36940fe159c4a577ecf897e53cfe4342dc9f8693741,passed,"[""18223f28-a74d-5f9f-a586-6c3ab2bbef1f"",""0f82ea30-16ac-53ad-afe5-d62667bc819b"",""8f2b2a12-f8f5-5921-b118-caa59aff6bfe"",""328e0168-0cda-50d4-bfc4-3f3e8d555983""]"
841f68d2-9ccf-5af0-98df-193bec67b9ac,post_build_repair_receipt,qa/b006-backend/exports/evidence/R011-B006_REPAIR_RECEIPT.json,12510,145f3b47954a03999d3695e2dbd3206717dd89af76ea8aaad63974e431321492,passed,[]
8474c291-c36a-52a5-ae26-1144edbc5a5d,localized_boundary_pdf,qa/b008-build/final-v3/main.pdf,22017328,8aa8e6ecc3edc2a33ee8d83a586c6208e49966582b2fc439c8b3007470f32800,Exact terminal-V3 source/build/visual binding; no admission or promotion performed.,"[""18223f28-a74d-5f9f-a586-6c3ab2bbef1f"",""dcb6045a-d312-5c28-89d2-7815d24f6c5f"",""ad9e486b-0334-5b9e-997e-77e18593aaea""]"
86136ccc-cdd4-5403-9ddd-d2885ac7a7bb,final_v3_source_manifest,qa/b008-backend-final-v3/exports/evidence/R011-B008_SOURCE_MANIFEST_V3.tsv,175582,743b4906fad27bad1adfcb331566517314a93602d6df3c3cc279aa56a88745f4,Exact terminal-V3 source/build/visual binding; no admission or promotion performed.,[]
89fa0fd2-f07a-5eed-a1b6-952860ca110a,boundary_source_qa,qa/R011-B003_SOURCE_QA.json,7857,226ec57d9d8bfab8741f4dcd391c4cc4d88510d77d9896bcbbdf7303efbf54ce,passed,"[""18223f28-a74d-5f9f-a586-6c3ab2bbef1f""]"
8d720572-25dc-5f54-bec0-cfea49e6407f,exact_final_input_manifest,qa/b006-backend/exports/evidence/R011-B006_FINAL_GATE_INPUTS.json,2636,d5ada1fe959740672a0e83957579b08f39be62a44e61843bd11bf89ef27bc6db,passed,[]
92f86b7d-81ce-5927-b7ae-864345c8142e,deterministic_build_pass_console,qa/b004-build/final-v5/console-pass4.txt,102311,b792310d8b40e6897f17b66f3c65de3c75eb4071a7a47e03dff91f7031f53266,passed,[]
939f1132-c085-53b3-b199-907ba7434561,visual_audit_receipt,qa/b006-backend/exports/evidence/R011-B006_VISUAL_AUDIT.json,7747,749f1210fa3c760abc18c984a2e1cb519c43b455d54bebc2cb3b173f67602e2c,passed,[]
95549576-576f-5ec9-8f1f-02e4c2fdbb7b,boundary_source_qa,qa/R011-B004_SOURCE_QA.json,19349,b0cc884ce7605a1c6635fa113705eded579982a275a1feeb37f38e917dc19664,passed,"[""18223f28-a74d-5f9f-a586-6c3ab2bbef1f""]"
95b1bb08-79b4-5887-8077-3647658b08cb,exact_final_input_manifest,qa/b007-backend/exports/evidence/R011-B007_FINAL_GATE_INPUTS.json,2357,88079f52ecb077ea38791c379e904ddc6cd5f5dcce26f90a3703ea2e8957fe00,exact_terminal_gate_input,[]
9c76dea1-f87d-595c-8035-28f7848cacec,terminology_control,qa/b005-backend/exports/evidence/R011-B005_TERMINOLOGY.csv,9429,09fe9ae2eb86dc06f9a64879785556c5ee8e8a9382451769a1f5d0bb03becebd,verified,[]
9d7299b8-eaa1-5494-b85a-234affc74745,isolated_candidate_overlay,scratch/R011-B007-candidate/ch_summarizing_data/figures/eoce/randomization_heart_transplants/randomization_heart_transplants.R,2197,09f1c91a858448c38dd8ce04263f085bbd2d74ed74b472e6ed40a202e3dd3704,exact_receipt_or_stage_input,[]
9e5421ef-052a-5c86-af50-cf9ce5a60bb0,application-receipt,qa/b008-backend/exports/evidence/R011-B008_APPLICATION_RECEIPT.json,8626,82d2cf0740e01da50e8dd09821a876bea97163380ef42b75939beb791b827fed,exact B008 source-stage evidence,[]
9e7216fe-6d0a-56fd-b66d-aa2193a8c9a6,semantic_audit_receipt,qa/b005-backend/exports/evidence/R011-B005_SEMANTIC_AUDIT.json,28821,62983d4f56fb178e94e043d67d3cc0bcd95108654d9e1bbfc44b762663b7a190,passed,[]
9eff519c-1987-538b-b1ab-003e34d46c40,terminology_field_usage_human_note,qa/b007-backend/exports/evidence/R011_TERMINOLOGY_FIELD_USAGE_QA.md,2312,2b1de3fbd1681532e45c0d47e72a779a9f6a55bb75e257b9e7c9e83dc094f4af,exact_receipt_or_stage_input,[]
a09235bf-9881-5cdf-81d2-688caaac0d69,preflight_report,qa/R011-B004R_PREFLIGHT.md,7184,4a95c87c7f3209121c9d0a9340a3936e3c55de900e305b47277fcc5abe687817,verified,[]
a14e923f-19e6-57f6-a5a9-49086a431a19,application-manifest,qa/b008-backend/exports/evidence/R011-B008_APPLICATION_MANIFEST.json,29023,bc67d754419c3250601a1a2324834d5acf4819a238ea672c18e52c837f092ca9,exact B008 source-stage evidence,[]
a289051f-0676-59b5-bc40-89df4a806adc,terminology_control,qa/b006-backend/exports/evidence/R011-B006_TERMINOLOGY.csv,11279,622fa65372875784cb190619175750bcfbfa9600bcc4526f521019c39f093f7e,passed,[]
a30facea-19ae-5d4c-b272-3285e058072d,terminology_field_usage_qa,qa/b007-backend/exports/evidence/R011_TERMINOLOGY_FIELD_USAGE_QA.json,9629,e52e69e6bd64dd5078adbd63a82f7923a4d4ba1e5f14ceecec5a3d0a8108a9d0,exact_receipt_or_stage_input,[]
a3a5b4bd-ea60-5048-b331-e843aff90b7a,backend_stage_generator,scripts/generate_backend_b008.py,59736,7b4a4bc3b3822e9e1ddc20873c2a812cfc8ab0c97b0275999e6720f8f585e80b,exact_tool_identity,[]
a4ca9c2d-a283-53de-aadd-840990e757bf,deterministic_backend_generator,scripts/generate_backend_b006.py,127899,9ce44ac25138c868ece4a561b1c98d917bb6a702c3a0373cdc96ef536851395f,passed,[]
a6274037-3c94-5c6b-8d22-c816894b08bb,target_tree_manifest,qa/b006-backend/exports/evidence/R011-B006_TARGET_MANIFEST.tsv,173738,bdf80b178094d903305c8d5539d969db39502720bbe0e0d5e3735ca92e8a05f4,passed,[]
a69d803e-fdc3-5672-8519-aeb6dc29fa51,isolated_candidate_validation_receipt,qa/b007-backend/exports/evidence/R011-B007_VALIDATION_RECEIPT.json,6354,f0048c1e2dba146dd4b1f9767050f8a58e7db548c03b4ff8d66cd5ef628f9df9,exact_receipt_or_stage_input,[]
a82e5fff-f4d1-56f5-86e1-47ed4e183101,build_log,qa/b003-build/final/main.log,491311,d3a13ebd40522211d2839d2c91a77ab2c5dac2ba6ea85aa4c43106f14755da1b,passed,"[""18223f28-a74d-5f9f-a586-6c3ab2bbef1f""]"
a82f3a55-bbd1-56d0-af54-1971381ecfcc,deterministic_qa_script,scripts/qa_boundary_b003.py,38573,0e79442b12f1e7b56a9ebc853f78e058d30423138f6d575c8cb9391002ba2d7d,verified,[]
a8a23f45-0dff-5b16-9969-c4824145de1e,localized_boundary_pdf,output/pdf/statistika-berbasis-data-batas-R011-B003.pdf,21547628,21bada951ac8d7cd551e79a92d0e16fccec7d77d8c8cd78a23ea9babd78e6645,built_verified,"[""18223f28-a74d-5f9f-a586-6c3ab2bbef1f"",""947b6c3b-ce48-5326-b7af-6571830020d4""]"
aa21816e-c59f-5e89-a66c-b06c61122331,final_v3_independent_build_visual_record,qa/b008-backend-final-v3/exports/evidence/R011-B008_BUILD_ONLY_VISUAL_SANITY_V3.json,2405,09fca6423b19e1fd2014a982d687b06119a8203684dd8992c18a19edcd238d99,Exact terminal-V3 source/build/visual binding; no admission or promotion performed.,[]
aa2cd2a9-ce39-50e3-b3a5-f3251906ff57,rejected_build_qa_receipt,qa/b006-backend/exports/evidence/R011-B006_BUILD_QA_V1_REJECTED.json,15819,e649a2cbe71f4041b0684f8764b7297a5cbcbac4c8c78ed412a2e0b297806e16,passed,[]
aaff47af-e2c7-55ed-8845-fa8b7419ab18,backend_final_v3_generator,scripts/generate_backend_b008_v3.py,34032,1180a39aa74085d5cdb331ae65d3b36be6ac30fc53b5a5b6cd4f36b9b57ed6eb,Exact deterministic Python 3 standard-library tool identity.,[]
ac03f787-87de-580a-b5be-0ecd77f4bf13,build_log,qa/first-boundary-build/pass1/main.log,491155,8e9f20a63f66abf2bf36baaf3168535b83c01cca9c4b8a3c9aa9012418bed480,passed,"[""18223f28-a74d-5f9f-a586-6c3ab2bbef1f""]"
ad70c1d0-263f-5e60-ba3c-42e0d5d42376,asset-manifest,qa/b008-backend/exports/evidence/R011-B008_ASSET_MANIFEST.json,6187,c3e13050700be7e252ff3edea8a3cfbeef8a94cd3bff7676ddcba5cd77f375d8,exact B008 source-stage evidence,[]
ada4c926-e2d1-5b3c-a46d-f2f6a51c7267,final_v3_localized_source_member,qa/b008-build/source-snapshot-v3/ch_summarizing_data/TeX/review_exercises.tex,9363,91f393cf22afbace8f80626d50558809acc283417805e7aa814aecb2b0d32ae3,"Exact member of the 1,206-file V3 source closure.","[""18223f28-a74d-5f9f-a586-6c3ab2bbef1f""]"
aeb9c180-c43e-5d56-b223-9211409c42ef,extracted_accessibility_text,qa/b007-build/final-v8/main-final.txt,1583120,c1b6d1d777b3b89d7a70afa00f0429ce4e7a0b8e9bfbdd8ec17c87d84a564336,exact_terminal_gate_input,[]
b0d08f3d-fb5a-5b08-a449-d8df08680e1c,visual_contact_sheet,qa/b004-render/final-v5/CONTACT_BODY.png,2096058,f44c9aaac8ce4d0ea0180f3fd8f9db07de694a1a5d435441d941c2cbf908af9d,passed,"[""18223f28-a74d-5f9f-a586-6c3ab2bbef1f""]"
b88a3ec2-361a-5eb4-8a7c-81dab3c7c139,localized_boundary_pdf,qa/b007-build/final-v8/main.pdf,22017185,ca872ddbc2fb1cab5f6cdb2fe745a0711a315fef68ab2e72c7a11d1c633a5c1a,built_and_visually_verified_not_promoted,"[""18223f28-a74d-5f9f-a586-6c3ab2bbef1f"",""1cb61f55-b02d-5e63-989f-97603b9cadaf"",""d0455c5b-716e-5cfd-a80e-e0a653ad217c""]"
bb5e27b8-7d4b-5297-96d8-ac93d68dca45,visual_qa_manifest,qa/b002-render/FINAL_MANIFEST.tsv,2120,95c10f83c8100d1042cc6cda4dd0837ae763f3385e06639a0aea6460738ee054,passed,"[""18223f28-a74d-5f9f-a586-6c3ab2bbef1f""]"
bd884b26-4df6-58e6-84ca-bf8ed9f207ae,deterministic_build_pdf_witness,qa/b007-build/final-v8/main-pass3.pdf,22017185,ca872ddbc2fb1cab5f6cdb2fe745a0711a315fef68ab2e72c7a11d1c633a5c1a,exact_terminal_gate_input,[]
be4c2574-6541-5b65-9585-4d87cd830051,localized_asset_privacy_refresh_qa,qa/b007-backend/exports/evidence/R011-B007_ASSET_PRIVACY_REFRESH_QA.json,13841,58358d23440cb8d632a9efa800ae3236c275ba425ed5b3e8c580c30bba15db81,exact_receipt_or_stage_input,[]
bf078dc4-9152-5035-aa70-df6e2cd3c3ca,visual_qa_manifest,qa/b005-render/final-v9/FINAL_MANIFEST.tsv,2288,86cd933b3edc69167c5ee74bf6a492f12ad782ac8b2208a5ba462be3245a8eb4,passed,[]
c01a8832-9d52-5a4f-b39a-adc349272265,pdf_text_extraction,qa/b004-build/final-v5/main-final.txt,1585976,d8c9eef57debe299564f29347a5dd4a59d273df677b68e079891d1fdc6cc6eca,passed,"[""18223f28-a74d-5f9f-a586-6c3ab2bbef1f""]"
c1496077-475b-5e62-9d1c-35e28e026e66,source_file_manifest,authority/UPSTREAM_FILE_MANIFEST.csv,220851,a903668df126a827a3781c0587705e035d46af65762690d965fd6896c653a39d,verified,[]
cac6e960-8a0d-5a0e-8f6a-8c91414ab809,target_tree_manifest,qa/b005-backend/exports/evidence/R011-B005_TARGET_MANIFEST.tsv,171577,8e84e688c354757b52b081a0d79f848a6f9e651c339760f92cf3f123eabb6fe0,verified,[]
cc8222df-4990-5c5a-97e7-b0c58aa6ca93,visual_contact_sheet,qa/b007-render/final-v8/CONTACT_SHEET.png,961888,a088b211a037684ba5cfab6eb237b0cdc6343d5ee646ca078b14c7c871d4a95a,exact_terminal_gate_input,[]
cd6e25a4-b72d-568c-9a1d-2da548249c24,backend_final_v3_validator,scripts/validate_backend_b008_v3.py,28388,96a3e28f355a3b79435ab6654d19ba827f9303cf8e5e56da289a297cee7d33ab,Exact deterministic Python 3 standard-library tool identity.,[]
cd7d6940-e0d5-5258-bdab-007b55fb55f1,isolated_candidate_overlay,scratch/R011-B007-candidate/ch_summarizing_data/TeX/ch_summarizing_data.section-2.3.tex,16643,8ae0e019244eafd2d0a5d821864f695e57d8b78b08fe5aacbf3178bb77e83194,exact_receipt_or_stage_input,[]
cdc065df-4635-50b8-8fb0-d8b7658cfbdd,exact_build_snapshot_manifest,qa/b007-backend/exports/evidence/R011-B007_SNAPSHOT_MANIFEST.tsv,174617,a09e47b52b7b8d5eada0d9086777dcfd57b71339897b9ff0769c6d43fbb0b4c4,exact_terminal_gate_input,[]
cdcd634a-2688-5b5a-b095-d8b1847fa3a0,asset-visual-qa,qa/b008-backend/exports/evidence/R011-B008_ASSET_VISUAL_QA.md,2286,842ae9eb700ae6d8bcf294deac8d7574cc0256e377923e7259937157df2eff48,exact B008 source-stage evidence,[]
d37512b5-3760-55a2-9a0c-777d22e592c6,production_decision_log,00_control/DECISION_LOG.md,9485,e6f7a61752100ce8d70e9c3ca3b7e141d71828f64ace5c09ed91a5a21469dc29,verified,[]
d64e4bc3-b65c-5740-acdf-a9f979942897,backend_final_v3_writer,scripts/finalize_backend_b008_v3.py,3076,2cb67df32e921860adf295c316f64792ff81dd8b197731ab287949fb8d0a2fde,Exact deterministic Python 3 standard-library tool identity.,[]
d8463bba-5806-535c-9c4c-8941a33457d5,build_log,qa/upstream-baseline-build/main.log,50018,80d045dc929b0ef651873d86772fda89adbc9d2493fad99b59fddd385e3821fa,failed_no_pdf,"[""18223f28-a74d-5f9f-a586-6c3ab2bbef1f""]"
d89f0b96-59bd-50a5-a7b3-7a128ecd7836,localized_asset_manifest,qa/b006-backend/exports/evidence/R011-B006_ASSET_MANIFEST.json,20602,12df13ae4eeac43f492ec77efbe96d8470ffda0aeaf0c16265c879f4f1fb41ac,passed,[]
d91376bb-6a41-5092-99b9-6662f81b81ab,figure_replay_receipt,repo/ch_summarizing_data/figures/b005_prefix_replay/FINAL_RECEIPT.json,48751,64ff28b1333af238cf1b693a5d1984394ac5c9f0b8005818e505db2d448ab478,passed,[]
dc5dd113-9142-59e5-937d-f3313b47bd66,privacy_sanitization_receipt,qa/b007-backend/exports/evidence/R011-B007_PRIVACY_SANITIZATION_RECEIPT.json,98296,ae6ef9d1f9ea11a3dbbcb9f8559e860f81c42ce76f8d680605fc0482f1a96efe,exact_receipt_or_stage_input,[]
dfb25ea9-8335-5e76-a1d3-1f6d55174325,component_rights_control,00_control/COMPONENT_RIGHTS.csv,6416,4fde8d90fc0d78903a5931c0e88dd9976bdd5aabf816c946717d652eaa5d84b6,verified,[]
e2d7b5e9-af29-5433-8f6a-c6eb63fb79e8,visual_qa_finalizer,scripts/qa_finalize_b007_visual_v8.py,23751,c98dc40b05b77892f07e653a1f8162b2d3628830497bda6f3f7bf9e550b4ff9b,exact_terminal_gate_input,[]
e2de6668-4021-5573-ad63-8b98ee8718eb,target_file_manifest,backend/exports/evidence/target_file_manifest.tsv,167625,4004ca2779f6804b664df9aa5454f083597d36c1f897b452b463ab028c256c1d,verified,[]
e398972d-3de7-56f9-8b87-e11ad40c5946,deterministic_build_recorder,qa/b004-build/final-v5/main.fls,280089,fb63ae0d16d283d45e24182f15abb0850bb5f9128b597809642589f8bd34fd32,passed,[]
e3fc8009-539d-5182-8802-c5ce5084f205,visual_audit_receipt,qa/b005-backend/exports/evidence/R011-B005_VISUAL_AUDIT.json,1819,3f18feff61211b4083404788bcb1e923f06c1aceeadd146946ce85f6e2786d35,passed,[]
e5e7bb65-1fa2-59af-9f28-35f8096d45d8,upstream_source_archive,authority/archives/openintro-statistics-fee25091fb24e89c36296fd67c48c1fcf7a93b6e.zip,33232450,9b8c52f3a358bc53d888056bb9ee1c299d82aea733c0c826a522aa3b551104bf,verified,"[""18223f28-a74d-5f9f-a586-6c3ab2bbef1f""]"
e70715ab-f82a-569d-a7aa-207dbd018d00,build_qa_receipt,qa/b006-backend/exports/evidence/R011-B006_BUILD_QA.json,16346,6d7dd115518c3c3d080d48c05e9e52bd89b8b477498fed909b1041295f19d618,passed,[]
e9418d6d-d0c6-5b7f-ac48-3fb7c4826a7e,component_figure_replay_receipt,qa/b005-backend/exports/evidence/R011-B005_MAMMAL_PORTABLE_RECEIPT.json,6590,0a163108c5b29e2c32d340cbbc5f3dea97ae411b23f312c9b745ff6562fe1430,passed,[]
ea045b13-2933-5b50-8b4d-83059a6e00ac,isolated_candidate_overlay,scratch/R011-B007-candidate/ch_summarizing_data/figures/eoce/randomization_avandia/randomization_avandia.R,902,30198c57fdbdf1e59a94bdfe66dd6aed4a83ae12a56658d12ec3d6e9bdb3be0d,exact_receipt_or_stage_input,[]
ebacdbc3-a620-5e9c-b720-04b08f2be6b2,localized_boundary_pdf,output/pdf/statistika-berbasis-data-batas-R011-B002.pdf,21513919,4af675553cafd549408ae65d8a24d08de726d4406f44177a5300f64bf58984aa,built_verified,"[""18223f28-a74d-5f9f-a586-6c3ab2bbef1f"",""947b6c3b-ce48-5326-b7af-6571830020d4""]"
ef0460c8-3af5-52a2-a1f3-321ba516fc71,source_application_receipt,qa/b006-backend/exports/evidence/R011-B006_SOURCE_APPLICATION_RECEIPT.json,9586,56d69a600cf4ad1bb18ede91b588266fba4e1f10f8356ba67ec96103d3a84286,passed,[]
f1014224-5902-5aed-bbfe-cb15d41fe619,deterministic_qa_script,scripts/qa_boundary_b004.py,60676,29b0ccba3b9ef0f163aa3956e020b069ea473b29f813dbcca789b0b4a17607d7,verified,[]
f1cf45fd-c833-55e9-8a35-7a6d0ae3ca19,independent-audit-receipt,qa/b008-backend/exports/evidence/R011-B008_INDEPENDENT_AUDIT_RECEIPT.json,16251,b73883376bf18da131e21c3444219023b626abdbb69e76ba2462653714d3eea0,exact B008 source-stage evidence,[]
f27afcd4-20f0-54be-944d-4945aea1d6af,source_qa_receipt,qa/b005-backend/exports/evidence/R011-B005_SOURCE_QA.json,66108,ef9a9375cc42043dd59611d45966dcc5d4eb1d849f4923541236e6462050cbda,passed,[]
f38f95e1-aa08-5142-8001-bd4e1d2e23ee,isolated_candidate_overlay,scratch/R011-B007-candidate/ch_summarizing_data/TeX/case_study_malaria_vaccine.tex,9598,712f7ddb0f3c80806f20063fff88d7ac4eb0c13e57422ae482d1a11697e83ddd,exact_receipt_or_stage_input,[]
f638e9dc-6da3-516c-a01d-95d90dccd3a3,localized_figure_replay_manifest,repo/ch_intro_to_data/figures/figureShowingBlocking/R011-B004_FIGURE_REPLAY.json,4174,85f82d7e8b527ed1da2625e7b9389f9698d91331b0401bca16f95de52a414817,passed,"[""18223f28-a74d-5f9f-a586-6c3ab2bbef1f"",""41e46d05-03d3-56bd-9f01-2e691bfe3e60""]"
f63925f1-8e86-5a66-b03d-dde3c5ef97e6,backend_stage_generator,scripts/generate_backend_b007.py,142530,4fc1c02fe974c62a08815fe7b15621fc3f7e1cbd881862aed093617af9656e65,exact_tool_identity,[]
f6699685-3a9a-563c-8655-4860b696d142,build_qa_receipt,qa/b005-backend/exports/evidence/R011-B005_BUILD_QA.json,13575,4a25c5145f3fccb21e4c3e68309d64d2ab99b1ac39486a7b87540fd71935bc67,passed,[]
f6a74851-d0da-5b3f-8cd2-010a549a5f8e,isolated_candidate_overlay,scratch/R011-B007-candidate/ch_summarizing_data/figures/malaria_rand_dot_plot/malaria_rand_dot_plot.R,1315,f27d1899fea24c182d74e8443afba8fb67eec4ee4ab7cdb1f763b8a9e78401f3,exact_receipt_or_stage_input,[]
f789c3ba-643c-5426-bb65-e5db2a6fd6ba,visual_audit_receipt,qa/b007-backend/exports/evidence/R011-B007_VISUAL_AUDIT.json,13083,67395e5c8b13d9373952e42c26733d32b94c97bde7162f25500b4dc492f8c6b2,exact_terminal_gate_input,[]
f7913e76-ea30-5138-b919-2e77f302e4a1,localized_boundary_pdf,qa/b006-build/final-v4/main.pdf,21975722,d9a3df7d44a62babde04c355cb8dbb9edc74de947cc8162a3d30d872bea372b2,built_verified,"[""18223f28-a74d-5f9f-a586-6c3ab2bbef1f"",""eb0b6215-9a9b-5442-bb51-73500dfd2277"",""21ea71cb-040e-5337-964b-45363dc0b6ca""]"
f92b3aab-15f9-5179-809c-ca51c54092a3,build_log,qa/b004r-build/final-v5/main.log,491441,c8f4757ef31450b8ff2a3a5bac12227d0bca0a83fe9ae9f7beb6f2371722e0f7,passed,[]
f9ffa2f9-3cff-505d-97c0-34df811ee48b,rejected_visual_findings_receipt,qa/b006-backend/exports/evidence/R011-B006_VISUAL_FINDINGS_V1.json,2013,cc4adb506a84b231d2d0988ee024dd673e2ae3b70cca9d7b9924333e8d923231,passed,[]
fabf11f8-1386-5b62-b314-72772a9e275d,component_rights_control,qa/R011-B003_COMPONENT_RIGHTS.csv,5389,39b4c7ec19c50380f780354175f9ff30ac2e78e05db68cf0f703e44515561326,verified,[]
fb7321f7-ad45-55d3-a684-22292a89bbdb,adverse_event_ledger,backend/exports/evidence/R011-B004_ADVERSE_LEDGER.jsonl,21807,1f1bfecbceded49df89d4ebcc9503c33d6fb2e6689638c5b6fe4317cea1949dc,verified,[]
fb787345-ac41-5004-a88d-9859918313b7,o001_gap_table,qa/b007-backend/exports/evidence/R011-B007_O001_MASTERY_GAPS.tsv,607,34c3f8078188094e73674f52917b1acef5919dfb2d7a82cf6382a534c42f8e45,exact_receipt_or_stage_input,[]
fd20ccaf-ab05-5d71-a363-75fc979af74a,build_log,qa/b002-build/final/main.log,491328,e15ef7adfdf2c6a3ceed1e9e2ebb23cba8e865655a3f5cd75212b3668c00592d,passed,"[""18223f28-a74d-5f9f-a586-6c3ab2bbef1f""]"
