exercise_id,source_local_ids,answer_availability,answer_id,o001_gap_id,source_path,translation_state,rights_component_ids
008a3bd4-069a-5cc2-bea8-bf1d9a41d834,"[""sampling_strategies"",""eoce_1_27"",""R011-B003""]",public_appendix,d6274bc8-d45e-51f1-91e8-38da3bbe4007,,ch_intro_to_data/TeX/sampling_principles_and_strategies.tex,source_frozen,"[""18223f28-a74d-5f9f-a586-6c3ab2bbef1f""]"
0135feda-7bfb-5aa7-b3cb-0ad3ada718b2,"[""association_plots"",""eoce_2_2"",""R011-B005""]",none_public_upstream,,855eddee-573a-572b-941a-4da454b53d74,ch_summarizing_data/TeX/examining_numerical_data.tex,source_frozen,"[""18223f28-a74d-5f9f-a586-6c3ab2bbef1f""]"
0191df4f-413d-5623-9944-e2376020b3c5,"[""midrange"",""eoce_2_18"",""R011-B005""]",none_public_upstream,,129477af-ab5f-54b9-8130-f930b61310ca,ch_summarizing_data/TeX/examining_numerical_data.tex,source_frozen,"[""18223f28-a74d-5f9f-a586-6c3ab2bbef1f""]"
01ab1464-7aac-5927-87c5-eb0cf416259a,"[""R011-B009"",""ch03-sec3.1-07""]",,,,ch_probability/TeX/ch_probability.tex,language_reviewed,"[""18223f28-a74d-5f9f-a586-6c3ab2bbef1f""]"
01e2b504-cd69-5b62-a16d-5c19310ba737,"[""R011-B011"",""3.23"",""marbles_in_urn""]",public_appendix,93046933-8e02-5f54-bd55-1ba308a95745,,ch_probability/TeX/sampling_from_a_small_population.tex,language_reviewed,"[""18223f28-a74d-5f9f-a586-6c3ab2bbef1f"",""b8ee2bc6-8b07-51f4-8124-2fd462cd606b""]"
02302d8f-e0e5-5bad-bf2a-e4258998fbe9,"[""R011-B016"",""4.21"",""dreidel""]",public_appendix,67b01e00-b2fc-57fd-8ab6-2748c5a69345,,ch_distributions/TeX/binomial_distribution.tex,visually_checked,"[""18223f28-a74d-5f9f-a586-6c3ab2bbef1f"",""d79c0e4f-9e37-5e77-9080-34fed0852af2""]"
02e4f013-6bce-52d8-a54b-02860c939510,"[""R011-B009"",""ch03-sec3.1-06""]",,,,ch_probability/TeX/ch_probability.tex,language_reviewed,"[""18223f28-a74d-5f9f-a586-6c3ab2bbef1f""]"
0695707a-cdef-560a-8fdf-4fd21111e7a6,"[""R011-B019"",""5.2"",""identify_parameter_2""]",no_public_answer_o001_gap,,608e8f83-cf61-502d-9d2d-1f9608673adb,ch_foundations_for_inf/TeX/variability_in_estimates.tex,visually_checked,"[""18223f28-a74d-5f9f-a586-6c3ab2bbef1f"",""2339d6ba-af30-5b38-86fe-8300dda0b66b""]"
089a1c0f-be6b-55c7-889c-45c6aa156692,"[""infant_mortality"",""eoce_2_28"",""R011-B008""]",none_public_upstream,,6a258b93-849d-54a4-a975-577311e28a44,ch_summarizing_data/TeX/review_exercises.tex,source_frozen,"[""18223f28-a74d-5f9f-a586-6c3ab2bbef1f""]"
09615ad9-b250-53c0-9814-d60b7f700fc3,"[""county_commute_times"",""eoce_2_19"",""R011-B005""]",public_appendix,48408c78-fc77-5a5e-a880-0f7dfcbed0f1,,ch_summarizing_data/TeX/examining_numerical_data.tex,source_frozen,"[""18223f28-a74d-5f9f-a586-6c3ab2bbef1f""]"
0a3f7f55-f998-5dbf-a8fa-b4e9a54dd5c4,"[""R011-B019"",""5.5"",""repeated_water_samples_prop""]",upstream_public_answer,e3488ac4-0157-5341-9320-f10052fcc8b5,,ch_foundations_for_inf/TeX/variability_in_estimates.tex,visually_checked,"[""18223f28-a74d-5f9f-a586-6c3ab2bbef1f"",""2339d6ba-af30-5b38-86fe-8300dda0b66b""]"
0ae36ce3-f957-500f-936c-0cd84b0d0091,"[""R011-B020"",""5.8"",""twitter_users_intro""]",no_public_answer_o001_gap,,72b39c1a-2a59-5d41-b2f0-30a7a117e1ac,ch_foundations_for_inf/TeX/confidence_intervals.tex,visually_checked,"[""18223f28-a74d-5f9f-a586-6c3ab2bbef1f"",""0af7d341-14fc-5fd0-a88a-6d753a22639e""]"
0ae4d0a7-e336-5050-9c0f-81ec643541a2,"[""R011-B013""]",none_public_upstream,,a1c4b57f-f95e-5031-84d1-80e1c90b1c28,ch_probability/TeX/continuous_distributions.tex,language_reviewed,"[""18223f28-a74d-5f9f-a586-6c3ab2bbef1f"",""b410ecf6-7942-5337-9e18-e09c9e84783d""]"
0ba84ffe-8cd7-5585-8f97-da033f6aa698,"[""R011-B022"",""6.7"",""fireworks_CI_concept""]",upstream_public_answer,7e1c33e9-8977-5e7e-bd88-fdde30072faa,,ch_inference_for_props/TeX/inference_for_a_single_proportion.tex,visually_checked,"[""18223f28-a74d-5f9f-a586-6c3ab2bbef1f"",""42e21f32-ce64-55c7-b9f8-04eaad367833""]"
0bdb3ffe-12b6-5636-830d-79197bfc7f65,"[""R011-B011"",""raffleOf30TicketsWWOReplacement""]",inline_public_feedback,9bce34fa-59e4-5d7c-b126-0ba4f7961036,,ch_probability/TeX/ch_probability.tex,language_reviewed,"[""18223f28-a74d-5f9f-a586-6c3ab2bbef1f"",""b8ee2bc6-8b07-51f4-8124-2fd462cd606b""]"
0c15d1e6-cc3a-5b85-9c5e-028f9f39d588,"[""study_components_stealers"",""eoce_1_6""]",none_public_upstream,,97b5aaa8-b5cf-54b2-b80b-b10fb60038ba,ch_intro_to_data/TeX/data_basics.tex,source_frozen,"[""18223f28-a74d-5f9f-a586-6c3ab2bbef1f""]"
0d957054-0554-577a-92d1-377a4b85a764,"[""R011-B023"",""6.28"",""prenatal_vitamin_autism_HT""]",no_public_answer_o001_gap,,1cfd7579-ebaf-59c7-affb-ced041c60f9a,ch_inference_for_props/TeX/difference_of_two_proportions.tex,visually_checked,"[""18223f28-a74d-5f9f-a586-6c3ab2bbef1f"",""a6e32195-1507-50f4-a3a0-88884cb47648""]"
0e393b3e-d85a-5b59-889a-64d03062fba2,"[""R011-B017"",""guided-exercise-03""]",inline_public,233b3535-6d53-5304-af66-4216d50f51ab,,ch_distributions/TeX/ch_distributions.tex,visually_checked,"[""18223f28-a74d-5f9f-a586-6c3ab2bbef1f"",""69574f5b-e113-5529-9d72-6ebfd1501a86""]"
0f31ef05-8651-5e86-9185-b5d10b8fda5d,"[""scope_cheaters"",""eoce_1_14"",""R011-B003""]",none_public_upstream,,93119707-aaa6-5816-a5ea-c6e32e610a32,ch_intro_to_data/TeX/sampling_principles_and_strategies.tex,source_frozen,"[""18223f28-a74d-5f9f-a586-6c3ab2bbef1f""]"
0fa1975d-b6d4-524e-b068-1cdf25486aac,"[""R011-B011"",""3.24"",""socks_in_drawer""]",none_public_upstream,,f0e7ea2d-2d5b-588f-9c7b-68b29f472d20,ch_probability/TeX/sampling_from_a_small_population.tex,language_reviewed,"[""18223f28-a74d-5f9f-a586-6c3ab2bbef1f"",""b8ee2bc6-8b07-51f4-8124-2fd462cd606b""]"
0fe007c9-8e05-5b33-ac63-e0941b0bb9df,"[""flawed_reasoning"",""eoce_1_39"",""R011-B004R""]",public_appendix,2b26a40e-e53d-5697-9e81-9dd25b95261f,,ch_intro_to_data/TeX/review_exercises.tex,source_frozen,"[""18223f28-a74d-5f9f-a586-6c3ab2bbef1f""]"
108fb25f-124d-5207-ad62-c21b11efb8fb,"[""R011-B009"",""roulette_wheel""]",none_public_upstream,,eb907e1e-ab6f-5965-913c-4a23f79501a1,ch_probability/TeX/defining_probability.tex,language_reviewed,"[""18223f28-a74d-5f9f-a586-6c3ab2bbef1f""]"
10af6542-fd2c-526e-9043-03ee39c0bdfe,"[""R011-B009"",""ch03-sec3.1-14""]",,,,ch_probability/TeX/ch_probability.tex,language_reviewed,"[""18223f28-a74d-5f9f-a586-6c3ab2bbef1f""]"
11796fc0-4792-55b4-b51f-e02d6287afa0,"[""R011-B013""]",inline_public_feedback,b4e4f4b2-ec1c-5ccf-99e3-98cb2c136922,,ch_probability/TeX/ch_probability.tex,language_reviewed,"[""18223f28-a74d-5f9f-a586-6c3ab2bbef1f"",""b410ecf6-7942-5337-9e18-e09c9e84783d""]"
12e0f174-2d4f-5b85-8270-8cf241d02f42,"[""seattle_pet_names"",""eoce_1_35"",""R011-B004R""]",public_appendix,de51ce11-a679-5af1-bc9f-40f2b6673cf0,,ch_intro_to_data/TeX/review_exercises.tex,source_frozen,"[""18223f28-a74d-5f9f-a586-6c3ab2bbef1f"",""bad63bfb-9cf6-5f60-bbe6-9e93ae431ce0"",""67382a1e-7768-5d98-9912-2c3a848ce7a1""]"
1366a602-e803-5a35-a36b-b8af2cff1c72,"[""R011-B016"",""guided-exercise-07""]",inline_public,be95e645-3cdc-57bc-bfb4-5183c73744d9,,ch_distributions/TeX/ch_distributions.tex,visually_checked,"[""18223f28-a74d-5f9f-a586-6c3ab2bbef1f"",""d79c0e4f-9e37-5e77-9080-34fed0852af2""]"
13907cdd-4711-558a-a9d8-3ea52d989703,"[""R011-B010"",""ch03-sec3.2-09""]",,,,ch_probability/TeX/ch_probability.tex,language_reviewed,"[""18223f28-a74d-5f9f-a586-6c3ab2bbef1f""]"
145804b8-59c9-5118-aed9-6d21fa1ae97d,"[""R011-B011"",""3.27"",""student_outfits""]",public_appendix,39d7b86b-a323-5f6b-ae99-66f0fa044450,,ch_probability/TeX/sampling_from_a_small_population.tex,language_reviewed,"[""18223f28-a74d-5f9f-a586-6c3ab2bbef1f"",""b8ee2bc6-8b07-51f4-8124-2fd462cd606b""]"
15e82d16-af8c-5c5f-900d-1e15be6b7e41,"[""antibiotic_use_children"",""eoce_2_21"",""R011-B006""]",public_appendix,ad5e9a37-7767-5450-9dab-f54b570978e8,,ch_summarizing_data/TeX/considering_categorical_data.tex,source_frozen,"[""18223f28-a74d-5f9f-a586-6c3ab2bbef1f""]"
15f81b0c-78ca-5960-91c0-843fee978ca9,"[""R011-B015""]",inline_public_feedback,707e8d53-4207-52a4-a923-b2d4cf2c30f2,,ch_distributions/TeX/ch_distributions.tex,visually_checked,"[""18223f28-a74d-5f9f-a586-6c3ab2bbef1f"",""586d1610-5f32-5232-ba50-6e2a04daf45a""]"
1606b87c-a0d8-564e-9bed-342ebb189f94,"[""R011-B021"",""5.18"",""married_at_25_prop_ht_errors""]",no_public_answer_o001_gap,,b7635ada-e90f-53bd-9b4d-0fb36113a27c,ch_foundations_for_inf/TeX/hypothesis_testing.tex,visually_checked,"[""18223f28-a74d-5f9f-a586-6c3ab2bbef1f"",""8205e88d-07dd-57ab-ae9a-c7e5f3bbf027""]"
1663206a-64a7-5af8-91b9-185c65783ff1,"[""fisher_irises"",""eoce_1_9""]",public_appendix,ec4ca565-6880-57e5-8922-469f1bacd6a2,,ch_intro_to_data/TeX/data_basics.tex,source_frozen,"[""18223f28-a74d-5f9f-a586-6c3ab2bbef1f""]"
168bbda2-828e-5071-9433-7c4c114136ba,"[""nexercise-2.1-04"",""R011-B005""]",public_inline,,,ch_summarizing_data/TeX/ch_summarizing_data.tex,source_frozen,"[""18223f28-a74d-5f9f-a586-6c3ab2bbef1f""]"
16deee95-44eb-5875-bb77-c77ae28667ba,"[""R011-B009"",""ch03-sec3.1-04""]",,,,ch_probability/TeX/ch_probability.tex,language_reviewed,"[""18223f28-a74d-5f9f-a586-6c3ab2bbef1f""]"
175fb5b8-02c7-5763-937a-dbaf90efe95a,"[""R011-B012""]",none_public_upstream,,0257872e-8f44-56df-95c8-bdad0e424806,ch_probability/TeX/random_variables.tex,language_reviewed,"[""18223f28-a74d-5f9f-a586-6c3ab2bbef1f"",""f5cfd01e-9712-58ec-ac48-481f923814c1""]"
17f39bfa-676a-5791-a645-00d4d93b3996,"[""R011-B017"",""guided-exercise-01""]",inline_public,12341578-0422-501d-bbd6-0af5ec1d629c,,ch_distributions/TeX/ch_distributions.tex,visually_checked,"[""18223f28-a74d-5f9f-a586-6c3ab2bbef1f"",""69574f5b-e113-5529-9d72-6ebfd1501a86""]"
187be28f-bd7f-565a-ab42-9a8fc4bf8185,"[""R011-B016"",""4.17"",""underage_drinking_intro""]",public_appendix,a656d1c5-f0ec-509d-a65d-15097b602450,,ch_distributions/TeX/binomial_distribution.tex,visually_checked,"[""18223f28-a74d-5f9f-a586-6c3ab2bbef1f"",""d79c0e4f-9e37-5e77-9080-34fed0852af2""]"
1abc8a2f-fff1-5a7e-9e46-948375210665,"[""R011-B009"",""four_games_one_winner""]",public_appendix,9cdd5f10-ce1d-5869-965a-71b7aee9c5de,,ch_probability/TeX/defining_probability.tex,language_reviewed,"[""18223f28-a74d-5f9f-a586-6c3ab2bbef1f""]"
1ad40585-271d-5674-b80f-37c8e8f3d4ad,"[""R011-B014""]",none_public_upstream,,060dd935-e927-55b4-ba3d-3ee910be59e7,ch_distributions/TeX/normal_distribution.tex,language_reviewed,"[""18223f28-a74d-5f9f-a586-6c3ab2bbef1f"",""5013dc5b-3a29-5516-9948-98c064aa43e8""]"
1b67b489-5bfb-5b84-8f44-a692fdc15298,"[""R011-B010"",""ch03-sec3.2-12""]",,,,ch_probability/TeX/ch_probability.tex,language_reviewed,"[""18223f28-a74d-5f9f-a586-6c3ab2bbef1f""]"
1c22723c-f2d0-5445-bccd-2c220201d232,"[""randomization_avandia"",""eoce_2_25"",""R011-B007""]",public_appendix,a132efe2-d782-5317-859e-6b0fd4cab424,,ch_summarizing_data/TeX/case_study_malaria_vaccine.tex,source_frozen,"[""18223f28-a74d-5f9f-a586-6c3ab2bbef1f""]"
1ccdac4a-c69d-5ebf-8b8d-b67e18622d11,"[""R011-B010"",""joint_cond""]",,0d9c327c-fe75-55f7-a4e4-35bec165ffe1,,ch_probability/TeX/conditional_probability.tex,language_reviewed,"[""18223f28-a74d-5f9f-a586-6c3ab2bbef1f""]"
1d131c22-c198-53f3-89b9-289ec3f15742,"[""R011-B014""]",none_public_upstream,,247e5f2f-ccca-525e-a154-63f23238bdd8,ch_distributions/TeX/normal_distribution.tex,language_reviewed,"[""18223f28-a74d-5f9f-a586-6c3ab2bbef1f"",""5013dc5b-3a29-5516-9948-98c064aa43e8""]"
1d288b7a-abb4-52c9-a011-f3226ffd930d,"[""R011-B009"",""poverty_language""]",none_public_upstream,,4cdfc3db-0562-5833-a04f-2007948b7200,ch_probability/TeX/defining_probability.tex,language_reviewed,"[""18223f28-a74d-5f9f-a586-6c3ab2bbef1f""]"
1d4258d2-754c-5f2a-b382-28e0c5cf5252,"[""study_components_buteyko"",""eoce_1_4""]",none_public_upstream,,6253fb91-64d4-50f6-a839-acbe722d89db,ch_intro_to_data/TeX/data_basics.tex,source_frozen,"[""18223f28-a74d-5f9f-a586-6c3ab2bbef1f""]"
1f6d8544-36eb-5bde-8d51-027d2e219020,"[""R011-B009"",""ch03-sec3.1-09""]",,,,ch_probability/TeX/ch_probability.tex,language_reviewed,"[""18223f28-a74d-5f9f-a586-6c3ab2bbef1f""]"
20bfd563-f8ed-52a2-a149-968729bbfd64,"[""R011-B017"",""4.30"",""serving_volleyball""]",restricted_not_accessed,,e974f36a-9fc5-539c-ab85-e2d9e8d2931b,ch_distributions/TeX/negative_binomial_distribution.tex,visually_checked,"[""18223f28-a74d-5f9f-a586-6c3ab2bbef1f"",""69574f5b-e113-5529-9d72-6ebfd1501a86""]"
2285033f-f28c-51ac-ad8b-b8bb2de4267b,"[""R011-B011""]",inline_public_feedback,8445e7de-dd67-55c8-8497-e1bc10ee1dfd,,ch_probability/TeX/ch_probability.tex,language_reviewed,"[""18223f28-a74d-5f9f-a586-6c3ab2bbef1f"",""b8ee2bc6-8b07-51f4-8124-2fd462cd606b""]"
22ba93e5-b0f2-5807-bb3d-7c9459db5451,"[""R011-B010"",""ch03-sec3.2-01""]",,,,ch_probability/TeX/ch_probability.tex,language_reviewed,"[""18223f28-a74d-5f9f-a586-6c3ab2bbef1f""]"
23d3cfd6-9e74-5f22-82d3-3caa9881794d,"[""nexercise-2.1-06"",""R011-B005""]",public_inline,,,ch_summarizing_data/TeX/ch_summarizing_data.tex,source_frozen,"[""18223f28-a74d-5f9f-a586-6c3ab2bbef1f""]"
23f8bf6c-e973-5578-a362-9ff252cd8865,"[""nexercise-2.1-07"",""R011-B005""]",public_inline,,,ch_summarizing_data/TeX/ch_summarizing_data.tex,source_frozen,"[""18223f28-a74d-5f9f-a586-6c3ab2bbef1f""]"
2496839a-c5b7-5ea8-9986-c3930571e33c,"[""malaria_vaccine_20_exp_summary_rand_1_diff"",""sec2.3-guided-03"",""R011-B007""]",inline_public_feedback,,,ch_summarizing_data/TeX/ch_summarizing_data.tex,source_frozen,"[""18223f28-a74d-5f9f-a586-6c3ab2bbef1f""]"
24f448fa-190f-51eb-85c8-5be54f6360d7,"[""R011-B023"",""6.18"",""heart_transplant_conditions""]",no_public_answer_o001_gap,,670065b1-cfae-53c8-b0d6-e08cd5a44e2c,ch_inference_for_props/TeX/difference_of_two_proportions.tex,visually_checked,"[""18223f28-a74d-5f9f-a586-6c3ab2bbef1f"",""a6e32195-1507-50f4-a3a0-88884cb47648""]"
25818565-4a7c-5f4a-ba20-4ad1e69ddae5,"[""nexercise-2.1-01"",""R011-B005""]",public_inline,,,ch_summarizing_data/TeX/ch_summarizing_data.tex,source_frozen,"[""18223f28-a74d-5f9f-a586-6c3ab2bbef1f""]"
27ef499d-6cc9-5e6e-8eb8-35dd616b2bad,"[""R011-B023"",""6.26"",""full_body_scan_HT_Error""]",no_public_answer_o001_gap,,595c6ed3-c618-5b86-9867-e79c7460b7a1,ch_inference_for_props/TeX/difference_of_two_proportions.tex,visually_checked,"[""18223f28-a74d-5f9f-a586-6c3ab2bbef1f"",""a6e32195-1507-50f4-a3a0-88884cb47648""]"
28a41791-05d7-51f4-94c1-9d49de31cfb9,"[""R011-B018"",""4.32"",""stenographer_typos""]",restricted_not_accessed,,6b411ba8-b411-58b4-aee3-cb24228fbaf1,ch_distributions/TeX/poisson_distribution.tex,visually_checked,"[""18223f28-a74d-5f9f-a586-6c3ab2bbef1f"",""5c6f7ab4-aec9-55ec-9259-e81faf2ff939""]"
2967fbd0-7fb9-5e4c-9c33-436c98c436bd,"[""hist_vs_box"",""eoce_2_13"",""R011-B005""]",public_appendix,39b0852e-4b0d-551c-b376-6cabf3fbb132,,ch_summarizing_data/TeX/examining_numerical_data.tex,source_frozen,"[""18223f28-a74d-5f9f-a586-6c3ab2bbef1f""]"
2c2ed3ce-aef6-5db5-86b6-1cd5b111252a,"[""R011-B023"",""6.25"",""offshore_drill_edu_support_HT""]",upstream_public_answer,6951ea72-89ba-55eb-8098-ffbcba49cb5f,,ch_inference_for_props/TeX/difference_of_two_proportions.tex,visually_checked,"[""18223f28-a74d-5f9f-a586-6c3ab2bbef1f"",""a6e32195-1507-50f4-a3a0-88884cb47648""]"
2c6d8e91-4e76-57eb-a714-bcac9f61be47,"[""R011-B009"",""swing_voters""]",public_appendix,56a76996-2c09-5515-b086-e9f4a051ed88,,ch_probability/TeX/defining_probability.tex,language_reviewed,"[""18223f28-a74d-5f9f-a586-6c3ab2bbef1f""]"
2d3cd49b-30ef-561c-9ce2-bcdeff78b4ac,"[""study_components_cheaters"",""eoce_1_5""]",public_appendix,affe87a9-0bfc-5ab3-9232-48b74cfd45dc,,ch_intro_to_data/TeX/data_basics.tex,source_frozen,"[""18223f28-a74d-5f9f-a586-6c3ab2bbef1f""]"
2fed3de7-006a-524a-980b-14587f36dc58,"[""R011-B022"",""6.11"",""national_health_plan_HT""]",upstream_public_answer,5ae02b29-9532-5167-9a0e-abde9ad9048c,,ch_inference_for_props/TeX/inference_for_a_single_proportion.tex,visually_checked,"[""18223f28-a74d-5f9f-a586-6c3ab2bbef1f"",""42e21f32-ce64-55c7-b9f8-04eaad367833""]"
320badfb-e328-5bfd-92c4-7ff08e4f099b,"[""R011-B016"",""guided-exercise-01""]",inline_public,acf29112-9cf8-5adb-a419-e5701eed084e,,ch_distributions/TeX/ch_distributions.tex,visually_checked,"[""18223f28-a74d-5f9f-a586-6c3ab2bbef1f"",""d79c0e4f-9e37-5e77-9080-34fed0852af2""]"
32f6a4ad-4722-58e6-aee3-141ffb9feefd,"[""R011-B014""]",none_public_upstream,,ddfd1d81-38a6-54bf-ab8f-7441fd3ecdc2,ch_distributions/TeX/normal_distribution.tex,language_reviewed,"[""18223f28-a74d-5f9f-a586-6c3ab2bbef1f"",""5013dc5b-3a29-5516-9948-98c064aa43e8""]"
32fa00df-613b-5933-8eda-622980c61eba,"[""immigration"",""eoce_2_22"",""R011-B006""]",none_public_upstream,,1d0fdb6f-9e32-56b5-b53d-1d4dcfd6df52,ch_summarizing_data/TeX/considering_categorical_data.tex,source_frozen,"[""18223f28-a74d-5f9f-a586-6c3ab2bbef1f""]"
3317c057-e51f-5e98-a14d-08cb1d5ad72a,"[""R011-B010"",""health_coverage_rel_freqs""]",,,33c8cf12-fd1e-5444-89db-76cb0e99e195,ch_probability/TeX/conditional_probability.tex,language_reviewed,"[""18223f28-a74d-5f9f-a586-6c3ab2bbef1f""]"
34059412-cf3b-5a79-953e-78941ed43cff,"[""R011-B023"",""6.19"",""gender_color_preference_CI_concept""]",upstream_public_answer,0dd2050f-08d2-5b50-ad56-3cbe099b138e,,ch_inference_for_props/TeX/difference_of_two_proportions.tex,visually_checked,"[""18223f28-a74d-5f9f-a586-6c3ab2bbef1f"",""a6e32195-1507-50f4-a3a0-88884cb47648""]"
344ca417-7092-5232-ab72-0164a216562c,"[""R011-B014""]",inline_public_feedback,0a016c30-8bee-5a38-9d9b-fab58e544005,,ch_distributions/TeX/ch_distributions.tex,language_reviewed,"[""18223f28-a74d-5f9f-a586-6c3ab2bbef1f"",""5013dc5b-3a29-5516-9948-98c064aa43e8""]"
34955eb4-a25f-5029-a4de-2749d28473d5,"[""sec2.3-guided-02"",""R011-B007""]",inline_public_feedback,,,ch_summarizing_data/TeX/ch_summarizing_data.tex,source_frozen,"[""18223f28-a74d-5f9f-a586-6c3ab2bbef1f""]"
38673b10-92db-56ab-a7f9-c5e940f019d2,"[""R011-B014""]",inline_public_feedback,6121594f-e270-53e1-a021-2a810e62b4ba,,ch_distributions/TeX/ch_distributions.tex,language_reviewed,"[""18223f28-a74d-5f9f-a586-6c3ab2bbef1f"",""5013dc5b-3a29-5516-9948-98c064aa43e8""]"
38dacc66-f01c-540b-90f2-0877ee9a1271,"[""evaluate_sampling_methods"",""eoce_1_23"",""R011-B003""]",public_appendix,2074e3bc-e444-5c50-82e0-9cb61eebf94b,,ch_intro_to_data/TeX/sampling_principles_and_strategies.tex,source_frozen,"[""18223f28-a74d-5f9f-a586-6c3ab2bbef1f""]"
391d0e5b-40e2-5ee5-bbb1-684bc01ef590,"[""R011-B012""]",none_public_upstream,,5304d294-140f-52a0-ba8a-9aa0509c661f,ch_probability/TeX/random_variables.tex,language_reviewed,"[""18223f28-a74d-5f9f-a586-6c3ab2bbef1f"",""f5cfd01e-9712-58ec-ac48-481f923814c1""]"
39e28dfa-9fb6-5555-bee7-6649c37a02b2,"[""soda_preference"",""eoce_1_33"",""R011-B004""]",public_appendix,c526fa55-62c1-5a35-bb8d-40abfc2fc3d8,,ch_intro_to_data/TeX/experiments.tex,source_frozen,"[""18223f28-a74d-5f9f-a586-6c3ab2bbef1f"",""e8114816-bd30-582b-9e8b-274b8ae17401""]"
3a63d598-154c-5a5b-86d1-784338c7d4d8,"[""R011-B010"",""ch03-sec3.2-14""]",,,,ch_probability/TeX/ch_probability.tex,language_reviewed,"[""18223f28-a74d-5f9f-a586-6c3ab2bbef1f""]"
3ad743df-ef86-5769-a3a9-fae1b48c5f33,"[""R011-B019"",""5.6"",""repeated_student_samples_prop""]",no_public_answer_o001_gap,,57e5bce7-e63a-5cc1-b52c-66242a3505d3,ch_foundations_for_inf/TeX/variability_in_estimates.tex,visually_checked,"[""18223f28-a74d-5f9f-a586-6c3ab2bbef1f"",""2339d6ba-af30-5b38-86fe-8300dda0b66b""]"
3b51eaaa-1838-524c-a1a8-7d199197a3d9,"[""R011-B010"",""ch03-sec3.2-06""]",,,,ch_probability/TeX/ch_probability.tex,language_reviewed,"[""18223f28-a74d-5f9f-a586-6c3ab2bbef1f""]"
3bd4a01b-3e04-5838-9c65-e744700c9e17,"[""R011-B009"",""ch03-sec3.1-18""]",,,,ch_probability/TeX/ch_probability.tex,language_reviewed,"[""18223f28-a74d-5f9f-a586-6c3ab2bbef1f""]"
3c9da11f-a0b1-5882-b2c8-6bec9138c872,"[""R011-B012""]",public_appendix,a7dbebca-d475-5f78-aa32-5a701b11f749,,ch_probability/TeX/random_variables.tex,language_reviewed,"[""18223f28-a74d-5f9f-a586-6c3ab2bbef1f"",""f5cfd01e-9712-58ec-ac48-481f923814c1""]"
3d7fc080-b542-5ce0-bc46-480b7738b62b,"[""housing_proposal_dorms"",""eoce_1_20"",""R011-B003""]",none_public_upstream,,530ee541-0ab6-5e92-9af5-eebd34e31095,ch_intro_to_data/TeX/sampling_principles_and_strategies.tex,source_frozen,"[""18223f28-a74d-5f9f-a586-6c3ab2bbef1f""]"
3df47d41-adae-5042-a4ed-456befa944c4,"[""R011-B022"",""6.15"",""national_health_plan_CI_sample_size_replaced""]",upstream_public_answer,8e864163-ef34-5a49-a45b-f9dbac4cae17,,ch_inference_for_props/TeX/inference_for_a_single_proportion.tex,visually_checked,"[""18223f28-a74d-5f9f-a586-6c3ab2bbef1f"",""42e21f32-ce64-55c7-b9f8-04eaad367833""]"
3f62bfe2-5a2e-5441-86ab-c703b5da5e32,"[""dist_shape_exam_scores"",""eoce_2_32"",""R011-B008""]",none_public_upstream,,3b68d9fa-7e93-50a1-81e4-ef957e5fd55e,ch_summarizing_data/TeX/review_exercises.tex,source_frozen,"[""18223f28-a74d-5f9f-a586-6c3ab2bbef1f""]"
3fd65188-973d-50b5-b887-a42cb813ae7a,"[""R011-B012""]",inline_public_feedback,d2e7d229-5d0d-5829-bced-f63521bd731d,,ch_probability/TeX/ch_probability.tex,language_reviewed,"[""18223f28-a74d-5f9f-a586-6c3ab2bbef1f"",""f5cfd01e-9712-58ec-ac48-481f923814c1""]"
40116ec4-9cb8-5f8f-95bb-1f397c042240,"[""R011-B009"",""ch03-sec3.1-08""]",,,,ch_probability/TeX/ch_probability.tex,language_reviewed,"[""18223f28-a74d-5f9f-a586-6c3ab2bbef1f""]"
406ebc7e-85f3-5bec-9589-38cbe5d8c0a3,"[""R011-B016"",""guided-exercise-10""]",inline_public,c624fb3f-d25f-5172-a971-e3bc985b1f2b,,ch_distributions/TeX/ch_distributions.tex,visually_checked,"[""18223f28-a74d-5f9f-a586-6c3ab2bbef1f"",""d79c0e4f-9e37-5e77-9080-34fed0852af2""]"
40c6efec-8d75-5c57-a51b-ee316ebc5f0c,"[""R011-B009"",""coin_flips""]",public_appendix,a7a20e5a-5ba0-5d46-b569-4d063734581e,,ch_probability/TeX/defining_probability.tex,language_reviewed,"[""18223f28-a74d-5f9f-a586-6c3ab2bbef1f""]"
443bc236-2bd5-5032-b493-b583aeb5e13e,"[""R011-B017"",""guided-exercise-02""]",inline_public,c7fc44bd-7649-5b88-85f9-2a1cfaf0ef67,,ch_distributions/TeX/ch_distributions.tex,visually_checked,"[""18223f28-a74d-5f9f-a586-6c3ab2bbef1f"",""69574f5b-e113-5529-9d72-6ebfd1501a86""]"
44b85273-e757-59b5-85c9-11547f246ae1,"[""R011-B010"",""tree_drawing_box_plots""]",,dd8d8e77-b7eb-5286-bf06-75098ab768d6,,ch_probability/TeX/conditional_probability.tex,language_reviewed,"[""18223f28-a74d-5f9f-a586-6c3ab2bbef1f""]"
4509dff9-7dd1-5735-8e6f-415a5448cfe1,"[""R011-B013""]",inline_public_feedback,9317c395-4af4-5e47-84f0-bc77d1088be9,,ch_probability/TeX/ch_probability.tex,language_reviewed,"[""18223f28-a74d-5f9f-a586-6c3ab2bbef1f"",""b410ecf6-7942-5337-9e18-e09c9e84783d""]"
455bdfac-8aa6-57f7-b7dc-c0ba0c13c900,"[""R011-B016"",""guided-exercise-06""]",inline_public,aa7d5f1c-4948-5c6f-a258-2da78fe69adb,,ch_distributions/TeX/ch_distributions.tex,visually_checked,"[""18223f28-a74d-5f9f-a586-6c3ab2bbef1f"",""d79c0e4f-9e37-5e77-9080-34fed0852af2""]"
464d9b37-0ad1-53d0-b540-74effa8239f3,"[""nexercise-2.1-02"",""R011-B005""]",public_inline,,,ch_summarizing_data/TeX/ch_summarizing_data.tex,source_frozen,"[""18223f28-a74d-5f9f-a586-6c3ab2bbef1f""]"
464e9807-e94f-510e-8157-c2c60c345df9,"[""estimate_mean_median_simple"",""eoce_2_12"",""R011-B005""]",none_public_upstream,,6136c364-c7dd-5c31-acbc-fb1316ed3e6a,ch_summarizing_data/TeX/examining_numerical_data.tex,source_frozen,"[""18223f28-a74d-5f9f-a586-6c3ab2bbef1f""]"
470c3927-0fbc-5034-9d45-fbf0ba065727,"[""R011-B010"",""tree_exit_poll""]",,,e4ec9d68-2046-5d31-a3f4-779873497a5e,ch_probability/TeX/conditional_probability.tex,language_reviewed,"[""18223f28-a74d-5f9f-a586-6c3ab2bbef1f""]"
472bec5c-8b39-5aaa-846f-e89ddd224353,"[""nexercise-2.2-03"",""R011-B006""]",public_inline,,,ch_summarizing_data/TeX/ch_summarizing_data.tex,source_frozen,"[""18223f28-a74d-5f9f-a586-6c3ab2bbef1f""]"
47687132-fc76-5fdf-b8dd-3eb2def70a0b,"[""days_off_mining"",""eoce_2_7"",""R011-B005""]",public_appendix,b33e6b3e-efb7-5a06-b86c-3b1e42abd6e0,,ch_summarizing_data/TeX/examining_numerical_data.tex,source_frozen,"[""18223f28-a74d-5f9f-a586-6c3ab2bbef1f""]"
48d76130-cdf3-5c50-aecb-e80b5c96ded3,"[""light_exam_performance"",""eoce_1_29"",""R011-B004""]",public_appendix,cc807b75-61bb-5246-adef-100e98d605fe,,ch_intro_to_data/TeX/experiments.tex,source_frozen,"[""18223f28-a74d-5f9f-a586-6c3ab2bbef1f""]"
48df496b-fc5a-582c-9e16-216936988dee,"[""R011-B010"",""ch03-sec3.2-07""]",,,,ch_probability/TeX/ch_probability.tex,language_reviewed,"[""18223f28-a74d-5f9f-a586-6c3ab2bbef1f""]"
49ca843c-e79c-5858-96ba-34396dd18ae6,"[""internet_life_expectancy"",""eoce_1_21"",""R011-B003""]",public_appendix,6e9dc374-9378-5c52-b2ae-88d498bcec17,,ch_intro_to_data/TeX/sampling_principles_and_strategies.tex,source_frozen,"[""18223f28-a74d-5f9f-a586-6c3ab2bbef1f"",""0f82ea30-16ac-53ad-afe5-d62667bc819b"",""328e0168-0cda-50d4-bfc4-3f3e8d555983""]"
4a3973ff-5ada-5171-b55f-5dd0783c3cde,"[""nexercise-2.2-04"",""R011-B006""]",public_inline,,,ch_summarizing_data/TeX/ch_summarizing_data.tex,source_frozen,"[""18223f28-a74d-5f9f-a586-6c3ab2bbef1f""]"
4aca5d0c-6529-52ee-9f7d-e794fe6d7613,"[""R011-B011"",""followUpToRaffleOf30TicketsWWOReplacement""]",inline_public_feedback,fa211d70-60ff-56ba-aee4-b00a48d83ddf,,ch_probability/TeX/ch_probability.tex,language_reviewed,"[""18223f28-a74d-5f9f-a586-6c3ab2bbef1f"",""b8ee2bc6-8b07-51f4-8124-2fd462cd606b""]"
4b64c142-d1d5-5530-a55f-a19d2a0ec1cb,"[""R011-B021"",""5.19"",""cyberbullying_prop_ci_ht""]",upstream_public_answer,ac07c5e5-0d69-5da3-abc4-369c11d9f355,,ch_foundations_for_inf/TeX/hypothesis_testing.tex,visually_checked,"[""18223f28-a74d-5f9f-a586-6c3ab2bbef1f"",""8205e88d-07dd-57ab-ae9a-c7e5f3bbf027""]"
4b6d3a80-1d24-55b9-84dd-6d4068279d00,"[""mix_and_match"",""eoce_2_10"",""R011-B005""]",none_public_upstream,,fc4a0a73-5451-507f-b8b8-f298e2b3445b,ch_summarizing_data/TeX/examining_numerical_data.tex,source_frozen,"[""18223f28-a74d-5f9f-a586-6c3ab2bbef1f""]"
4c0edf10-83ae-5f81-9b5c-cdd22190cf82,"[""R011-B009"",""school_absences""]",none_public_upstream,,2c310e10-609f-5bf6-ba9f-47d9610d8dff,ch_probability/TeX/defining_probability.tex,language_reviewed,"[""18223f28-a74d-5f9f-a586-6c3ab2bbef1f""]"
4e433fc3-72d5-5511-b8fa-f671182f898f,"[""R011-B012""]",inline_public_feedback,f737466c-6fe9-55d9-b2b4-09ec9a1f5afe,,ch_probability/TeX/ch_probability.tex,language_reviewed,"[""18223f28-a74d-5f9f-a586-6c3ab2bbef1f"",""f5cfd01e-9712-58ec-ac48-481f923814c1""]"
4e96e165-9be2-579d-841a-de9bed2617b4,"[""R011-B021"",""5.16"",""identify_hypotheses_prop_and_mean_2""]",no_public_answer_o001_gap,,3aa8dd30-31d2-5013-bde8-e99ec0d3aa77,ch_foundations_for_inf/TeX/hypothesis_testing.tex,visually_checked,"[""18223f28-a74d-5f9f-a586-6c3ab2bbef1f"",""8205e88d-07dd-57ab-ae9a-c7e5f3bbf027""]"
4ea6818e-d117-54fc-82d2-a1c20a3530fe,"[""R011-B014""]",public_appendix,d928dbf2-fc69-531e-8b15-3bc89d446671,,ch_distributions/TeX/normal_distribution.tex,language_reviewed,"[""18223f28-a74d-5f9f-a586-6c3ab2bbef1f"",""5013dc5b-3a29-5516-9948-98c064aa43e8""]"
4ed9ee7c-54bf-582b-afb9-ca61f17cab9b,"[""R011-B020"",""5.7"",""chronic_illness_intro""]",upstream_public_answer,20534028-bf75-5f73-b8fd-26400b3665d6,,ch_foundations_for_inf/TeX/confidence_intervals.tex,visually_checked,"[""18223f28-a74d-5f9f-a586-6c3ab2bbef1f"",""0af7d341-14fc-5fd0-a88a-6d753a22639e""]"
4fa0fd7b-9cac-53c7-a0f1-1fdbeaa2b52d,"[""R011-B012""]",none_public_upstream,,a0df2baf-c5c0-589c-89fa-7fd1639f0ba8,ch_probability/TeX/random_variables.tex,language_reviewed,"[""18223f28-a74d-5f9f-a586-6c3ab2bbef1f"",""f5cfd01e-9712-58ec-ac48-481f923814c1""]"
5172495b-cd2b-5f34-b695-29ce4bc07662,"[""space_launches"",""eoce_1_44"",""R011-B004R""]",none_public_upstream,,8d5e5ab9-c31c-537f-ba4a-0f8a898e573f,ch_intro_to_data/TeX/review_exercises.tex,source_frozen,"[""18223f28-a74d-5f9f-a586-6c3ab2bbef1f""]"
51f451c9-2225-5065-98f3-cd1cc5d4a119,"[""R011-B016"",""4.26"",""male_children""]",restricted_not_accessed,,798c9e9a-f8bf-5fb6-b0df-abbf7835da88,ch_distributions/TeX/binomial_distribution.tex,visually_checked,"[""18223f28-a74d-5f9f-a586-6c3ab2bbef1f"",""d79c0e4f-9e37-5e77-9080-34fed0852af2""]"
539c9f92-ebb5-583a-bbe7-033054cf48e2,"[""nexercise-2.1-03"",""R011-B005""]",public_inline,,,ch_summarizing_data/TeX/ch_summarizing_data.tex,source_frozen,"[""18223f28-a74d-5f9f-a586-6c3ab2bbef1f""]"
5418b4f9-77ac-546a-b7e2-5bc1c3fb75ca,"[""reading_paper"",""eoce_1_28"",""R011-B003""]",none_public_upstream,,86182b92-ee8a-559c-968c-7d194c50e9c9,ch_intro_to_data/TeX/sampling_principles_and_strategies.tex,source_frozen,"[""18223f28-a74d-5f9f-a586-6c3ab2bbef1f"",""33ab015a-b878-52bd-af46-2f824ee486c4""]"
548541ff-ef11-5c5c-839d-375d4724e8c9,"[""R011-B019"",""5.1"",""identify_parameter_1""]",upstream_public_answer,84d15a12-586a-5000-b0c8-394304dcd573,,ch_foundations_for_inf/TeX/variability_in_estimates.tex,visually_checked,"[""18223f28-a74d-5f9f-a586-6c3ab2bbef1f"",""2339d6ba-af30-5b38-86fe-8300dda0b66b""]"
54ab5e7d-5810-58e1-b6c1-e8b43217aece,"[""R011-B010"",""ch03-sec3.2-02""]",,,,ch_probability/TeX/ch_probability.tex,language_reviewed,"[""18223f28-a74d-5f9f-a586-6c3ab2bbef1f""]"
58a46bf1-0ddc-500b-908e-b1ca06bb63d2,"[""scope_airpoll"",""eoce_1_13"",""R011-B003""]",public_appendix,49928af2-5b48-5390-8a64-218e71c10a1a,,ch_intro_to_data/TeX/sampling_principles_and_strategies.tex,source_frozen,"[""18223f28-a74d-5f9f-a586-6c3ab2bbef1f""]"
59be9434-bd25-56d6-a333-e201b801b459,"[""R011-B014""]",inline_public_feedback,70f34cf6-8094-557c-aa8c-9c95a3542dbe,,ch_distributions/TeX/ch_distributions.tex,language_reviewed,"[""18223f28-a74d-5f9f-a586-6c3ab2bbef1f"",""5013dc5b-3a29-5516-9948-98c064aa43e8""]"
5b15175a-870f-5744-adb8-1dcc45901a71,"[""R011-B016"",""guided-exercise-04""]",inline_public,a5a48448-689d-5bbd-87e5-32da385fa42c,,ch_distributions/TeX/ch_distributions.tex,visually_checked,"[""18223f28-a74d-5f9f-a586-6c3ab2bbef1f"",""d79c0e4f-9e37-5e77-9080-34fed0852af2""]"
5bfb5b40-d95a-5f3f-a0fb-f65bf49e01a7,"[""R011-B010"",""ch03-sec3.2-13""]",,,,ch_probability/TeX/ch_probability.tex,language_reviewed,"[""18223f28-a74d-5f9f-a586-6c3ab2bbef1f""]"
5d1c54cb-75dd-5f1d-94d9-0795134806dd,"[""scope_stealers"",""eoce_1_16"",""R011-B003""]",none_public_upstream,,a967ccbc-648b-5a29-a41a-119f9073a205,ch_intro_to_data/TeX/sampling_principles_and_strategies.tex,source_frozen,"[""18223f28-a74d-5f9f-a586-6c3ab2bbef1f""]"
5e79109c-05de-5995-8080-138aa82c199d,"[""nexercise-2.1-13"",""R011-B005""]",public_inline,,,ch_summarizing_data/TeX/ch_summarizing_data.tex,source_frozen,"[""18223f28-a74d-5f9f-a586-6c3ab2bbef1f""]"
6240cbdc-102b-5a9c-a0f6-fe55a7e9aa6e,"[""R011-B018"",""4.31"",""coffee_shop_customers""]",public_appendix,f99edd5f-6026-5838-ba73-8d1c360754ca,,ch_distributions/TeX/poisson_distribution.tex,visually_checked,"[""18223f28-a74d-5f9f-a586-6c3ab2bbef1f"",""5c6f7ab4-aec9-55ec-9259-e81faf2ff939""]"
6242cdaa-0f32-5a58-a516-50bb0ef212b1,"[""R011-B023"",""6.30"",""apple_doctor_HT_concept""]",no_public_answer_o001_gap,,72b21515-5d52-5bd7-9a2e-ecd67a9baab7,ch_inference_for_props/TeX/difference_of_two_proportions.tex,visually_checked,"[""18223f28-a74d-5f9f-a586-6c3ab2bbef1f"",""a6e32195-1507-50f4-a3a0-88884cb47648""]"
629fb7c3-6d1a-5ba3-beac-8c54c1ef802a,"[""R011-B014""]",inline_public_feedback,c9675607-6a6b-56c9-9de1-6acc78b8b946,,ch_distributions/TeX/ch_distributions.tex,language_reviewed,"[""18223f28-a74d-5f9f-a586-6c3ab2bbef1f"",""5013dc5b-3a29-5516-9948-98c064aa43e8""]"
637ef199-c248-5656-98db-90f81aaf11cc,"[""R011-B010"",""ch03-sec3.2-11""]",,,,ch_probability/TeX/ch_probability.tex,language_reviewed,"[""18223f28-a74d-5f9f-a586-6c3ab2bbef1f""]"
64168f66-cd8a-5a1b-a859-284c1a945475,"[""R011-B010"",""burger_preferences""]",,ef25e2c4-b83a-58be-bfaa-8fe6b5fa5d63,,ch_probability/TeX/conditional_probability.tex,language_reviewed,"[""18223f28-a74d-5f9f-a586-6c3ab2bbef1f""]"
64294143-10b6-55bd-b6d1-765ffecaf3f0,"[""R011-B019"",""5.4"",""us_emergency_expense_prop""]",no_public_answer_o001_gap,,fbf7361b-d6a0-5cd6-8499-08fe1c54615f,ch_foundations_for_inf/TeX/variability_in_estimates.tex,visually_checked,"[""18223f28-a74d-5f9f-a586-6c3ab2bbef1f"",""2339d6ba-af30-5b38-86fe-8300dda0b66b""]"
64f44ebe-ba42-5019-b5eb-5340940dc948,"[""sinusitis_and_antibiotics_exp_resp"",""eoce_1_8""]",none_public_upstream,,1251bfe3-cb6e-57b6-98c3-da735d351a8e,ch_intro_to_data/TeX/data_basics.tex,source_frozen,"[""18223f28-a74d-5f9f-a586-6c3ab2bbef1f""]"
65551ca9-43d7-5ff5-957c-31dfc67eb47a,"[""dist_shape_housing_alcohol_salary"",""eoce_2_16"",""R011-B005""]",none_public_upstream,,938ff02b-f218-5723-8aaa-2fc3711a7157,ch_summarizing_data/TeX/examining_numerical_data.tex,source_frozen,"[""18223f28-a74d-5f9f-a586-6c3ab2bbef1f""]"
65f635a0-3fc6-597e-a8d0-7ce7ca4e7542,"[""R011-B022"",""6.4"",""young_americans_CLT_2""]",no_public_answer_o001_gap,,76784f3e-fd45-5d29-a9c0-6e419c64079b,ch_inference_for_props/TeX/inference_for_a_single_proportion.tex,visually_checked,"[""18223f28-a74d-5f9f-a586-6c3ab2bbef1f"",""42e21f32-ce64-55c7-b9f8-04eaad367833""]"
662ada1b-d83f-5db6-bffc-6ef98ab85458,"[""stressed_out_observational"",""eoce_1_22"",""R011-B003""]",none_public_upstream,,f1ae8a68-e6a0-5f5b-8620-ce8249bea3d8,ch_intro_to_data/TeX/sampling_principles_and_strategies.tex,source_frozen,"[""18223f28-a74d-5f9f-a586-6c3ab2bbef1f""]"
66ad4593-df37-5b7b-bd2c-14b7767ee4f6,"[""R011-B012""]",public_appendix,24b82592-6802-5f86-86a9-f633491e350a,,ch_probability/TeX/random_variables.tex,language_reviewed,"[""18223f28-a74d-5f9f-a586-6c3ab2bbef1f"",""f5cfd01e-9712-58ec-ac48-481f923814c1""]"
68bfba60-9cd5-54a0-94f7-11662305a6a3,"[""R011-B010"",""tree_thrombosis""]",,,57c61a2c-45fe-56ee-b26e-78b4607cf27f,ch_probability/TeX/conditional_probability.tex,language_reviewed,"[""18223f28-a74d-5f9f-a586-6c3ab2bbef1f""]"
69e6130f-70e9-5ba1-9f52-baaf7a2ac41e,"[""stressed_out_experiment"",""eoce_1_36"",""R011-B004R""]",none_public_upstream,,afc254fe-21db-54bf-a207-6cf4ea8f34ce,ch_intro_to_data/TeX/review_exercises.tex,source_frozen,"[""18223f28-a74d-5f9f-a586-6c3ab2bbef1f""]"
69f5c732-6e45-5282-ae95-2e58aa3e13e8,"[""R011-B023"",""6.17"",""social_experiment_conditions""]",upstream_public_answer,28d9fd77-1f60-563f-8748-b4c6d411e7d7,,ch_inference_for_props/TeX/difference_of_two_proportions.tex,visually_checked,"[""18223f28-a74d-5f9f-a586-6c3ab2bbef1f"",""a6e32195-1507-50f4-a3a0-88884cb47648""]"
6a382e37-fe07-52b9-8dd9-e399f6b64cec,"[""R011-B011"",""3.28"",""birthday_problem""]",none_public_upstream,,b07242e1-14c2-5194-89dd-4c4f5d3fa1f0,ch_probability/TeX/sampling_from_a_small_population.tex,language_reviewed,"[""18223f28-a74d-5f9f-a586-6c3ab2bbef1f"",""b8ee2bc6-8b07-51f4-8124-2fd462cd606b""]"
6a4104b8-6358-5cac-bb8f-44a62a948843,"[""US Airports"",""eoce_1_11""]",public_appendix,3024a3df-ad69-5255-943d-d2911908a101,,ch_intro_to_data/TeX/data_basics.tex,source_frozen,"[""18223f28-a74d-5f9f-a586-6c3ab2bbef1f""]"
6a97129a-886b-5c53-bcbb-de071986d1e8,"[""nexercise-2.2-02"",""R011-B006""]",public_inline,,,ch_summarizing_data/TeX/ch_summarizing_data.tex,source_frozen,"[""18223f28-a74d-5f9f-a586-6c3ab2bbef1f""]"
6bfdc5ac-bdd2-54b6-a33f-12868b604825,"[""R011-B021"",""5.21"",""minimum_wage_prop_1""]",upstream_public_answer,e5540218-dc9d-570f-804d-aacf55d6b99b,,ch_foundations_for_inf/TeX/hypothesis_testing.tex,visually_checked,"[""18223f28-a74d-5f9f-a586-6c3ab2bbef1f"",""8205e88d-07dd-57ab-ae9a-c7e5f3bbf027""]"
6cdc5305-7872-5fcc-b9b1-267950977dbe,"[""smoking_habits_UK_datamatrix"",""eoce_1_10""]",none_public_upstream,,23cf850c-f093-503a-9a95-3d9bcd433b7c,ch_intro_to_data/TeX/data_basics.tex,source_frozen,"[""18223f28-a74d-5f9f-a586-6c3ab2bbef1f""]"
6cf76de5-ad58-56a0-8ae3-941bf2616c52,"[""R011-B010"",""ch03-sec3.2-05""]",,,,ch_probability/TeX/ch_probability.tex,language_reviewed,"[""18223f28-a74d-5f9f-a586-6c3ab2bbef1f""]"
6fd54b2a-6a51-5f71-8a7b-fd2a10a6ab5d,"[""city_council_survey"",""eoce_1_38"",""R011-B004R""]",none_public_upstream,,b9df52a0-1b52-513c-af1d-ce03b66d9dd1,ch_intro_to_data/TeX/review_exercises.tex,source_frozen,"[""18223f28-a74d-5f9f-a586-6c3ab2bbef1f""]"
70513049-5725-57fb-a5c9-ffede960b3bf,"[""R011-B015"",""4.13"",""eye_color_geometric""]",public_appendix,e55434e8-058a-5e60-919a-a1335c091256,,ch_distributions/TeX/geometric_distribution.tex,visually_checked,"[""18223f28-a74d-5f9f-a586-6c3ab2bbef1f"",""586d1610-5f32-5232-ba50-6e2a04daf45a""]"
708fb94d-36a9-54fc-a0a4-13ae6a5bb4cf,"[""R011-B009"",""ch03-sec3.1-11""]",,,,ch_probability/TeX/ch_probability.tex,language_reviewed,"[""18223f28-a74d-5f9f-a586-6c3ab2bbef1f""]"
712ad509-94bf-5176-808c-99930068799b,"[""R011-B009"",""ch03-sec3.1-03""]",,,,ch_probability/TeX/ch_probability.tex,language_reviewed,"[""18223f28-a74d-5f9f-a586-6c3ab2bbef1f""]"
73520ca6-33b3-53b3-9713-2ad77ac46942,"[""college_sleeping"",""eoce_2_6"",""R011-B005""]",none_public_upstream,,db989fe3-bfe4-5edd-b70a-3b3531baf3de,ch_summarizing_data/TeX/examining_numerical_data.tex,source_frozen,"[""18223f28-a74d-5f9f-a586-6c3ab2bbef1f""]"
73da116e-6d01-56d0-b143-2ec2806b49a2,"[""income_coffee_shop"",""eoce_2_17"",""R011-B005""]",public_appendix,ea975387-3208-52a7-bab8-012230362971,,ch_summarizing_data/TeX/examining_numerical_data.tex,source_frozen,"[""18223f28-a74d-5f9f-a586-6c3ab2bbef1f""]"
753a9ad8-efd9-5d25-994f-58afc08a289e,"[""R011-B021"",""5.20"",""er_wait_ci_ht_prop_ok""]",no_public_answer_o001_gap,,298a102f-74b9-57ac-bda8-bb93742d3f9c,ch_foundations_for_inf/TeX/hypothesis_testing.tex,visually_checked,"[""18223f28-a74d-5f9f-a586-6c3ab2bbef1f"",""8205e88d-07dd-57ab-ae9a-c7e5f3bbf027""]"
75bf42e8-7e18-5f6a-9e73-838f25cb78d6,"[""R011-B020"",""5.9"",""chronic_illness_tf""]",upstream_public_answer,f21fbe49-90fc-5353-bd01-d6b049e9f0b0,,ch_foundations_for_inf/TeX/confidence_intervals.tex,visually_checked,"[""18223f28-a74d-5f9f-a586-6c3ab2bbef1f"",""0af7d341-14fc-5fd0-a88a-6d753a22639e""]"
76494447-2b5b-55a0-acf9-028b903fa8cb,"[""course_satisfaction_sections"",""eoce_1_19"",""R011-B003""]",public_appendix,8f0807ed-49cf-58cd-829e-096e53f1df1c,,ch_intro_to_data/TeX/sampling_principles_and_strategies.tex,source_frozen,"[""18223f28-a74d-5f9f-a586-6c3ab2bbef1f""]"
7addf1c9-9003-5d87-b901-6211727146b0,"[""nexercise-2.1-10"",""R011-B005""]",public_inline,,,ch_summarizing_data/TeX/ch_summarizing_data.tex,source_frozen,"[""18223f28-a74d-5f9f-a586-6c3ab2bbef1f""]"
7ae19261-f4cb-59d4-8a9d-9b102f65bc1c,"[""R011-B020"",""5.12"",""mental_health""]",no_public_answer_o001_gap,,6f598606-94ee-5cb3-bad5-90132d379848,ch_foundations_for_inf/TeX/confidence_intervals.tex,visually_checked,"[""18223f28-a74d-5f9f-a586-6c3ab2bbef1f"",""0af7d341-14fc-5fd0-a88a-6d753a22639e""]"
7cb7707e-3d93-56dc-8117-c4d5dfbc9e3c,"[""R011-B014""]",inline_public_feedback,7178d9fa-ae2b-54d9-859b-d089f4eb1e31,,ch_distributions/TeX/ch_distributions.tex,language_reviewed,"[""18223f28-a74d-5f9f-a586-6c3ab2bbef1f"",""5013dc5b-3a29-5516-9948-98c064aa43e8""]"
7d606a5f-8ba7-518f-8651-397ed719dd34,"[""R011-B012""]",inline_public_feedback,b3e99a20-b89a-57f1-bde3-b30db27daa44,,ch_probability/TeX/ch_probability.tex,language_reviewed,"[""18223f28-a74d-5f9f-a586-6c3ab2bbef1f"",""f5cfd01e-9712-58ec-ac48-481f923814c1""]"
7ede0e9f-047f-5ea5-acdf-149e26f70e15,"[""R011-B009"",""guessing_on_exam""]",none_public_upstream,,515efb79-a528-5356-a661-9d8e8ce9caad,ch_probability/TeX/defining_probability.tex,language_reviewed,"[""18223f28-a74d-5f9f-a586-6c3ab2bbef1f""]"
7f58e57a-0155-5ff2-b66a-00cb3f12d3f7,"[""R011-B014""]",inline_public_feedback,61986d2d-c58a-50dc-9ff1-bb4acb330395,,ch_distributions/TeX/ch_distributions.tex,language_reviewed,"[""18223f28-a74d-5f9f-a586-6c3ab2bbef1f"",""5013dc5b-3a29-5516-9948-98c064aa43e8""]"
7f6efe22-ac57-53a1-bb09-e6e9d1e12742,"[""R011-B023"",""6.29"",""hiv_africa_HT""]",upstream_public_answer,9fab543d-9c7d-53c2-b046-4a9e22bf5648,,ch_inference_for_props/TeX/difference_of_two_proportions.tex,visually_checked,"[""18223f28-a74d-5f9f-a586-6c3ab2bbef1f"",""a6e32195-1507-50f4-a3a0-88884cb47648""]"
7fb6fb37-23be-57f3-af92-f7f18dbb1210,"[""oscar_winners"",""eoce_2_31"",""R011-B008""]",public_appendix,1e6a7873-9995-5e0c-ac60-7ce19d16b804,,ch_summarizing_data/TeX/review_exercises.tex,source_frozen,"[""18223f28-a74d-5f9f-a586-6c3ab2bbef1f""]"
7fd8dc8e-619e-5d32-a046-da020e549122,"[""random_digit_dialing"",""eoce_1_24"",""R011-B003""]",none_public_upstream,,a32f1fda-d931-5107-8078-3c5e0521edfa,ch_intro_to_data/TeX/sampling_principles_and_strategies.tex,source_frozen,"[""18223f28-a74d-5f9f-a586-6c3ab2bbef1f""]"
800f9dd1-220d-5885-9921-06e4d5b61e31,"[""R011-B009"",""ch03-sec3.1-12""]",,,,ch_probability/TeX/ch_probability.tex,language_reviewed,"[""18223f28-a74d-5f9f-a586-6c3ab2bbef1f""]"
815b7409-9f56-55aa-961e-00747573787c,"[""R011-B016"",""4.23"",""eye_color_binomial""]",public_appendix,408d124e-246c-516b-bf70-07b286a1a9c0,,ch_distributions/TeX/binomial_distribution.tex,visually_checked,"[""18223f28-a74d-5f9f-a586-6c3ab2bbef1f"",""d79c0e4f-9e37-5e77-9080-34fed0852af2""]"
819ab7d0-979c-5d4f-a76f-136d41ec6534,"[""R011-B016"",""4.20"",""chicken_pox_normal_approx""]",restricted_not_accessed,,0e509663-5b62-5a76-9681-20530b5c481f,ch_distributions/TeX/binomial_distribution.tex,visually_checked,"[""18223f28-a74d-5f9f-a586-6c3ab2bbef1f"",""d79c0e4f-9e37-5e77-9080-34fed0852af2""]"
8440384d-75f1-5b2d-bef0-b4deae5a72aa,"[""R011-B021"",""5.22"",""univ_students_enough_sleep""]",no_public_answer_o001_gap,,c57533e1-d3ac-509f-80f5-c41cbe5f68c4,ch_foundations_for_inf/TeX/hypothesis_testing.tex,visually_checked,"[""18223f28-a74d-5f9f-a586-6c3ab2bbef1f"",""8205e88d-07dd-57ab-ae9a-c7e5f3bbf027""]"
84c758c7-8306-5408-860d-3f73b46906dd,"[""R011-B017"",""guided-exercise-05""]",inline_public,781408f6-5e1c-57f5-ac70-34806b6d7b5a,,ch_distributions/TeX/ch_distributions.tex,visually_checked,"[""18223f28-a74d-5f9f-a586-6c3ab2bbef1f"",""69574f5b-e113-5529-9d72-6ebfd1501a86""]"
85124b7a-8d55-5597-8711-5649f8f185e2,"[""nexercise-2.1-09"",""R011-B005""]",public_inline,,,ch_summarizing_data/TeX/ch_summarizing_data.tex,source_frozen,"[""18223f28-a74d-5f9f-a586-6c3ab2bbef1f""]"
856505fb-f578-53f6-84b5-73d5c790a909,"[""R011-B023"",""6.27"",""sleep_deprived_driver_HT""]",upstream_public_answer,d9efb99c-8c75-58b6-be7f-d14996d9f5b0,,ch_inference_for_props/TeX/difference_of_two_proportions.tex,visually_checked,"[""18223f28-a74d-5f9f-a586-6c3ab2bbef1f"",""a6e32195-1507-50f4-a3a0-88884cb47648""]"
85bd3c0a-1ace-50da-a8bb-ad2cdfc09ce0,"[""R011-B020"",""5.14"",""store_coupon_prop""]",no_public_answer_o001_gap,,b93473c6-05cb-5e3f-ac39-5300f6b8d0bf,ch_foundations_for_inf/TeX/confidence_intervals.tex,visually_checked,"[""18223f28-a74d-5f9f-a586-6c3ab2bbef1f"",""0af7d341-14fc-5fd0-a88a-6d753a22639e""]"
86a3e7b7-abec-5677-b5cf-7e7dbdb08ae4,"[""R011-B011""]",inline_public_feedback,0490a7f0-3ec2-599c-9bb2-efb58d5eb4ae,,ch_probability/TeX/ch_probability.tex,language_reviewed,"[""18223f28-a74d-5f9f-a586-6c3ab2bbef1f"",""b8ee2bc6-8b07-51f4-8124-2fd462cd606b""]"
86e62e31-0bad-56b8-89e6-94f25f6bff23,"[""R011-B010"",""ch03-sec3.2-03""]",,,,ch_probability/TeX/ch_probability.tex,language_reviewed,"[""18223f28-a74d-5f9f-a586-6c3ab2bbef1f""]"
8868dde0-1b24-50b5-b2db-6a015a22952c,"[""R011-B019"",""5.3"",""comp_chips_quality_ctrl_prop""]",upstream_public_answer,89e537f6-8c20-53ee-88ad-d52ceedd753c,,ch_foundations_for_inf/TeX/variability_in_estimates.tex,visually_checked,"[""18223f28-a74d-5f9f-a586-6c3ab2bbef1f"",""2339d6ba-af30-5b38-86fe-8300dda0b66b""]"
8a23e856-49af-570b-8460-82f99ced2ef0,"[""air_quality_durham"",""eoce_2_11"",""R011-B005""]",public_appendix,0c5a6a38-7e7c-5ca9-91cb-d65cbe872021,,ch_summarizing_data/TeX/examining_numerical_data.tex,source_frozen,"[""18223f28-a74d-5f9f-a586-6c3ab2bbef1f""]"
8b9932bf-3164-5e36-a64a-304ae1894c90,"[""randomization_heart_transplants"",""eoce_2_26"",""R011-B007""]",none_public_upstream,,e5b443a8-bb27-5980-8512-cc432aaaf1b5,ch_summarizing_data/TeX/case_study_malaria_vaccine.tex,source_frozen,"[""18223f28-a74d-5f9f-a586-6c3ab2bbef1f""]"
8c0909cc-fb44-5dd7-bdee-c67de8dd6300,"[""R011-B023"",""6.24"",""sleep_OR_CA_HT""]",no_public_answer_o001_gap,,1dbbbfb6-c449-5320-be78-32252149f385,ch_inference_for_props/TeX/difference_of_two_proportions.tex,visually_checked,"[""18223f28-a74d-5f9f-a586-6c3ab2bbef1f"",""a6e32195-1507-50f4-a3a0-88884cb47648""]"
8c1f82f6-34a3-53be-9da6-0fa74df91111,"[""county_hispanic_pop"",""eoce_2_20"",""R011-B005""]",none_public_upstream,,ea924b71-03f1-5fa6-9066-1d0a27bb3180,ch_summarizing_data/TeX/examining_numerical_data.tex,source_frozen,"[""18223f28-a74d-5f9f-a586-6c3ab2bbef1f""]"
8cd11f37-e330-56f8-96c4-18968b901319,"[""nexercise-2.1-05"",""R011-B005""]",public_inline,,,ch_summarizing_data/TeX/ch_summarizing_data.tex,source_frozen,"[""18223f28-a74d-5f9f-a586-6c3ab2bbef1f""]"
8d6c63f9-60c2-562b-84f3-86db59a7d01e,"[""new_stat"",""eoce_2_30"",""R011-B008""]",none_public_upstream,,289e08ee-d483-592e-83b3-e37e6fb69fe3,ch_summarizing_data/TeX/review_exercises.tex,source_frozen,"[""18223f28-a74d-5f9f-a586-6c3ab2bbef1f""]"
91ba13f8-fa37-5dfd-bd04-5c6ed332dfe8,"[""R011-B016"",""guided-exercise-05""]",inline_public,b15753f7-0954-5c1d-bc3b-cdf0c533735d,,ch_distributions/TeX/ch_distributions.tex,visually_checked,"[""18223f28-a74d-5f9f-a586-6c3ab2bbef1f"",""d79c0e4f-9e37-5e77-9080-34fed0852af2""]"
91fc3301-cb1f-55c9-be90-4bcb58dca050,"[""mammal_life_spans"",""eoce_2_1"",""R011-B005""]",public_appendix,f420613b-16ba-5da1-a8a8-6e5b2cf9ccb9,,ch_summarizing_data/TeX/examining_numerical_data.tex,source_frozen,"[""18223f28-a74d-5f9f-a586-6c3ab2bbef1f""]"
934f478e-1372-5c73-9c65-90094a7a5d9a,"[""R011-B010"",""global_warming""]",,4d283c50-161a-5cc0-983b-b7fa7c39ae0f,,ch_probability/TeX/conditional_probability.tex,language_reviewed,"[""18223f28-a74d-5f9f-a586-6c3ab2bbef1f""]"
94c828eb-0092-5c7a-b594-f8a6f1008031,"[""exercise_mental_health"",""eoce_1_34"",""R011-B004""]",none_public_upstream,,891d5085-7823-51b4-aaed-e800d34935e9,ch_intro_to_data/TeX/experiments.tex,source_frozen,"[""18223f28-a74d-5f9f-a586-6c3ab2bbef1f""]"
9608a696-6681-5299-bb35-eb0263f75a97,"[""R011-B015"",""4.14"",""defective_rate""]",restricted_not_accessed,,8d4273a2-9a72-5027-8010-17f8e6328cf8,ch_distributions/TeX/geometric_distribution.tex,visually_checked,"[""18223f28-a74d-5f9f-a586-6c3ab2bbef1f"",""586d1610-5f32-5232-ba50-6e2a04daf45a""]"
961275f4-5a1e-59a5-8a35-44ba47c24314,"[""sec2.3-guided-01"",""R011-B007""]",inline_public_feedback,,,ch_summarizing_data/TeX/ch_summarizing_data.tex,source_frozen,"[""18223f28-a74d-5f9f-a586-6c3ab2bbef1f""]"
96fece53-721f-51e8-b295-82cbff70b14a,"[""R011-B022"",""6.12"",""college_worth_it_HT_CI""]",no_public_answer_o001_gap,,b2cf5588-2817-5b14-8d8c-1a22b61099c7,ch_inference_for_props/TeX/inference_for_a_single_proportion.tex,visually_checked,"[""18223f28-a74d-5f9f-a586-6c3ab2bbef1f"",""42e21f32-ce64-55c7-b9f8-04eaad367833""]"
97422792-2010-5ea8-9616-b1f55c20cdf6,"[""dist_shape_TV_watchers"",""eoce_2_29"",""R011-B008""]",public_appendix,8759fdd7-08ec-51f2-8f2d-655e40548142,,ch_summarizing_data/TeX/review_exercises.tex,source_frozen,"[""18223f28-a74d-5f9f-a586-6c3ab2bbef1f""]"
981a77ce-25ad-5caf-ab40-e597c250cae9,"[""nexercise-2.2-01"",""R011-B006""]",public_inline,,,ch_summarizing_data/TeX/ch_summarizing_data.tex,source_frozen,"[""18223f28-a74d-5f9f-a586-6c3ab2bbef1f""]"
98298447-2c5d-5aa9-9e52-552c61c4e232,"[""R011-B014""]",inline_public_feedback,dd2e967a-369f-50ed-845a-6c3c019eda1d,,ch_distributions/TeX/ch_distributions.tex,language_reviewed,"[""18223f28-a74d-5f9f-a586-6c3ab2bbef1f"",""5013dc5b-3a29-5516-9948-98c064aa43e8""]"
98f96526-d335-579f-8990-474cae0b598a,"[""means_sds"",""eoce_2_9"",""R011-B005""]",public_appendix,20b13ee4-e03c-53fa-ae0f-d8eee0d4f258,,ch_summarizing_data/TeX/examining_numerical_data.tex,source_frozen,"[""18223f28-a74d-5f9f-a586-6c3ab2bbef1f""]"
9c3f7c19-0f6c-5060-9c70-d8585ba33850,"[""music_learning"",""eoce_1_32"",""R011-B004""]",none_public_upstream,,6f83dd5f-f193-5e7a-b366-f24ab038d7b0,ch_intro_to_data/TeX/experiments.tex,source_frozen,"[""18223f28-a74d-5f9f-a586-6c3ab2bbef1f""]"
9c909fc2-49b5-5c03-a79f-ac7984a56db5,"[""R011-B010"",""tree_lupus""]",,148fb9c7-6f08-569a-bcf8-32d935ff1598,,ch_probability/TeX/conditional_probability.tex,language_reviewed,"[""18223f28-a74d-5f9f-a586-6c3ab2bbef1f""]"
9cbfe34c-6e10-5f65-ae94-949f6dd85356,"[""R011-B016"",""4.19"",""underage_drinking_normal_approx""]",public_appendix,d5aa5dd0-a4a6-5114-a10c-c5dc21469ffc,,ch_distributions/TeX/binomial_distribution.tex,visually_checked,"[""18223f28-a74d-5f9f-a586-6c3ab2bbef1f"",""d79c0e4f-9e37-5e77-9080-34fed0852af2""]"
9ce6e3d6-a448-524e-9e0c-005767bdaded,"[""R011-B009"",""ch03-sec3.1-15""]",,,,ch_probability/TeX/ch_probability.tex,language_reviewed,"[""18223f28-a74d-5f9f-a586-6c3ab2bbef1f""]"
9dc09770-ae18-5fa5-95d7-a5f0ef2d2e3d,"[""nexercise-2.1-12"",""R011-B005""]",public_inline,,,ch_summarizing_data/TeX/ch_summarizing_data.tex,source_frozen,"[""18223f28-a74d-5f9f-a586-6c3ab2bbef1f""]"
9ffbb29e-06de-5487-9e89-c5638618252f,"[""migraine_and_acupuncture_exp_resp"",""eoce_1_7""]",public_appendix,d8f095f4-b65e-533d-ae7e-f9eeeeb3835a,,ch_intro_to_data/TeX/data_basics.tex,source_frozen,"[""18223f28-a74d-5f9f-a586-6c3ab2bbef1f""]"
a067a93b-4d57-52cd-aed6-d6a6dfc3d061,"[""R011-B014""]",inline_public_feedback,d7d6af21-484d-5fac-a84f-e07c7e5a7141,,ch_distributions/TeX/ch_distributions.tex,language_reviewed,"[""18223f28-a74d-5f9f-a586-6c3ab2bbef1f"",""5013dc5b-3a29-5516-9948-98c064aa43e8""]"
a0d3c8bc-4d53-56d0-b23d-9856448fd67a,"[""R011-B023"",""6.23"",""offshore_drill_edu_dontknow_HT""]",upstream_public_answer,e0a39794-bf97-5b87-871a-1ef69e6dbaf0,,ch_inference_for_props/TeX/difference_of_two_proportions.tex,visually_checked,"[""18223f28-a74d-5f9f-a586-6c3ab2bbef1f"",""a6e32195-1507-50f4-a3a0-88884cb47648""]"
a1a0c4d5-bb5f-5f11-8467-b85b96386d98,"[""R011-B023"",""6.20"",""government_shutdown_CI_concept""]",no_public_answer_o001_gap,,2719cfa5-2598-5681-a0c3-cf6595e5dc33,ch_inference_for_props/TeX/difference_of_two_proportions.tex,visually_checked,"[""18223f28-a74d-5f9f-a586-6c3ab2bbef1f"",""a6e32195-1507-50f4-a3a0-88884cb47648""]"
a2d7c08f-a68f-555b-8a60-aac7b1fb5b5c,"[""R011-B022"",""6.14"",""college_worth_it_CI_sample_size""]",no_public_answer_o001_gap,,1c2a3762-227c-5304-80cf-42596d30f63d,ch_inference_for_props/TeX/inference_for_a_single_proportion.tex,visually_checked,"[""18223f28-a74d-5f9f-a586-6c3ab2bbef1f"",""42e21f32-ce64-55c7-b9f8-04eaad367833""]"
a303d853-efe3-507d-afe8-c73d2b08a4d7,"[""R011-B014""]",inline_public_feedback,596da6d2-a29c-5988-8c0f-afeb014b202a,,ch_distributions/TeX/ch_distributions.tex,language_reviewed,"[""18223f28-a74d-5f9f-a586-6c3ab2bbef1f"",""5013dc5b-3a29-5516-9948-98c064aa43e8""]"
a36ab1c7-bd48-56b4-9fad-0b6b45f6639a,"[""R011-B015"",""4.15"",""bernoulli_mean_derivation""]",public_appendix,a4e73da4-905d-55ee-8d61-b70d34d02530,,ch_distributions/TeX/geometric_distribution.tex,visually_checked,"[""18223f28-a74d-5f9f-a586-6c3ab2bbef1f"",""586d1610-5f32-5232-ba50-6e2a04daf45a""]"
a41e10d3-917e-5713-82ad-81edbe6ee827,"[""R011-B016"",""guided-exercise-09""]",inline_public,b3eb2905-acdd-58e3-854a-817eba68aab8,,ch_distributions/TeX/ch_distributions.tex,visually_checked,"[""18223f28-a74d-5f9f-a586-6c3ab2bbef1f"",""d79c0e4f-9e37-5e77-9080-34fed0852af2""]"
a45a4e37-02f3-50f6-a423-2f5f56c2322e,"[""R011-B016"",""4.18"",""chicken_pox_intro""]",restricted_not_accessed,,4c108ea1-053b-5c1a-aff3-36d3c05d765a,ch_distributions/TeX/binomial_distribution.tex,visually_checked,"[""18223f28-a74d-5f9f-a586-6c3ab2bbef1f"",""d79c0e4f-9e37-5e77-9080-34fed0852af2""]"
a4fad9ef-faed-5351-abaa-1be94f22a3b9,"[""R011-B023"",""6.21"",""national_health_plan_CI_replaced""]",upstream_public_answer,b3724ef2-bc44-5024-b4b3-ef8b0669972c,,ch_inference_for_props/TeX/difference_of_two_proportions.tex,visually_checked,"[""18223f28-a74d-5f9f-a586-6c3ab2bbef1f"",""a6e32195-1507-50f4-a3a0-88884cb47648""]"
a5d1f326-634c-5bcf-b4b2-9c9dea130284,"[""R011-B009"",""edu_attain_couples""]",public_appendix,21fbf5c8-a2e1-5fba-9685-5f0b02eadb01,,ch_probability/TeX/defining_probability.tex,language_reviewed,"[""18223f28-a74d-5f9f-a586-6c3ab2bbef1f""]"
a72d52ee-0344-56a3-9746-98c4db684cf0,"[""R011-B010"",""assortative_mating""]",,,c163c8b3-1093-54f3-beb4-47248e2ba6ae,ch_probability/TeX/conditional_probability.tex,language_reviewed,"[""18223f28-a74d-5f9f-a586-6c3ab2bbef1f""]"
a74608ed-09bd-5bc9-b1a8-0118b4dbe4d2,"[""unvotes"",""eoce_1_12""]",none_public_upstream,,d47db775-23f5-5854-89aa-2c29a9e39d34,ch_intro_to_data/TeX/data_basics.tex,source_frozen,"[""18223f28-a74d-5f9f-a586-6c3ab2bbef1f""]"
a8c0aef5-98c8-5736-9a1e-e73de2cec4cc,"[""R011-B009"",""dice_rolls""]",none_public_upstream,,321ef87e-997f-56ad-9fe1-63b8ba6aa4db,ch_probability/TeX/defining_probability.tex,language_reviewed,"[""18223f28-a74d-5f9f-a586-6c3ab2bbef1f""]"
a8faf5b0-451c-5cc3-b492-052fc857d718,"[""R011-B017"",""4.29"",""sampling_at_school""]",public_appendix,09ee98f6-b664-51bb-b049-8de2a75f380c,,ch_distributions/TeX/negative_binomial_distribution.tex,visually_checked,"[""18223f28-a74d-5f9f-a586-6c3ab2bbef1f"",""69574f5b-e113-5529-9d72-6ebfd1501a86""]"
aa5cb6c8-d476-55b8-9f52-8356e0a9e26b,"[""R011-B018"",""4.34"",""lost_baggage""]",restricted_not_accessed,,2246569a-02f8-5d87-a18d-5d5f223c8464,ch_distributions/TeX/poisson_distribution.tex,visually_checked,"[""18223f28-a74d-5f9f-a586-6c3ab2bbef1f"",""5c6f7ab4-aec9-55ec-9259-e81faf2ff939""]"
aaaf998a-0136-55b4-a71e-e50907922fb3,"[""nexercise-2.1-08"",""R011-B005""]",public_inline,,,ch_summarizing_data/TeX/ch_summarizing_data.tex,source_frozen,"[""18223f28-a74d-5f9f-a586-6c3ab2bbef1f""]"
ab27db6b-571d-5b55-908f-97ce3cec29d0,"[""R011-B012""]",none_public_upstream,,bcf10718-b547-5025-a829-51ae07a1cd56,ch_probability/TeX/random_variables.tex,language_reviewed,"[""18223f28-a74d-5f9f-a586-6c3ab2bbef1f"",""f5cfd01e-9712-58ec-ac48-481f923814c1""]"
ac2eadec-b632-5fad-ab1f-e392e30ab0a1,"[""R011-B018"",""4.33"",""cars_in_parking_lot""]",public_appendix,f5b3cfaa-84c4-5c35-bb2f-c6fde639a960,,ch_distributions/TeX/poisson_distribution.tex,visually_checked,"[""18223f28-a74d-5f9f-a586-6c3ab2bbef1f"",""5c6f7ab4-aec9-55ec-9259-e81faf2ff939""]"
ac4ef134-e728-567a-9bc4-2a1255aa7b0a,"[""study_components_airpoll"",""eoce_1_3""]",public_appendix,02f6e6bb-cb13-52fa-bcd9-7183093cea93,,ch_intro_to_data/TeX/data_basics.tex,source_frozen,"[""18223f28-a74d-5f9f-a586-6c3ab2bbef1f""]"
acf24d30-fdbc-5754-af58-b1cede312064,"[""R011-B021"",""5.25"",""errors_fibromyalgia""]",upstream_public_answer,63c98f70-5635-52bb-ac09-fd191e570e5b,,ch_foundations_for_inf/TeX/hypothesis_testing.tex,visually_checked,"[""18223f28-a74d-5f9f-a586-6c3ab2bbef1f"",""8205e88d-07dd-57ab-ae9a-c7e5f3bbf027""]"
ad088d84-2be6-5f62-9470-ee5552968ec1,"[""R011-B010"",""ch03-sec3.2-15""]",,,,ch_probability/TeX/ch_probability.tex,language_reviewed,"[""18223f28-a74d-5f9f-a586-6c3ab2bbef1f""]"
add18feb-7f00-5d88-9d5d-1aee4a19a118,"[""R011-B017"",""4.28"",""play_darts""]",restricted_not_accessed,,22e23be7-40ea-59b9-83ec-2384fba72685,ch_distributions/TeX/negative_binomial_distribution.tex,visually_checked,"[""18223f28-a74d-5f9f-a586-6c3ab2bbef1f"",""69574f5b-e113-5529-9d72-6ebfd1501a86""]"
ae22caa7-8243-57e4-bc44-7aa51b6c9a4b,"[""R011-B022"",""6.8"",""greece_life_rating_CI""]",no_public_answer_o001_gap,,622b7b13-0a98-5710-ba5a-b2b5b63b5492,ch_inference_for_props/TeX/inference_for_a_single_proportion.tex,visually_checked,"[""18223f28-a74d-5f9f-a586-6c3ab2bbef1f"",""42e21f32-ce64-55c7-b9f8-04eaad367833""]"
ae3606cc-dcb8-5ad9-85ed-a2d71faca4ed,"[""R011-B021"",""5.23"",""backwards_prop_1""]",upstream_public_answer,69ed5974-de3e-508e-98d1-5c8b5a09ec41,,ch_foundations_for_inf/TeX/hypothesis_testing.tex,visually_checked,"[""18223f28-a74d-5f9f-a586-6c3ab2bbef1f"",""8205e88d-07dd-57ab-ae9a-c7e5f3bbf027""]"
ae99b71c-708a-5037-863c-1a64f98f58e1,"[""R011-B015"",""4.12"",""with_without_replacement""]",restricted_not_accessed,,7d2edadc-70b1-5b76-907f-b289a9d746f7,ch_distributions/TeX/geometric_distribution.tex,visually_checked,"[""18223f28-a74d-5f9f-a586-6c3ab2bbef1f"",""586d1610-5f32-5232-ba50-6e2a04daf45a""]"
af685fb6-e44f-55f1-9419-ddd28f320c68,"[""R011-B012""]",inline_public_feedback,72db07fc-c9f5-5dd6-8b42-53729c34751f,,ch_probability/TeX/ch_probability.tex,language_reviewed,"[""18223f28-a74d-5f9f-a586-6c3ab2bbef1f"",""f5cfd01e-9712-58ec-ac48-481f923814c1""]"
b1193e47-cb89-5836-85ff-5fa2be7997ce,"[""migraine_and_acupuncture_intro"",""eoce_1_1""]",public_appendix,4cdfa335-3e1e-523b-88f0-48d4d680a618,,ch_intro_to_data/TeX/case_study_using_stents_to_prevent_strokes.tex,source_frozen,"[""18223f28-a74d-5f9f-a586-6c3ab2bbef1f"",""5e3e3e1d-d971-53de-98b9-f47c833ea058""]"
b3aa5c90-7b32-5b0d-bf2b-0adf367b2a9c,"[""R011-B015"",""4.16"",""bernoulli_sd_derivation""]",restricted_not_accessed,,26fb765f-2e6c-5252-8646-5e36a65028a8,ch_distributions/TeX/geometric_distribution.tex,visually_checked,"[""18223f28-a74d-5f9f-a586-6c3ab2bbef1f"",""586d1610-5f32-5232-ba50-6e2a04daf45a""]"
b4950b8d-fc43-509b-ae57-5e5466047f82,"[""R011-B010"",""ch03-sec3.2-04""]",,,,ch_probability/TeX/ch_probability.tex,language_reviewed,"[""18223f28-a74d-5f9f-a586-6c3ab2bbef1f""]"
b51285a0-3bfa-55b0-ba7d-2acaf50d4339,"[""R011-B012""]",inline_public_feedback,f4e2f13b-d59e-5d4e-a7be-690e28ef9f2b,,ch_probability/TeX/ch_probability.tex,language_reviewed,"[""18223f28-a74d-5f9f-a586-6c3ab2bbef1f"",""f5cfd01e-9712-58ec-ac48-481f923814c1""]"
b631db70-a7e1-5887-a670-1b5a7b96b58d,"[""R011-B022"",""6.16"",""legalize_marijuana_CI_sample_size""]",no_public_answer_o001_gap,,1286efe9-7718-56e2-bdd6-c1714726f560,ch_inference_for_props/TeX/inference_for_a_single_proportion.tex,visually_checked,"[""18223f28-a74d-5f9f-a586-6c3ab2bbef1f"",""42e21f32-ce64-55c7-b9f8-04eaad367833""]"
b82173dd-a963-514b-8628-cd6c9d97f633,"[""stanford_open_policing"",""eoce_1_43"",""R011-B004R""]",public_appendix,8eb2d76e-01a5-5f6a-944c-4dc01adf6597,,ch_intro_to_data/TeX/review_exercises.tex,source_frozen,"[""18223f28-a74d-5f9f-a586-6c3ab2bbef1f""]"
b96cf383-2b68-558c-85e4-82c8b25f30de,"[""cats_on_youtube_definitions"",""eoce_1_18"",""R011-B003""]",none_public_upstream,,f0c1f9cb-527a-5167-a12e-3d5e0447d863,ch_intro_to_data/TeX/sampling_principles_and_strategies.tex,source_frozen,"[""18223f28-a74d-5f9f-a586-6c3ab2bbef1f""]"
bc3c1ba0-0a67-533d-968d-9b5e4100a047,"[""R011-B023"",""6.22"",""sleep_OR_CA_CI""]",no_public_answer_o001_gap,,6f033d02-b193-5e93-9178-e3b8a34d3a81,ch_inference_for_props/TeX/difference_of_two_proportions.tex,visually_checked,"[""18223f28-a74d-5f9f-a586-6c3ab2bbef1f"",""a6e32195-1507-50f4-a3a0-88884cb47648""]"
be52aff2-82ec-57e8-9248-7d5838b5503a,"[""R011-B012""]",inline_public_feedback,6a7ec1cc-2062-594b-9240-1d3b747f9099,,ch_probability/TeX/ch_probability.tex,language_reviewed,"[""18223f28-a74d-5f9f-a586-6c3ab2bbef1f"",""f5cfd01e-9712-58ec-ac48-481f923814c1""]"
be68d249-d0b7-55f6-9d31-100dc668e656,"[""office_productivity"",""eoce_2_4"",""R011-B005""]",none_public_upstream,,74df7b7d-b3b8-5719-9c25-bb11c33719ce,ch_summarizing_data/TeX/examining_numerical_data.tex,source_frozen,"[""18223f28-a74d-5f9f-a586-6c3ab2bbef1f""]"
bf8a9ea5-2ceb-51fa-b10f-4c470d3b7e00,"[""makeup_exam"",""eoce_2_27"",""R011-B008""]",public_appendix,8f4e417c-5097-514a-9c06-f4a3c67e664b,,ch_summarizing_data/TeX/review_exercises.tex,source_frozen,"[""18223f28-a74d-5f9f-a586-6c3ab2bbef1f""]"
bf945453-3b30-5e37-9b6f-e1a99953874b,"[""R011-B022"",""6.10"",""legalize_marijuana_CI_decision""]",no_public_answer_o001_gap,,14cc9ead-632b-5e7e-88d1-a8361fde920c,ch_inference_for_props/TeX/inference_for_a_single_proportion.tex,visually_checked,"[""18223f28-a74d-5f9f-a586-6c3ab2bbef1f"",""42e21f32-ce64-55c7-b9f8-04eaad367833""]"
c008ad85-0b9e-5a0c-bd8a-16e3520c8c96,"[""vitamin_supplement"",""eoce_1_30"",""R011-B004""]",none_public_upstream,,bb358941-f51d-5672-8852-c758af7bae68,ch_intro_to_data/TeX/experiments.tex,source_frozen,"[""18223f28-a74d-5f9f-a586-6c3ab2bbef1f""]"
c03720ee-be18-50bc-a512-6f4b2de1081c,"[""R011-B009"",""backgammon""]",none_public_upstream,,b17f7da3-04b4-582c-bf17-72ea6f55ce3c,ch_probability/TeX/defining_probability.tex,language_reviewed,"[""18223f28-a74d-5f9f-a586-6c3ab2bbef1f""]"
c0bd2c0d-1734-5635-9b83-fea31490ec87,"[""parameters_stats"",""eoce_2_5"",""R011-B005""]",public_appendix,21410d70-b32f-52d9-8f1a-9c5f14f67fb5,,ch_summarizing_data/TeX/examining_numerical_data.tex,source_frozen,"[""18223f28-a74d-5f9f-a586-6c3ab2bbef1f""]"
c23ed346-283e-5a03-82f5-a004fc2217b5,"[""R011-B020"",""5.11"",""er_wait_intro_prop_ok""]",upstream_public_answer,5d17ec5d-7412-5fa4-9f33-ebb01dd4e96e,,ch_foundations_for_inf/TeX/confidence_intervals.tex,visually_checked,"[""18223f28-a74d-5f9f-a586-6c3ab2bbef1f"",""0af7d341-14fc-5fd0-a88a-6d753a22639e""]"
c30ed712-53d9-5d5c-9e77-fc405aee5528,"[""marathon_winners"",""eoce_2_34"",""R011-B008""]",none_public_upstream,,1213e7d0-bf9c-5b04-97a8-ad3354bbb8d6,ch_summarizing_data/TeX/review_exercises.tex,source_frozen,"[""18223f28-a74d-5f9f-a586-6c3ab2bbef1f""]"
c3157d89-9939-5e00-8270-80b6ad9e0f89,"[""R011-B010"",""pbj""]",,,4e1c6418-f726-5213-b9d2-5a6b60a82c54,ch_probability/TeX/conditional_probability.tex,language_reviewed,"[""18223f28-a74d-5f9f-a586-6c3ab2bbef1f""]"
c33c56be-8678-5ba2-b3a0-344f40bca434,"[""R011-B009"",""ch03-sec3.1-13""]",,,,ch_probability/TeX/ch_probability.tex,language_reviewed,"[""18223f28-a74d-5f9f-a586-6c3ab2bbef1f""]"
c412547a-3ff1-52dd-9064-dddb8dfa06bd,"[""R011-B016"",""4.24"",""sickle_cell_anemia""]",restricted_not_accessed,,1178b868-cb14-5a0b-b836-a59ece880b93,ch_distributions/TeX/binomial_distribution.tex,visually_checked,"[""18223f28-a74d-5f9f-a586-6c3ab2bbef1f"",""d79c0e4f-9e37-5e77-9080-34fed0852af2""]"
c4fe4817-381d-5a07-a3c3-8280a906eed9,"[""R011-B014""]",public_appendix,f903f31b-64f3-5a74-912c-84de9404e8e6,,ch_distributions/TeX/normal_distribution.tex,language_reviewed,"[""18223f28-a74d-5f9f-a586-6c3ab2bbef1f"",""5013dc5b-3a29-5516-9948-98c064aa43e8""]"
c749f377-8b05-530a-9e33-4073fe3f435f,"[""scope_buteyko"",""eoce_1_15"",""R011-B003""]",public_appendix,0ece3572-bc49-5415-892d-29849f3ca09f,,ch_intro_to_data/TeX/sampling_principles_and_strategies.tex,source_frozen,"[""18223f28-a74d-5f9f-a586-6c3ab2bbef1f""]"
c7c4da4e-590e-5fef-a18d-7d58f8f7d78c,"[""R011-B014""]",inline_public_feedback,4bb6fac6-62dd-5bc8-ad6b-61b9676e88b5,,ch_distributions/TeX/ch_distributions.tex,language_reviewed,"[""18223f28-a74d-5f9f-a586-6c3ab2bbef1f"",""5013dc5b-3a29-5516-9948-98c064aa43e8""]"
c8bb4f4f-70e9-5dee-bf08-95b85355e0f0,"[""R011-B014""]",public_appendix,3226c6e0-99a2-55b4-99f0-b0e97b708f07,,ch_distributions/TeX/normal_distribution.tex,language_reviewed,"[""18223f28-a74d-5f9f-a586-6c3ab2bbef1f"",""5013dc5b-3a29-5516-9948-98c064aa43e8""]"
ca943663-6b2f-54f6-a701-08fa0244e803,"[""R011-B022"",""6.13"",""taste_test_HT_2_sided""]",upstream_public_answer,01328841-716a-5956-93fd-2a31ffa42f49,,ch_inference_for_props/TeX/inference_for_a_single_proportion.tex,visually_checked,"[""18223f28-a74d-5f9f-a586-6c3ab2bbef1f"",""42e21f32-ce64-55c7-b9f8-04eaad367833""]"
cb0a3987-5b1c-53b1-b5d0-ed9e956d1253,"[""R011-B014""]",inline_public_feedback,e3e37560-cc04-5880-9a05-06af8a1a18f0,,ch_distributions/TeX/ch_distributions.tex,language_reviewed,"[""18223f28-a74d-5f9f-a586-6c3ab2bbef1f"",""5013dc5b-3a29-5516-9948-98c064aa43e8""]"
cb2c7316-4e1c-5097-83f3-001b8c3c91ca,"[""R011-B010"",""ch03-sec3.2-10""]",,,,ch_probability/TeX/ch_probability.tex,language_reviewed,"[""18223f28-a74d-5f9f-a586-6c3ab2bbef1f""]"
cbfa87a1-f36b-5b90-88e1-90e29fdee98b,"[""R011-B014""]",inline_public_feedback,092171e3-1b7f-5af2-96d9-b3547033f668,,ch_distributions/TeX/ch_distributions.tex,language_reviewed,"[""18223f28-a74d-5f9f-a586-6c3ab2bbef1f"",""5013dc5b-3a29-5516-9948-98c064aa43e8""]"
cc254ba3-18cd-571a-a35d-203444b7dfca,"[""R011-B014""]",inline_public_feedback,45833f28-f654-5405-82e7-9c02eb08e5b7,,ch_distributions/TeX/ch_distributions.tex,language_reviewed,"[""18223f28-a74d-5f9f-a586-6c3ab2bbef1f"",""5013dc5b-3a29-5516-9948-98c064aa43e8""]"
cd65f04f-a114-55e7-b4ff-4643fd1601e5,"[""light_noise_exam_performance"",""eoce_1_31"",""R011-B004""]",public_appendix,be9d7454-a37d-597d-8b35-e25c50236f78,,ch_intro_to_data/TeX/experiments.tex,source_frozen,"[""18223f28-a74d-5f9f-a586-6c3ab2bbef1f""]"
cf7a2c60-ae2b-561a-983a-401900ec14f8,"[""stats_scores_box"",""eoce_2_33"",""R011-B008""]",public_appendix,57d11337-8399-5156-84a2-79beb091af68,,ch_summarizing_data/TeX/review_exercises.tex,source_frozen,"[""18223f28-a74d-5f9f-a586-6c3ab2bbef1f""]"
d1ae7a48-4639-534c-8b71-1a4bc9740067,"[""R011-B022"",""6.2"",""young_americans_CLT_1""]",no_public_answer_o001_gap,,c547fa84-6cf8-5787-abfe-80a34d4ef916,ch_inference_for_props/TeX/inference_for_a_single_proportion.tex,visually_checked,"[""18223f28-a74d-5f9f-a586-6c3ab2bbef1f"",""42e21f32-ce64-55c7-b9f8-04eaad367833""]"
d1def3e9-419f-5c89-a5f6-97efac857297,"[""R011-B022"",""6.3"",""orange_tabbies_CLT""]",upstream_public_answer,150ba0dc-d902-5995-a8b9-d109808395df,,ch_inference_for_props/TeX/inference_for_a_single_proportion.tex,visually_checked,"[""18223f28-a74d-5f9f-a586-6c3ab2bbef1f"",""42e21f32-ce64-55c7-b9f8-04eaad367833""]"
d23a94a3-f019-5cf9-8453-40e20efb91cf,"[""R011-B009"",""ch03-sec3.1-10""]",,,,ch_probability/TeX/ch_probability.tex,language_reviewed,"[""18223f28-a74d-5f9f-a586-6c3ab2bbef1f""]"
d278d395-2999-56a9-acb5-96c48ff3c5e9,"[""R011-B022"",""6.6"",""elderly_drivers_CI_concept""]",no_public_answer_o001_gap,,5d9cb2a5-288e-5e17-8739-5671c5dc6bef,ch_inference_for_props/TeX/inference_for_a_single_proportion.tex,visually_checked,"[""18223f28-a74d-5f9f-a586-6c3ab2bbef1f"",""42e21f32-ce64-55c7-b9f8-04eaad367833""]"
d2b0d97b-fb59-5cdf-9170-ae1cdeea3398,"[""R011-B021"",""5.15""]",upstream_public_answer,f8ac78e1-8455-55fb-9753-786eb8cc64d2,,ch_foundations_for_inf/TeX/hypothesis_testing.tex,visually_checked,"[""18223f28-a74d-5f9f-a586-6c3ab2bbef1f"",""8205e88d-07dd-57ab-ae9a-c7e5f3bbf027""]"
d2fea3ad-d6f6-5a8b-a1b3-42405183e22a,"[""sinusitis_and_antibiotics_intro"",""eoce_1_2""]",none_public_upstream,,2f3e0850-c668-5666-95ad-bf2792417294,ch_intro_to_data/TeX/case_study_using_stents_to_prevent_strokes.tex,source_frozen,"[""18223f28-a74d-5f9f-a586-6c3ab2bbef1f""]"
d4e36353-3943-5e75-90fa-0bf07407d788,"[""R011-B016"",""4.25"",""explore_combinations""]",public_appendix,d4da3eeb-2255-598f-822c-91958ed8f245,,ch_distributions/TeX/binomial_distribution.tex,visually_checked,"[""18223f28-a74d-5f9f-a586-6c3ab2bbef1f"",""d79c0e4f-9e37-5e77-9080-34fed0852af2""]"
d54ef572-eed1-5a73-be6c-e070a4d06c9a,"[""R011-B015""]",inline_public_feedback,f24fe97d-8e9f-509e-a048-8078ebdc0475,,ch_distributions/TeX/ch_distributions.tex,visually_checked,"[""18223f28-a74d-5f9f-a586-6c3ab2bbef1f"",""586d1610-5f32-5232-ba50-6e2a04daf45a""]"
d573685a-3c6f-54e0-bba9-f79f93fabd80,"[""R011-B020"",""5.13"",""website_registration_design_prop""]",upstream_public_answer,838597ac-4896-5995-b29e-ac7fa2cb23e7,,ch_foundations_for_inf/TeX/confidence_intervals.tex,visually_checked,"[""18223f28-a74d-5f9f-a586-6c3ab2bbef1f"",""0af7d341-14fc-5fd0-a88a-6d753a22639e""]"
d5ccbc65-a486-5965-899f-691d7287b2b3,"[""R011-B016"",""guided-exercise-03""]",inline_public,1a632010-0fdb-5011-938e-4bf7023aac50,,ch_distributions/TeX/ch_distributions.tex,visually_checked,"[""18223f28-a74d-5f9f-a586-6c3ab2bbef1f"",""d79c0e4f-9e37-5e77-9080-34fed0852af2""]"
d7152df1-4a80-5da4-a8ca-ed4e11e85af0,[],public_inline,,,ch_intro_to_data/TeX/ch_intro_to_data.tex,source_frozen,"[""18223f28-a74d-5f9f-a586-6c3ab2bbef1f""]"
d79811d2-246c-52cc-8ca4-361c37772b63,"[""screen_time_well_being"",""eoce_1_42"",""R011-B004R""]",none_public_upstream,,0bf0e1db-b742-5f4e-8320-04e356ad9122,ch_intro_to_data/TeX/review_exercises.tex,source_frozen,"[""18223f28-a74d-5f9f-a586-6c3ab2bbef1f""]"
d7f4afde-ff64-568a-84d9-f69ba1a0453c,"[""R011-B016"",""guided-exercise-08""]",inline_public,dac6fdff-4280-52c2-aea6-9e5216510e11,,ch_distributions/TeX/ch_distributions.tex,visually_checked,"[""18223f28-a74d-5f9f-a586-6c3ab2bbef1f"",""d79c0e4f-9e37-5e77-9080-34fed0852af2""]"
d8040b85-cd7c-57ac-bbd6-968a98ce606c,"[""R011-B014""]",none_public_upstream,,c5bccaa5-bbad-5cc7-aeeb-45cfe2fdd6b7,ch_distributions/TeX/normal_distribution.tex,language_reviewed,"[""18223f28-a74d-5f9f-a586-6c3ab2bbef1f"",""5013dc5b-3a29-5516-9948-98c064aa43e8""]"
dafcfd7a-1717-518c-82c1-58934e4d2c61,"[""R011-B015""]",inline_public_feedback,acd31088-8346-57e3-a6dc-562675641aa4,,ch_distributions/TeX/ch_distributions.tex,visually_checked,"[""18223f28-a74d-5f9f-a586-6c3ab2bbef1f"",""586d1610-5f32-5232-ba50-6e2a04daf45a""]"
dc0dda1c-ca8e-5b10-b5b0-076069954a69,"[""R011-B014""]",inline_public_feedback,06d0028a-6f3f-5cb3-a105-930947432f02,,ch_distributions/TeX/ch_distributions.tex,language_reviewed,"[""18223f28-a74d-5f9f-a586-6c3ab2bbef1f"",""5013dc5b-3a29-5516-9948-98c064aa43e8""]"
dc37ddab-3474-5bc3-93ae-09eb173ec6f6,"[""R011-B009"",""ch03-sec3.1-17""]",,,,ch_probability/TeX/ch_probability.tex,language_reviewed,"[""18223f28-a74d-5f9f-a586-6c3ab2bbef1f""]"
dc9cb209-acef-58d0-93ae-2148de066e54,"[""R011-B009"",""ch03-sec3.1-02""]",,,,ch_probability/TeX/ch_probability.tex,language_reviewed,"[""18223f28-a74d-5f9f-a586-6c3ab2bbef1f""]"
dcd87770-5428-5ca2-8375-09e2744b09a7,"[""dream_act_mosaic"",""eoce_2_23"",""R011-B006""]",public_appendix,4ad79ac2-b6ea-5eb3-86f4-298962d0bb50,,ch_summarizing_data/TeX/considering_categorical_data.tex,source_frozen,"[""18223f28-a74d-5f9f-a586-6c3ab2bbef1f""]"
dd289e93-9169-54e4-8f43-9e34a22da880,"[""R011-B014""]",public_appendix,5151b558-df07-5de2-a9fd-f0f6772a1a86,,ch_distributions/TeX/normal_distribution.tex,language_reviewed,"[""18223f28-a74d-5f9f-a586-6c3ab2bbef1f"",""5013dc5b-3a29-5516-9948-98c064aa43e8""]"
dd2c0635-0fd8-5cec-b7cb-9aefab4c0c43,"[""R011-B009"",""ch03-sec3.1-16""]",,,,ch_probability/TeX/ch_probability.tex,language_reviewed,"[""18223f28-a74d-5f9f-a586-6c3ab2bbef1f""]"
ddef022a-a3f0-5688-8a76-0b52859c00ba,"[""R011-B009"",""tf_prob_definitions""]",public_appendix,e55b8aa8-632e-54f9-a1ea-667b2cafe96c,,ch_probability/TeX/defining_probability.tex,language_reviewed,"[""18223f28-a74d-5f9f-a586-6c3ab2bbef1f""]"
ddf6486c-36cf-5b4d-8978-667c8e4f60da,"[""R011-B012""]",inline_public_feedback,3c13e4ec-802d-5481-9f06-1accf29c1e35,,ch_probability/TeX/ch_probability.tex,language_reviewed,"[""18223f28-a74d-5f9f-a586-6c3ab2bbef1f"",""f5cfd01e-9712-58ec-ac48-481f923814c1""]"
de412d8d-c743-5910-aec4-762aaa8f1a89,"[""R011-B014""]",public_appendix,65dd86ad-b36e-5085-8f75-63758b49bab9,,ch_distributions/TeX/normal_distribution.tex,language_reviewed,"[""18223f28-a74d-5f9f-a586-6c3ab2bbef1f"",""5013dc5b-3a29-5516-9948-98c064aa43e8""]"
df2cb1a0-6948-5a10-9ac8-5ca2b34de74b,"[""R011-B015"",""4.11"",""is_it_bernouilli""]",public_appendix,0cd262c5-1000-5fbf-91c2-29deaf32230a,,ch_distributions/TeX/geometric_distribution.tex,visually_checked,"[""18223f28-a74d-5f9f-a586-6c3ab2bbef1f"",""586d1610-5f32-5232-ba50-6e2a04daf45a""]"
df8c32ef-fdf2-53a0-82d9-6ff7b9bfbb39,"[""raise_taxes_mosaic"",""eoce_2_24"",""R011-B006""]",none_public_upstream,,a85116d3-aa90-5866-a80f-22f5b408397e,ch_summarizing_data/TeX/considering_categorical_data.tex,source_frozen,"[""18223f28-a74d-5f9f-a586-6c3ab2bbef1f""]"
e2b24411-28f5-5067-bc3d-383eda5fecf5,"[""reproducing_bacteria"",""eoce_2_3"",""R011-B005""]",public_appendix,9723bec2-d07b-5e14-996f-2416bcef0f22,,ch_summarizing_data/TeX/examining_numerical_data.tex,source_frozen,"[""18223f28-a74d-5f9f-a586-6c3ab2bbef1f""]"
e3317173-2b2f-5983-a8d4-d251370857eb,"[""relax_after_work_definitions"",""eoce_1_17"",""R011-B003""]",public_appendix,42d71cb2-708a-5c1c-bdc6-5d86d05d2841,,ch_intro_to_data/TeX/sampling_principles_and_strategies.tex,source_frozen,"[""18223f28-a74d-5f9f-a586-6c3ab2bbef1f""]"
e3501344-04cb-51aa-b41f-8cfcaba20b5e,"[""R011-B017"",""guided-exercise-04""]",inline_public,16cb0b43-b43a-5f35-b86f-14f31c798e70,,ch_distributions/TeX/ch_distributions.tex,visually_checked,"[""18223f28-a74d-5f9f-a586-6c3ab2bbef1f"",""69574f5b-e113-5529-9d72-6ebfd1501a86""]"
e399d3b0-84b2-5859-93ff-fdafd4738bd8,"[""family_size"",""eoce_1_26"",""R011-B003""]",none_public_upstream,,fa155c02-1ddf-50ea-8bc1-a7219f555b32,ch_intro_to_data/TeX/sampling_principles_and_strategies.tex,source_frozen,"[""18223f28-a74d-5f9f-a586-6c3ab2bbef1f""]"
e3bdaa51-3fd5-5e59-b2f2-3dcc23e80767,"[""R011-B016"",""guided-exercise-02""]",inline_public,54f461ab-1109-51a3-b3d9-5d99c441e221,,ch_distributions/TeX/ch_distributions.tex,visually_checked,"[""18223f28-a74d-5f9f-a586-6c3ab2bbef1f"",""d79c0e4f-9e37-5e77-9080-34fed0852af2""]"
e3d94fe5-3bce-5303-8104-8066f5d82f11,"[""R011-B009"",""disjoint_indep""]",public_appendix,df0e47a5-e5a2-5a42-a83d-a8c0d10528d2,,ch_probability/TeX/defining_probability.tex,language_reviewed,"[""18223f28-a74d-5f9f-a586-6c3ab2bbef1f""]"
e3e697f7-00e7-5cce-8e2b-cee5b240a1a4,"[""R011-B009"",""ch03-sec3.1-05""]",,,,ch_probability/TeX/ch_probability.tex,language_reviewed,"[""18223f28-a74d-5f9f-a586-6c3ab2bbef1f""]"
e63fd8cb-be7f-5a22-bb5e-a2dbb024e1f5,"[""R011-B012""]",inline_public_feedback,6b8ea891-98b7-5c7a-bb1d-20ae11681a38,,ch_probability/TeX/ch_probability.tex,language_reviewed,"[""18223f28-a74d-5f9f-a586-6c3ab2bbef1f"",""f5cfd01e-9712-58ec-ac48-481f923814c1""]"
e6eef250-171b-5467-b369-df0a8ef36623,"[""scope_haters"",""eoce_1_25"",""R011-B003""]",public_appendix,aa0c130d-cb84-5a06-b650-6dc25cefd73c,,ch_intro_to_data/TeX/sampling_principles_and_strategies.tex,source_frozen,"[""18223f28-a74d-5f9f-a586-6c3ab2bbef1f"",""4e874c2a-7b14-5cbf-9d15-2a5a1a44dec9""]"
e94a22b0-7c49-5b2c-8c15-d393ad006e75,"[""R011-B022"",""6.5"",""gender_equality""]",upstream_public_answer,5094a5b0-f706-546b-b80a-ba3ed3a39973,,ch_inference_for_props/TeX/inference_for_a_single_proportion.tex,visually_checked,"[""18223f28-a74d-5f9f-a586-6c3ab2bbef1f"",""42e21f32-ce64-55c7-b9f8-04eaad367833""]"
eb7f6e94-501d-595e-8eaa-4e48c95d5afd,"[""eat_better_feel_better"",""eoce_1_41"",""R011-B004R""]",public_appendix,645a441c-5609-5ae7-9a39-ce2aa74eb3b2,,ch_intro_to_data/TeX/review_exercises.tex,source_frozen,"[""18223f28-a74d-5f9f-a586-6c3ab2bbef1f""]"
ec3b569a-6059-551c-9ddb-937edfb55960,"[""income_education_county"",""eoce_1_40"",""R011-B004R""]",none_public_upstream,,2187f81d-e800-543b-af70-139c9763fd9c,ch_intro_to_data/TeX/review_exercises.tex,source_frozen,"[""18223f28-a74d-5f9f-a586-6c3ab2bbef1f"",""965b18a2-8bea-5a5c-9012-129137cfb727"",""358ce2a1-ab16-5858-8236-9d6bc6abe31a""]"
ed1e0ba8-1150-5aa3-a59b-c9cd6566c3d2,"[""R011-B020"",""5.10"",""twitter_users_tf""]",no_public_answer_o001_gap,,cca9414b-c5f3-57ca-bd48-e3ee3ba69790,ch_foundations_for_inf/TeX/confidence_intervals.tex,visually_checked,"[""18223f28-a74d-5f9f-a586-6c3ab2bbef1f"",""0af7d341-14fc-5fd0-a88a-6d753a22639e""]"
ed214947-7dfd-5083-add7-9d812dbb45af,"[""R011-B012""]",inline_public_feedback,20dba04a-3ff6-52ab-8bac-f6a3d84f677e,,ch_probability/TeX/ch_probability.tex,language_reviewed,"[""18223f28-a74d-5f9f-a586-6c3ab2bbef1f"",""f5cfd01e-9712-58ec-ac48-481f923814c1""]"
ed948d53-4bf3-5f61-98cd-e46e8ec0d66c,"[""R011-B014""]",inline_public_feedback,3b7fdf55-1e4b-513f-a512-186722424360,,ch_distributions/TeX/ch_distributions.tex,language_reviewed,"[""18223f28-a74d-5f9f-a586-6c3ab2bbef1f"",""5013dc5b-3a29-5516-9948-98c064aa43e8""]"
f08664a6-4f0f-5605-8552-c11ddaf76f5c,"[""R011-B010"",""ch03-sec3.2-08""]",,,,ch_probability/TeX/ch_probability.tex,language_reviewed,"[""18223f28-a74d-5f9f-a586-6c3ab2bbef1f""]"
f1251dae-8a9f-5689-af39-6a16e66f6a72,"[""R011-B011"",""3.25"",""chips_in_bag""]",public_appendix,5a337c31-cd63-530d-9f43-917e5cc22e7a,,ch_probability/TeX/sampling_from_a_small_population.tex,language_reviewed,"[""18223f28-a74d-5f9f-a586-6c3ab2bbef1f"",""b8ee2bc6-8b07-51f4-8124-2fd462cd606b""]"
f2d394a2-2958-5de5-9cd6-2a4cd0a365d7,"[""dist_shape_pets_dist_height"",""eoce_2_15"",""R011-B005""]",public_appendix,a27e1433-9658-5f30-a1b5-b8b28da30519,,ch_summarizing_data/TeX/examining_numerical_data.tex,source_frozen,"[""18223f28-a74d-5f9f-a586-6c3ab2bbef1f""]"
f37229dc-90a4-57fa-a532-fddea89f7d3d,"[""R011-B022"",""6.1"",""veg_coll_students_CLT""]",upstream_public_answer,ee26bb6f-8b05-57d2-b3bd-77bac4c7c2f0,,ch_inference_for_props/TeX/inference_for_a_single_proportion.tex,visually_checked,"[""18223f28-a74d-5f9f-a586-6c3ab2bbef1f"",""42e21f32-ce64-55c7-b9f8-04eaad367833""]"
f37d178c-b60a-52c7-b3a1-5689a49e4a32,"[""R011-B013""]",public_appendix,cf00ae23-f06e-5c82-8ebe-638b9820c621,,ch_probability/TeX/continuous_distributions.tex,language_reviewed,"[""18223f28-a74d-5f9f-a586-6c3ab2bbef1f"",""b410ecf6-7942-5337-9e18-e09c9e84783d""]"
f3bb0172-218a-570b-b4f9-5dfc60b508f2,"[""R011-B016"",""4.22"",""arachnophobia""]",restricted_not_accessed,,209999c3-feca-5159-9279-bf0cf6bbfd4f,ch_distributions/TeX/binomial_distribution.tex,visually_checked,"[""18223f28-a74d-5f9f-a586-6c3ab2bbef1f"",""d79c0e4f-9e37-5e77-9080-34fed0852af2""]"
f476eaff-0729-5ce0-9e73-4cf11501b67e,"[""chia_weight_lostt"",""eoce_1_37"",""R011-B004R""]",public_appendix,b953cdfb-cb9f-5695-927d-813e52effca0,,ch_intro_to_data/TeX/review_exercises.tex,source_frozen,"[""18223f28-a74d-5f9f-a586-6c3ab2bbef1f""]"
f63a5733-7af8-5520-9491-3c28a2062189,"[""R011-B021"",""5.24"",""backwards_prop_2""]",no_public_answer_o001_gap,,ef0bb811-a340-5070-a832-2fd5e1b0023b,ch_foundations_for_inf/TeX/hypothesis_testing.tex,visually_checked,"[""18223f28-a74d-5f9f-a586-6c3ab2bbef1f"",""8205e88d-07dd-57ab-ae9a-c7e5f3bbf027""]"
f6517737-0d6c-516a-a7c4-f95bb4519927,"[""R011-B021"",""5.26"",""prop_which_higher_found_inf""]",no_public_answer_o001_gap,,ec30321a-65b5-52a9-8871-13847e41ddfb,ch_foundations_for_inf/TeX/hypothesis_testing.tex,visually_checked,"[""18223f28-a74d-5f9f-a586-6c3ab2bbef1f"",""8205e88d-07dd-57ab-ae9a-c7e5f3bbf027""]"
f78d44f0-46e5-57af-b89f-2f73edb490a9,"[""R011-B021"",""5.17"",""online_communication_prop_ht_errors""]",upstream_public_answer,c5369d0e-456f-5c4a-804b-84f5abf1747c,,ch_foundations_for_inf/TeX/hypothesis_testing.tex,visually_checked,"[""18223f28-a74d-5f9f-a586-6c3ab2bbef1f"",""8205e88d-07dd-57ab-ae9a-c7e5f3bbf027""]"
f7d2045e-5e64-539c-9a77-881a363a8baf,"[""dist_shape_fb_friends"",""eoce_2_14"",""R011-B005""]",none_public_upstream,,182f6700-e0da-5bf6-bbf5-310ba0df1d35,ch_summarizing_data/TeX/examining_numerical_data.tex,source_frozen,"[""18223f28-a74d-5f9f-a586-6c3ab2bbef1f""]"
f9809f25-1c8d-52f8-8334-a9d15b7b97ab,"[""R011-B022"",""6.9"",""study_abroad_CI_decision""]",upstream_public_answer,e3591b8b-0482-5e1f-a1ea-4490167e9442,,ch_inference_for_props/TeX/inference_for_a_single_proportion.tex,visually_checked,"[""18223f28-a74d-5f9f-a586-6c3ab2bbef1f"",""42e21f32-ce64-55c7-b9f8-04eaad367833""]"
fada9a56-d535-54db-807e-a978737acccb,"[""R011-B009"",""ch03-sec3.1-01""]",,,,ch_probability/TeX/ch_probability.tex,language_reviewed,"[""18223f28-a74d-5f9f-a586-6c3ab2bbef1f""]"
fbe8307c-8576-5fc9-9d86-4ffff1359550,"[""medians_iqrs"",""eoce_2_8"",""R011-B005""]",none_public_upstream,,6f102af0-0e7f-5a14-9f29-8abb91c6cd56,ch_summarizing_data/TeX/examining_numerical_data.tex,source_frozen,"[""18223f28-a74d-5f9f-a586-6c3ab2bbef1f""]"
fc0c0c57-060f-5b6e-a442-f74566a01ce8,"[""R011-B011"",""3.26"",""books_on_shelf""]",none_public_upstream,,b32b728a-df0c-5bc6-b9fb-bf13fcaa79c9,ch_probability/TeX/sampling_from_a_small_population.tex,language_reviewed,"[""18223f28-a74d-5f9f-a586-6c3ab2bbef1f"",""b8ee2bc6-8b07-51f4-8124-2fd462cd606b""]"
fc3d849c-7c46-5c07-8ca2-c458b8032805,"[""nexercise-2.1-11"",""R011-B005""]",public_inline,,,ch_summarizing_data/TeX/ch_summarizing_data.tex,source_frozen,"[""18223f28-a74d-5f9f-a586-6c3ab2bbef1f""]"
fcafe26d-8205-5874-a682-7273120b5c64,"[""R011-B014""]",none_public_upstream,,5654e4bb-6db2-5bfd-9ee8-5df5f4ced0cc,ch_distributions/TeX/normal_distribution.tex,language_reviewed,"[""18223f28-a74d-5f9f-a586-6c3ab2bbef1f"",""5013dc5b-3a29-5516-9948-98c064aa43e8""]"
fe0a4860-01ea-5953-bf55-03d8bc856c99,"[""R011-B017"",""4.27"",""roll_die""]",public_appendix,146072d1-594b-50f7-a8b6-60b6fe65fa75,,ch_distributions/TeX/negative_binomial_distribution.tex,visually_checked,"[""18223f28-a74d-5f9f-a586-6c3ab2bbef1f"",""69574f5b-e113-5529-9d72-6ebfd1501a86""]"
fec2b6d6-1e71-5b55-a3b1-b5f3d643f53f,"[""R011-B012""]",public_appendix,265b4bc6-ed59-56e2-81bb-20efe8616c93,,ch_probability/TeX/random_variables.tex,language_reviewed,"[""18223f28-a74d-5f9f-a586-6c3ab2bbef1f"",""f5cfd01e-9712-58ec-ac48-481f923814c1""]"
fed108b4-46d7-5413-91db-2b18f47fbb01,"[""R011-B012""]",public_appendix,f2061e42-468f-5214-9156-882597a64221,,ch_probability/TeX/random_variables.tex,language_reviewed,"[""18223f28-a74d-5f9f-a586-6c3ab2bbef1f"",""f5cfd01e-9712-58ec-ac48-481f923814c1""]"
