id,qa_type,result,subject_id,witness_path,detail
005aa9b8-e34b-52c7-9676-d9380b58c6ae,rights,passed,586d1610-5f32-5232-ba50-6e2a04daf45a,qa/b015-assets/R011-B015_ASSET_RIGHTS_CLOSURE.json,"Book, derivative and package dependency rights closed."
007ca4d5-b926-5974-b351-0ee185d4b1ca,visual,passed,ee3f3811-ec00-546a-886d-2e90a9b33b2d,qa/b022-reader/R011-B022_VISUAL_QA.json,All 230 accepted pages passed whole-reader visual inspection.
008240cf-e14b-5dd0-a78e-98791998b24d,admission,passed,b9823605-b359-533a-9cb9-84628fa32225,qa/b013-backend-final/exports/evidence/b013/R011-B013_TERMINAL_INPUTS.json,"No live backend, canonical source, release, Git, publication, credential, or upstream state is mutated."
0082c49d-1ebf-53fc-b5c8-bd779e3bfbe3,reproducibility,passed,76fde769-00ca-5b62-beb4-758042182d84,00_control/DECISION_LOG.md#D018; repo/ch_intro_to_data/figures/figureShowingBlocking/R011-B004_FIGURE_REPLAY.json,Decision D018 binds the canonical self-contained R producer and a separate source-equivalence vector renderer without using the authority PDF as input or claiming operator-identical base-R device output.
01a72b48-a5e7-5cbc-9e3b-af8b36f9071e,artifact,passed,3c7b35cb-6d4d-593f-83fb-823f691fe6c9,output/pdf/statistika-berbasis-data-batas-R011-B004.pdf; qa/b004-build/final-v5/main.log; qa/b004-build/final-v5/main-final.txt,"The hash-bound PDF has /Lang id-ID, exact UTF-16BE title/author/subject/keyword metadata, 3,405 valid named destinations, 2,475 internal GoTo links, 284 URI links, zero missing or invalid targets, unique Hfootnote.6/Hfootnote.7 on page 13, no encryption, attachments, JavaScript, or forms, and no hidden default-axis strings."
04fa94c7-0b79-54da-b5f5-13d64de37815,source,passed,ee3f3811-ec00-546a-886d-2e90a9b33b2d,qa/b022-source/R011-B022_BOUNDARY_BLUEPRINT.json,"Exact Chapter 6 front, Section 6.1, exercise, answer, citation, figure, producer, dependency, and rights closure passed."
05491fa7-924d-5b15-9c94-2bf6066f2cd8,terminology,passed,67a193b9-bacc-52c3-ba96-17f706246d41,qa/b021-translation/staging/ch_foundations_for_inf_2117-2907.id.audit.json,Controlled inferential terminology matches the admitted predecessor and is consistent across Section 5.3.
05aa9689-1ac7-5412-b16f-60de710d0827,source,passed,a766f9cd-f941-5953-b2d9-9d5f0b9a8764,qa/b011-backend-final/exports/evidence/R011-B011_SOURCE_QA.json,"The exact isolated three-file B011 overlay and 1,206-file source closure are hash-bound."
05f7fd34-5fc5-5169-b757-c491b59b4a9f,build,passed,1a4c76f8-d2b3-57b7-bd10-ac9d94980614,repo/ch_intro_to_data/figures/eoce/seattle_pet_names/REPLAY_RECEIPT.json#structural_qa.validation,"The MuPDF clean-save replacement passed mutool clean/info/pages/draw, strict pypdf, qpdf syntax checks, MiKTeX pdfTeX embedding smoke, and Poppler render/visual equivalence checks."
07abf28e-46e3-586f-9587-79c3db7bc169,release_package_semantics,passed,43e2340c-aac2-52ab-a542-4996330b5a67,release/b021/R011-B021-v2026.08.28.1/RELEASE_MANIFEST.json,RELEASE_MANIFEST status PACKAGED_VERIFIED and publication_performed:false describe the pre-publication packager operation only. Separate sanitized Zenodo and GitHub receipts are authoritative for current remote state.
07c0e884-45c2-5210-9a0b-1ef6edff8529,finalization,passed,b9823605-b359-533a-9cb9-84628fa32225,qa/b008-backend-final-v3/exports/evidence/R011-B008_VISUAL_AUDIT_V3.json,The obsolete unsupplied final-V2 parameter is superseded by the exact complete final-V3 source/PDF/build/visual closure; admission remains a separate transaction.
07ed8340-c49d-51ab-ae95-b581e2f6659c,source,passed,67a193b9-bacc-52c3-ba96-17f706246d41,qa/b021-source/R011-B021_BOUNDARY_BLUEPRINT.json,"Exact Section 5.3 source, exercise, answer, citation, figure, producer, data, dependency, and component-rights closure passed."
08295e7c-9ec2-521a-8d02-b466df46de67,source,passed,aa6de920-293e-53d9-bae5-bdb90e35f8f4,qa/b005-backend/exports/evidence/R011-B005_ACCEPTED_SOURCE_IDENTITIES.json; qa/b005-backend/exports/evidence/R011-B005_SEMANTIC_AUDIT.json,"The final body, exercise, full solution file, Chapter 2 answer slice, and authority-exact Section 2.2 suffix are hash-bound to a zero-finding independent semantic re-audit and the accepted target-tree source gate."
09d0e9f4-a1e4-5ac0-a332-76afe11cabb6,translation,passed,92815efc-346e-54a2-b6a5-b448656dafe4,qa/b023-translation/R011-B023_TRANSLATION_AUDIT.json,All six accepted translation fragments bind the exact source slices and source order.
09dce3f0-5ddf-5feb-89af-71177be24200,visual,passed,4855a03b-af6e-56cc-ad3b-7d0f5e26745e,qa/b008-backend/exports/evidence/R011-B008_ASSET_VISUAL_QA.md,All six localized one-page assets passed bounded visual inspection.
09ea5fad-e57c-56f1-968f-44bf530161a8,source,passed,4855a03b-af6e-56cc-ad3b-7d0f5e26745e,qa/b008-backend/exports/evidence/R011-B008_CANDIDATE_FREEZE_RECEIPT.json,"Eight exercises and four public answers are exact, natural id-ID frozen candidates with zero candidate defects."
0b250cb8-10b3-52dd-ba25-4c87f15774cd,topology,passed,b9823605-b359-533a-9cb9-84628fa32225,qa/b010-backend-final/exports/evidence/R011-B010_SOURCE_QA.json,"All 14 required entity classes, ten deterministic exchange views, and a lossless translation-state mapping are emitted and checked."
0b3d3cea-2baa-5cf9-8500-f54b248adcaf,source,passed,aa6de920-293e-53d9-bae5-bdb90e35f8f4,00_control/ADVERSE_LEDGER.jsonl#R011-ADV-0051-R011-ADV-0064,"Ten B005 source/accessibility corrections are typed as ADV-0051..0058 and ADV-0063..0064; admitted B004R ADV-0059..0062 remain byte-semantically unchanged, and all are held for one end-of-corpus report."
0c407f7c-3e39-585d-8d65-170c52f30a1d,topology,passed,aa6de920-293e-53d9-bae5-bdb90e35f8f4,backend/exports/views/unit_hierarchy.csv; backend/exports/views/segments_locale.csv,"Chapter 2 opener, one section, eight subsections, 13 guided exercises, 20 end-of-section exercises, ten public odd answers, ten O001 even gaps, and non-overlapping translation segments are modeled."
0ce350fa-8b79-5c53-b12f-a3d6f9af5383,structural,passed,2d365eff-5868-5c78-9644-daac65a66c8a,qa/b020-translation/staging/R011-B020_TRANSLATION_AUDIT.json,Main lines 1236-1508 plus exercises and public answers preserve source topology.
0fc53a02-7c3c-543e-b678-50c2bd781403,asset_identity,passed,ca0df825-ca52-52be-a3e6-0c3090edaa4c,scratch/b017-source/R011-B017_BOUNDARY_BLUEPRINT.json,Exact deterministic B017 asset identity gate passed.
10accdd3-3258-5c2f-b03a-4a9ea74e7f9a,artifact,passed,231de4a4-f904-50d9-bcb4-ec725d0b436b,output/pdf/statistika-berbasis-data-batas-R011-B001.pdf,"PDF has 423 pages, /Lang id-ID, localized title/author metadata, no encryption, no attachments, and no fatal/undefined/rerun errors."
1194c618-771d-59fe-bfba-6a8c5da29272,mathematics,passed,92815efc-346e-54a2-b6a5-b448656dafe4,qa/b023-translation/R011-B023_TRANSLATION_AUDIT.json,"Formula, notation, numeric, percentage-point, and recomputed-answer fidelity passed."
13092d49-46c5-5d5e-93a4-9ecea88a5b2d,topology,passed,ca0df825-ca52-52be-a3e6-0c3090edaa4c,scratch/b017-build-candidate/R011-B017_SOURCE_QA.json,Exact deterministic B017 topology gate passed.
1531a932-bec9-541f-96a3-9a71964bdb56,translation,passed,ca0df825-ca52-52be-a3e6-0c3090edaa4c,scratch/b017-candidate/R011-B017_CANDIDATE_QA.json,Exact deterministic B017 translation gate passed.
15330993-e40c-5af2-9d74-1c23ee6a11d6,source,passed,d7955a56-864b-500a-a33b-7c476b342c7e,qa/R011-B007_SOURCE_GATE_QA.json,"The canonical source application passes 14/14 checks, 14/14 adversarial self-tests, and two deterministic read-only replays; no source or asset dependency remains."
15742654-34cd-5ac8-8104-9b5ad168a842,source,passed,60a2cb71-2aa1-5917-9379-f7f55474c01a,qa/R011-B004R_SOURCE_QA.json; qa/R011-B004R_TARGET_MANIFEST.tsv,"Final B004R source gate passed twice for 1,160 files / 40,831,611 bytes and excludes all forward B005-only deltas."
1664d15c-ffc7-5cb0-aca7-e31d567b00c7,publication,passed,8e6d1da0-a848-55df-9721-47e09976cd1f,release/b022/R011-B022-v2026.08.29.1/GITHUB_PUBLICATION_RECEIPT.json,"Public GitHub tag r011-b022-2026.08.29.1, exact tree, and all nine assets passed anonymous readback."
173da7e9-7a77-5e3f-9092-6ca9ccbadedd,release_package,passed,fea5aa62-f235-569e-9edf-2c0f8550813b,release/b019/R011-B019-v2026.08.28.1/RELEASE_MANIFEST.json,The published inventory is the exact reader-first nine-asset B019 package.
18047724-137e-52c6-b53d-8ef26470b0f2,language,passed,a766f9cd-f941-5953-b2d9-9d5f0b9a8764,qa/b011-backend-final/exports/evidence/R011-B011_FINAL_TRANSLATION_QA.json,Three independent pre-gate reader-visible language/accessibility and layout corrections are explicit typed records.
1882d58e-c910-5327-9d67-e97b7b2775be,topology,passed,d7955a56-864b-500a-a33b-7c476b342c7e,scratch/R011-B007-candidate/VALIDATION_RECEIPT.json,"Whole-file command, environment, label, reference, math, macro, and numeric-token sequences are preserved across the isolated translation."
1ae160c7-4e29-5231-8e2a-0d8323cde3c2,topology,passed,193a93a2-5f42-56b5-a579-7a4c8b028e6d,qa/b010-backend-final/exports/evidence/R011-B010_FINAL_TRANSLATION_QA.json,"44 units, 54 segments/localizations, 10 EoCE exercises, five public answers, and five explicit O001 gaps are ordered and linked."
1b095eea-e2e1-5dd4-9f34-061888b33a22,source,passed,bac586bc-5065-5e98-a3ae-8376ff0851ac,qa/b015-build/R011-B015_SOURCE_QA.json,"Exact authority, overlay and source closure passed."
1b206867-1277-5714-807c-454e4c7855cf,topology,passed,4855a03b-af6e-56cc-ad3b-7d0f5e26745e,qa/b008-backend/exports/evidence/R011-B008_CANDIDATE_FREEZE_RECEIPT.json,"Exercises 2.27-2.34, answers 2.27/2.29/2.31/2.33, and O001 gaps 2.28/2.30/2.32/2.34 are explicit and ordered."
1b21a5dc-9150-5c40-b9f2-70caf6e8b5b5,automated_visual,passed,92815efc-346e-54a2-b6a5-b448656dafe4,qa/b023-reader/R011-B023_VISUAL_QA.json,All 241 accepted pages passed exact render inventory and automated nonblank/layout sanity.
1c7cef28-0b12-5dd8-84aa-db6503d60ee6,topology,passed,9cf167d5-4320-5a32-b56f-605c6e7ff489,backend/exports/views/exercises_answers.csv,"R011-B002 represents ten exercises in source order, five public appendix solutions, and five distinct O001 gaps for even exercises without public upstream answers."
1c90dcdd-1034-5a40-ae98-60f77e4da4d2,admission,passed,b9823605-b359-533a-9cb9-84628fa32225,qa/b014-backend-final/exports/evidence/b014/R011-B014_TERMINAL_INPUTS.json,"No live backend, canonical source, control, release, Git, publication, credential, network, or upstream state is mutated."
1d03c631-655f-50a1-8b54-d8e4c2e11c5b,build,passed,ca0df825-ca52-52be-a3e6-0c3090edaa4c,scratch/b017-build-candidate/final/CANDIDATE_BUILD_QA_B017_FINAL.json,Exact deterministic B017 build gate passed.
1e5bb4eb-4c6e-52ba-8007-bbec7c18e5d4,source,passed,193a93a2-5f42-56b5-a579-7a4c8b028e6d,qa/b010-backend-final/exports/evidence/R011-B010_SOURCE_QA.json,"The 1,206-file isolated B010 overlay closure and exact authority sources are hash-bound."
1f1f3c50-6234-5b48-add2-19b7dc0e39f9,topology,passed,60a2cb71-2aa1-5917-9379-f7f55474c01a,backend/exports/views/exercises_answers.csv,Exercises 1.35-1.44 are ordered under the Chapter 1 review with five public odd answers and five explicit O001 gaps.
1f929351-0346-5fbe-8936-1a4a303e1da4,terminology,passed,ca0df825-ca52-52be-a3e6-0c3090edaa4c,scratch/r011-terminology-qa/R011_TERMINOLOGY_QA_2026-08-26.json,Exact deterministic B017 terminology gate passed.
1ff206c0-7de6-5aad-a39a-d096c7ee1fc8,language,passed,60a2cb71-2aa1-5917-9379-f7f55474c01a,qa/R011-B004R_SEMANTIC_AUDIT.json; 00_control/DECISION_LOG.md#D020; qa/R011-B004R_SOURCE_QA.json#review.layout_reversal; qa/R011-B004R_PREFLIGHT.md; repo/ch_intro_to_data/TeX/review_exercises.tex,"The final source-verified D020 reflow removes the ineffective parts-list glue override, retains the zero-extra review end-of-exercise gap, and tightens only genuinely verbose Indonesian wording in exercises 1.41-1.44 sentence for sentence. An independent semantic audit caught and restored three details, and the final re-audit passed: every fact, variable, number, inference claim, question, citation, and exercise-answer relation is preserved; font size, leading, and list typography are unchanged. The accepted v5 build and visual admission prove that exercise 1.44(a)-(c) completes on page 39 before the Chapter 2 opener on page 40."
2096600e-3af2-51d1-bebf-58276569ca38,rights,passed,38d29400-2764-5109-a7fd-d245c7e52b17,repo/ch_intro_to_data/figures/B003_FIGURE_REPLAY.json; backend/exports/core/assets.jsonl; backend/exports/core/rights.jsonl,"Seven localized figures, seven authority producer sources, deterministic replay support, byte-identical photograph/data inputs, and quotation/excerpt exclusions are linked at the smallest component boundary."
21d73ba3-d9b7-5bbf-976a-eb3b4273a15b,exercise_answer,passed,d6bc141e-6711-5056-8884-ed04d528fe5f,qa/b019-translation/staging/R011-B019_EXERCISE_ANSWER_AUDIT.json,"All six exercises, public answers 1/3/5, and O001 gaps 2/4/6 passed linkage checks."
237017ab-bd83-52cc-b70a-71330201274e,mathematics,passed,2ffcfeef-a30d-5f61-943c-e0004b8e792c,scratch/b018-candidate/R011-B018_CANDIDATE_QA.json,Exact deterministic B018 mathematics gate passed.
25586498-d8aa-52d0-9d95-b5b597553085,source,passed,d7955a56-864b-500a-a33b-7c476b342c7e,scratch/R011-B007-candidate/VALIDATION_RECEIPT.json,The isolated candidate manifest binds every candidate file and the validation receipt replays twice with zero failures.
25e50dc9-ae78-5784-ac09-4425a316f9b2,topology,passed,c9faaa37-1ac5-54ae-b62f-1556d2b63374,backend/exports/core/units.jsonl,"One inline public answer, one public appendix solution, one no-public-answer exercise, and one O001 gap are represented distinctly."
262d95f9-c16b-50f2-b3f6-99e5beaac622,publication,passed,ffb34792-1a2d-57f1-a00b-5aeae4f32e72,release/b020/R011-B020-v2026.08.28.1/GITHUB_PUBLICATION_RECEIPT.json,GitHub tag r011-b020-2026.08.28.1 is public; its exact tree and all nine release assets passed anonymous readback.
27f80b29-0e60-5cb2-a346-d064394b1a60,build,passed,2ffcfeef-a30d-5f61-943c-e0004b8e792c,scratch/b018-build-candidate/final/CANDIDATE_BUILD_QA_B018_FINAL.json,Exact deterministic B018 build gate passed.
2862956f-9233-538e-b5a8-dee5c85cee38,artifact,passed,a8a23f45-0dff-5b16-9969-c4824145de1e,output/pdf/statistika-berbasis-data-batas-R011-B003.pdf; qa/b003-build/final/main.log,"The hash-bound PDF has /Lang id-ID, exact author metadata, no encryption or attachments, 2,473 internal GoTo links and 284 URI links, zero missing GoTo targets, zero generated-English hits in B003 pages, and zero hidden default-axis strings."
28a21a74-cdef-5888-90f5-bdbec996c72e,source,passed,4c8457ff-0769-59f0-9a0d-040a50fb107c,qa/b013-backend-final/exports/evidence/b013/source_qa-R011-B013_SOURCE_QA.json,The isolated B013 source overlay and manifest are exact.
28e25b84-10bf-50e7-abeb-96440b152366,rights,passed,9cf167d5-4320-5a32-b56f-605c6e7ff489,backend/exports/core/assets.jsonl; backend/exports/core/rights.jsonl,"Six localized figures, six localized R producers, target-only deterministic replay scripts/receipts, OpenIntro package authority, unvotes authority/data, iris-photo attribution, and Census acknowledgment are linked at component level."
29332181-fc68-50fd-98e6-05b46831f679,replay,passed,ee3f3811-ec00-546a-886d-2e90a9b33b2d,scratch/b022-boundary-clean-reader/final/R011-B022_BOUNDARY_CLEAN_BUILD_QA.json,"Reader build and backend serialization are exact, deterministic, and hash-bound."
2960d48f-4d8c-5e0a-a4ca-f7ad4610f21e,terminology,passed,6c1dd36c-f3f2-5b99-b629-a5100d9fbb85,evidence/b016/ready-terminology_qa-R011-B016_TERMINOLOGY_QA.json,Exact deterministic B016 terminology gate passed.
2995b7ea-5adf-5ea2-9e6f-07359539d6cb,language,passed,4c8457ff-0769-59f0-9a0d-040a50fb107c,qa/b013-backend-final/exports/evidence/b013/terminology_qa-R011-B012_TERMINOLOGY_QA.json,Six controlled B013 terms are bound to the reused field-source decision evidence and edition glossary.
29dfa9f9-36af-503e-940b-dd6fb0a42da6,topology,passed,b9823605-b359-533a-9cb9-84628fa32225,qa/b013-backend-final/exports/evidence/b013/R011-B013_BACKEND_INPUT_REQUIREMENTS.json,"All required entity classes, ten schema-bound views, and translation-state mappings are emitted."
2a22073e-a293-5127-9e88-93944f41c452,standalone_figure_visual,passed,67a193b9-bacc-52c3-ba96-17f706246d41,qa/b021-figures/R011-B021_FIGURE_VISUAL_QA.json,All three localized figures passed direct visual inspection before reader assembly.
2d31c4d4-9e0d-52b2-9bc2-df50b3eddd6f,corrections,passed,bac586bc-5065-5e98-a3ae-8376ff0851ac,qa/b015-source/R011-B015_SOURCE_CLOSURE.json,Five explicit localized source corrections are recorded.
2e6365be-0a7a-5d48-b01a-845beb014012,visual,failed,60a2cb71-2aa1-5917-9379-f7f55474c01a,R011-B004R v4 build/visual diagnostic; 00_control/DECISION_LOG.md#D020; rejected candidate was not admitted,"The v4 build proved that setting the review-local parts list topsep, partopsep, and parsep to 0 had no pagination effect: exercise 1.44 parts (b) and (c) remained alone on the severely underfilled page. The ineffective list-glue override was therefore rejected and removed."
2e74e6a2-b8df-5d0d-aa04-642705a776c6,isolation,passed,2ffcfeef-a30d-5f61-943c-e0004b8e792c,scripts/generate_backend_b018.py,Exact deterministic B018 isolation gate passed.
2eab9c0e-3297-5e72-a7f6-b7ef05b90b69,build,passed,b9823605-b359-533a-9cb9-84628fa32225,qa/b009-backend-final/evidence/R011-B009_CANDIDATE_BUILD_QA.json,The exact 426-page candidate PDF has byte-identical pass-3/pass-4 identities and remains unpromoted.
2facdfe6-9843-5d8a-a087-f567a54f2a3b,asset_identity,passed,6c1dd36c-f3f2-5b99-b629-a5100d9fbb85,evidence/b016/ready-asset_rights_closure-R011-B016_ASSET_RIGHTS_CLOSURE.json,Exact deterministic B016 asset identity gate passed.
307917e5-d0aa-50cd-8e7a-882d91148d41,rights,passed,ee3f3811-ec00-546a-886d-2e90a9b33b2d,00_control/COMPONENT_RIGHTS.csv,"CC BY-SA text, figure, producer, bibliography, attribution, branding exclusion, and no-dataset closure passed."
3343307e-ca42-5191-8279-68f60f80a2dc,build,passed,a8a23f45-0dff-5b16-9969-c4824145de1e,qa/b003-build/final/main.log; output/pdf/statistika-berbasis-data-batas-R011-B003.pdf,"Final passes 14 and 15 produced the same 21,547,628-byte, 424-page PDF (SHA-256 21bada951ac8d7cd551e79a92d0e16fccec7d77d8c8cd78a23ea9babd78e6645); fatal, undefined-reference, rerun-warning, and missing-destination counts are zero."
34245d7e-17bf-5fae-903b-f35560d9ab13,build,passed,67a193b9-bacc-52c3-ba96-17f706246d41,scratch/b021-boundary-clean-reader/final/R011-B021_BOUNDARY_CLEAN_BUILD_QA.json,Two independent deterministic PDF replays produced identical 216-page bytes.
347fc1ec-c0cf-59c2-9b39-67e55a944b40,topology,passed,38d29400-2764-5109-a7fd-d245c7e52b17,backend/exports/views/exercises_answers.csv,"R011-B003 represents exercises 1.13-1.28 in source order, exactly eight odd public appendix solutions, and eight distinct O001 gaps for the even exercises without public upstream answers."
354dea16-4c3f-5d5f-bb2e-fbac1df593c0,build,passed,6c1dd36c-f3f2-5b99-b629-a5100d9fbb85,evidence/b016/terminal-build_receipt-CANDIDATE_BUILD_QA_B016.json,Exact deterministic B016 build gate passed.
355d2b9c-257f-5a65-9c9e-704c3ec18627,terminology,passed,d6bc141e-6711-5056-8884-ed04d528fe5f,qa/b019-terminology/R011-B019_TERMINOLOGY_QA.json,Representative Indonesian field terminology review passed.
3595f07c-4eb1-5773-ac2f-5952c2342974,independent_reader_verifier,passed,2d365eff-5868-5c78-9644-daac65a66c8a,scripts/qa_b020_boundary_clean_reader.py,The exact independent 199-page language-verifier implementation is retained with its resulting PASS receipt.
365076fc-a6c4-5d88-ad1f-66f334882b8f,language,passed,38d29400-2764-5109-a7fd-d245c7e52b17,backend/exports/locales/id-ID/localizations.jsonl,"Twenty-five R011-B003 source-bound target slices cover the complete Section 1.3 body, all sixteen exercises, and all eight public odd answers with exact spans and declared protected-token deltas."
365b5eb2-71f2-5f50-aa32-8c7b8b8d43d1,mathematics,passed,6c1dd36c-f3f2-5b99-b629-a5100d9fbb85,evidence/b016/ready-translation_qa-R011-B016_TRANSLATION_QA.json,Exact deterministic B016 mathematics gate passed.
36863efc-d029-5860-b1f6-527563c2a900,topology,passed,2ffcfeef-a30d-5f61-943c-e0004b8e792c,scratch/b018-build-candidate/R011-B018_SOURCE_QA.json,Exact deterministic B018 topology gate passed.
3784d5e7-e5ec-500a-919e-a90abeae071f,language,passed,06b28e64-c231-50b0-b1f6-648ba4ba5102,qa/b014-backend-final/exports/evidence/b014/terminology_qa-R011-B014_TERMINOLOGY_QA.json,Thirteen controlled B014 terms are bound to the established Indonesian field-source evidence and glossary.
3af7eade-20e8-58ea-8af1-228904edb244,interoperability,passed,b9823605-b359-533a-9cb9-84628fa32225,outputs/01a01ec1-e685-70d0-b022-211396334723/curriculum_logbook/05_MODULAR_BACKEND_INTEROPERABILITY_V0.md,All required typed entities and deterministic views are emitted.
3c0dd97f-22aa-5078-a3e9-95425af6f2d3,base_preservation,passed,6c1dd36c-f3f2-5b99-b629-a5100d9fbb85,evidence/b016/terminal-source_manifest-R011-B016_SOURCE_MANIFEST.tsv,Exact deterministic B016 base preservation gate passed.
3c64dc95-9e62-551a-b55e-fd47d8e49966,source,passed,2ffcfeef-a30d-5f61-943c-e0004b8e792c,scratch/b018-build-candidate/R011-B018_SOURCE_QA.json,Exact deterministic B018 source gate passed.
3cbfca87-e5ec-50f0-9cd7-4acfcf2cc025,structural,passed,67a193b9-bacc-52c3-ba96-17f706246d41,qa/b021-translation/staging/ch_foundations_for_inf_2117-2907.id.audit.json,"Main lines 2117-2907 preserve TeX topology, labels, references, numbers, mathematics, and localized alt text."
3d5d5225-053f-5324-aecb-e27b9efa1320,language,passed,d6bc141e-6711-5056-8884-ed04d528fe5f,qa/b019-reader/R011-B019_PAGEWISE_LANGUAGE_QA.json,All 190 pages passed pagewise residual-English adjudication.
3d93afbd-9e1f-5447-bc74-eaa8c2f8b780,rights,passed,d7955a56-864b-500a-a33b-7c476b342c7e,qa/b007-assets/B007_CANONICAL_PROMOTION_RECEIPT.json,"Five source PDFs, three source R producers, inference.RData, three promoted localized producers, five localized PDFs, and five exact adjacent English witnesses are hash-bound; final file-by-file rights closure remains deferred."
3e05b13f-11e0-515e-8454-6a705a672fd1,source,passed,4a0f5bef-95db-5c6c-ae94-097778cff15d,00_control/ADVERSE_LEDGER.jsonl#R011-ADV-0065-R011-ADV-0069,Five high-confidence upstream source/accessibility corrections SC-B006-001..005 are held for one deduplicated end-of-corpus report; ten derivative-only language/layout corrections ADV-0070..0079 are explicitly excluded from upstream reporting.
3ec3d016-f2ae-5a02-9ce1-117c29df0939,source,passed,d6bc141e-6711-5056-8884-ed04d528fe5f,qa/b019-source/R011-B019_BOUNDARY_BLUEPRINT.json,"Exact source, direct-asset, dependency, and component-rights closure passed."
3f2f1855-d01d-579c-9cba-1fd1843b6c39,accessibility,partial,a8a23f45-0dff-5b16-9969-c4824145de1e,output/pdf/statistika-berbasis-data-batas-R011-B003.pdf,"Catalog language is id-ID, but the 424-page interim PDF is untagged and has no StructTreeRoot; a final accessible reader remains required for the complete corpus."
415aae5b-2ffe-5e97-ba14-11478d30b67c,build,passed,3c7b35cb-6d4d-593f-83fb-823f691fe6c9,qa/b004-build/final-v5/main.log; qa/b004-build/final-v5/main.fls; qa/b004-build/final-v5/console-pass3.txt; qa/b004-build/final-v5/console-pass4.txt; output/pdf/statistika-berbasis-data-batas-R011-B004.pdf,"Final passes 3 and 4 produced the same 21,550,787-byte, 423-page PDF (SHA-256 2289191ca7dcb55a84f699e13bd6d3a910bb82022d7f9cdb83a8e6137b897970); fatal, undefined-reference, rerun-warning, and missing-destination counts are zero, and the recorder binds the isolated final-v5 source snapshot."
419a5b67-bc64-5509-8aa0-858fa7541e8c,asset,passed,76fde769-00ca-5b62-beb4-758042182d84,repo/ch_intro_to_data/figures/figureShowingBlocking/R011-B004_FIGURE_REPLAY.json,"Two independent source-equivalent Python vector replays are byte-identical; all 54 identities, 22/32 risk counts, 11/11/16/16 allocations, 288-by-504-point media box, Indonesian labels, and absence of raster/Symbol/Dingbats dependencies are asserted."
420e6180-881f-5803-9054-90d9fff208ef,chart_localization,passed,2d365eff-5868-5c78-9644-daac65a66c8a,scratch/b020-boundary-clean-reader/final/R011-B020_BOUNDARY_CLEAN_BUILD_QA.json,The choosingZForCI chart labels were localized with its page box and mathematical geometry preserved.
4235fbb2-4479-5c45-b42b-1e0666c4ac71,publication_route,passed_no_mutation,43e2340c-aac2-52ab-a542-4996330b5a67,release/b021/R011-B021-v2026.08.28.1/FIGSHARE_ROUTE_STATUS.json,"Fixed Figshare article 33314727 returned authenticated 403 InactiveAccount and public 404; no mutation or duplicate occurred, and the exact Zenodo fallback remains anonymously verified."
43b9ff28-f959-5e11-bbb9-b66df2f90f18,rights,passed,a766f9cd-f941-5953-b2d9-9d5f0b9a8764,qa/b011-backend-final/exports/evidence/R011-B011_ASSET_CLOSURE.json,CC BY-SA source and Indonesian derivative text are separately identified at the smallest scoped component; no third-party asset component is present.
4517c6f9-7878-5439-98c2-7aceefab2ce7,language,passed,841f68d2-9ccf-5af0-98df-193bec67b9ac,qa/R011-B006_REPAIR_RECEIPT.json,"Seventeen exact substitutions implementing ADV-0070..0076 replay in reverse to the pre-repair source identities; instructional order and numeric data are unchanged, and the rejected v1 candidate was never promoted."
451e0062-7789-5630-ae0a-63570ba1c8c6,accessibility,partial,231de4a4-f904-50d9-bcb4-ec725d0b436b,output/pdf/statistika-berbasis-data-batas-R011-B001.pdf,"Catalog language is id-ID, but the PDF is untagged and has no StructTreeRoot; this is recorded as an additive-accessibility limitation, not a bounded-publication blocker."
454e42c2-e065-5b72-9016-18e910a5a5d2,visual,passed,939f1132-c085-53b3-b199-907ba7434561,qa/R011-B006_VISUAL_AUDIT_V4.json,"All 17 bound B006 candidate pages pass full-resolution visual inspection with P0/P1/P2/P3 all zero and no clipping, overlap, truncation, stranded continuation, underfill, centering, or localized-figure defect."
45d1e44e-472e-50d0-8026-20231583738e,replay,passed,d6bc141e-6711-5056-8884-ed04d528fe5f,scratch/b019-boundary-clean-reader/final/R011-B019_BOUNDARY_CLEAN_BUILD_QA.json,Reader build and backend serialization are deterministic and hash-bound.
461737bc-bdb1-511e-8dd4-4a33454b01e0,source,passed,92815efc-346e-54a2-b6a5-b448656dafe4,qa/b023-source/R011-B023_BOUNDARY_BLUEPRINT.json,"Exact Section 6.2 source, exercise, answer, citation, figure, code, dependency, and rights closure passed."
47c818cd-b19f-5f1c-9305-6a9f126926e8,publication,passed,ffb34792-1a2d-57f1-a00b-5aeae4f32e72,qa/b020-publication/ZENODO_PUBLICATION_RECEIPT_R011-B020-v2026.08.28.1.json,Zenodo record 22142998 is open; metadata and all nine release assets passed anonymous public-byte readback.
4819273b-bb15-53af-a0a4-91e57efac267,source,passed,aa6de920-293e-53d9-bae5-bdb90e35f8f4,qa/R011-B005_SOURCE_QA.json; qa/R011-B005_TARGET_MANIFEST.tsv,"The twice-replayed B005 source gate admits exactly 1,182 files / 41,144,346 bytes with no errors."
4869d3a5-bd8f-5854-8c30-fa28d1e1d315,visual,passed,8474c291-c36a-52a5-ae26-1144edbc5a5d,qa/b008-backend-final-v3/exports/evidence/R011-B008_BUILD_ONLY_VISUAL_SANITY_V3.json,"All nine full-resolution scope pages pass the independent build-lane visual inspection with no clipping, overlap, or unreadable glyphs."
4919107a-27e0-584a-bd1f-672b4714df1f,build,passed,69766a93-7e18-5e0a-881f-cd49aaf7e84d,qa/R011-B004R_BUILD_QA.json; qa/b004r-build/final-v5/main.log; qa/b004r-build/final-v5/main.fls; qa/b004r-build/final-v5/console-pass3.txt; qa/b004r-build/final-v5/console-pass4.txt; output/pdf/statistika-berbasis-data-batas-R011-B004R.pdf,"Build receipt 81c00a0928a8c78135384d93724f27a1a49df580c2f1b37e17b63fcd3a16971f passed both write-time and read-only replay. Final passes 3 and 4 produced the same 21,982,189-byte, 423-page PDF (SHA-256 8fe971ed49d4e4f54fbd1aa37c82b093d03608ca345f95bda423b57f326d6c97); fatal, LaTeX, undefined-reference/citation, rerun, missing-character, and missing-destination counts are zero."
49aa179c-b724-5cca-8983-148ff12bf4f2,structural_main_a,passed,ee3f3811-ec00-546a-886d-2e90a9b33b2d,qa/b022-translation/staging/ch_inference_for_props_29-205.id.audit.json,"Main lines 29-205 preserve protected TeX, labels, references, numbers, and mathematics."
49ab15d1-769a-59db-bd4f-88d23019123e,visual,passed,b9823605-b359-533a-9cb9-84628fa32225,qa/b012-backend-final/exports/evidence/b012/visual_qa-R011-B012_VISUAL_QA.json,Terminal boundary visual QA reports zero remaining defects.
4a684c0c-fcc3-5bda-b0ce-69032766e40e,build,passed,f7913e76-ea30-5138-b919-2e77f302e4a1,qa/R011-B006_BUILD_QA_V4.json,"The supplied final V4 build receipt proves byte-identical final passes, a 424-page id-ID reviewed candidate, zero missing link targets, and full visual acceptance; it truthfully records that candidate-PDF promotion was not performed."
4c2a91e7-b412-5096-8583-97149af100b2,topology,passed,b9823605-b359-533a-9cb9-84628fa32225,qa/b013-backend-final/exports/evidence/b013/R011-B013_TERMINAL_INPUTS.json,"All 4,276 admitted B012 records preserve exact canonical bytes and stable identities."
4d513805-3751-5734-9e6e-4bc51a736442,asset,passed,92815efc-346e-54a2-b6a5-b448656dafe4,qa/b023-source/R011-B023_BOUNDARY_BLUEPRINT.json,"Three reader-visible figures, two upstream R producers, one localized chart, one localizer, and the CC BY 2.0 photo attribution close exactly."
4da9ce12-37d1-52bc-b309-4f3978be1d91,mathematics,passed,2d365eff-5868-5c78-9644-daac65a66c8a,qa/b020-translation/R011-B020_INDEPENDENT_TRANSLATION_VERIFICATION.json,"Formula, notation, numeric, and answer fidelity passed, including the documented 90.4% to 90.3% correction."
4f2afd1f-cf20-5c92-8e84-86e5e5105e1c,build,passed,b9823605-b359-533a-9cb9-84628fa32225,qa/R011-B007_BUILD_QA.json,The terminal PDF is byte-identical across consecutive passes and the final build receipt closes all nonvisual and visual checks.
4f3f8797-3b56-5aa7-9ff4-8b3dc1848158,source,passed,60a2cb71-2aa1-5917-9379-f7f55474c01a,00_control/ADVERSE_LEDGER.jsonl#R011-ADV-0059-R011-ADV-0062,Four high-confidence review defects are explicit derivative corrections and are held for one deduplicated end-of-corpus report.
4f49dae0-cba7-5f11-b335-3c9416ee2d98,corrections,passed,6c1dd36c-f3f2-5b99-b629-a5100d9fbb85,evidence/b016/ready-source_closure-R011-B016_SOURCE_CLOSURE.json,Exact deterministic B016 corrections gate passed.
4fad0c2f-a2e0-542b-8ab8-1a64ab3424e7,release_package,passed,74bfd09d-836d-5867-b318-7a9d6452ccd1,release/b018/R011-B018-v2026.08.27.1/RELEASE_MANIFEST.json,The published inventory is the exact reader-first nine-asset B018 package.
4fcf24ac-11f1-5868-a4a5-28f32b4cf6f7,build,blocked,4855a03b-af6e-56cc-ad3b-7d0f5e26745e,,"Final V2 PDF, build/visual receipts, and final review-source identity are external parameters and are not emitted or claimed by this source stage."
5433cfd6-567f-5e2e-905a-d9e0b9282485,terminology,passed,2d365eff-5868-5c78-9644-daac65a66c8a,qa/b020-terminology/R011-B020_TERMINOLOGY_QA.json,Representative Indonesian field terminology review passed and the carried B019 synonym was normalized once in assembly.
54bfc96e-4c8d-5705-82a6-3fa38b3d005b,interoperability,passed,ca0df825-ca52-52be-a3e6-0c3090edaa4c,outputs/01a01ec1-e685-70d0-b022-211396334723/curriculum_logbook/05_MODULAR_BACKEND_INTEROPERABILITY_V0.md,Exact deterministic B017 interoperability gate passed.
54c4c38f-d306-51f6-bb78-c294b40c6385,language,passed,aa6de920-293e-53d9-bae5-bdb90e35f8f4,qa/b005-backend/exports/evidence/R011-B005_TERMINOLOGY.csv,"All 46 B005 controlled terms R011-TERM-0076..0121 have stable concept and id-ID term identities, introduction relations, and prerequisite edges."
54c5098a-6262-566e-b804-8e8551360543,accessibility,passed,193a93a2-5f42-56b5-a579-7a4c8b028e6d,qa/b010-backend-final/exports/evidence/R011-B010_PROBABILITY_TERMINOLOGY_QA.json,The result-variable and A-and-other tree-leaf source defects are explicit typed corrections and fixed in the candidate.
5504b0fc-e7dc-5c79-81a8-3bf3bf45f633,asset,passed,4d7e1beb-821d-5a81-b350-46eb6bf05f55,qa/b009-backend-final/evidence/R011-B009_FIGURE_LOCALIZATION_RECEIPT.json,"Eight main localized PDFs, eight exact PDF witnesses, eight producer witnesses, roulette photo, and four swing-voter lineage assets are hash-bound."
5515ef91-e9e4-5290-9ddc-5515fb22de78,interoperability,passed,2d365eff-5868-5c78-9644-daac65a66c8a,scratch/b020-boundary-clean-reader/R011-B020_BOUNDARY_CLEAN_SOURCE_MANIFEST.tsv,"Stable units, segments, terms, exercises/answers/gaps, figures/producers/data, rights, corrections, QA, and artifacts were emitted."
55604bba-0456-5e2f-b258-79d7708c029e,publication,passed,43e2340c-aac2-52ab-a542-4996330b5a67,qa/b021-publication/ZENODO_PUBLICATION_RECEIPT_R011-B021-v2026.08.28.1.json,Zenodo record 22148827 is open; metadata and all nine release assets passed anonymous public-byte readback.
562588b5-ae30-5073-9ae1-6451f7ed205d,translation_overlay,passed,ef7f55d2-6426-5c6b-a525-29e747da8d0b,backend/exports/core/segments.jsonl; backend/exports/locales/id-ID/localizations.jsonl,"Ten source-bound target slices cover the complete Section 1.4 body, all six exercises, and all three public odd answers with exact spans and declared protected-token deltas."
58baf0c6-d207-53e0-958e-bfab53a6abfa,language,passed,67a193b9-bacc-52c3-ba96-17f706246d41,qa/b021-reader/R011-B021_PAGEWISE_LANGUAGE_QA.json,All 216 pages passed pagewise residual-English adjudication.
59af16d8-cf1f-558c-bf24-9508844758d3,mathematics,passed,67a193b9-bacc-52c3-ba96-17f706246d41,qa/b021-translation/staging/R011-B021_EXERCISES_ANSWERS_TRANSLATION_AUDIT.json,"Formula, notation, numeric, and answer fidelity passed across the complete Section 5.3 exercise-answer boundary."
5a0c8c11-64a7-50c7-9824-2ef15086cb39,privacy,passed,d7955a56-864b-500a-a33b-7c476b342c7e,qa/b007-backend/exports/evidence/R011-B007_PRIVACY_SANITIZATION_RECEIPT.json,All inherited active localization provenance is neutralized with stable IDs and prior-record hashes retained; affected historical evidence is emitted only as receipt-bound sanitized copies; the full staged payload scan requires zero requester-token and local-profile-path hits.
5a0f4422-cde5-56dc-a2c6-7ffdd780be3c,topology,passed,b9823605-b359-533a-9cb9-84628fa32225,qa/b012-backend-final/exports/evidence/b012/R011-B012_BACKEND_INPUT_REQUIREMENTS.json,"All required entity classes, ten schema-bound views, and translation-state mappings are emitted."
5a182034-1ba2-5a0a-bc25-a823c2ca4826,visual,passed,67a193b9-bacc-52c3-ba96-17f706246d41,qa/b021-reader/R011-B021_VISUAL_QA.json,All 216 pages passed whole-reader visual inspection with no accepted defects.
5b992d0e-d7ce-5a56-be0f-9a7e362f4607,publication,passed,74bfd09d-836d-5867-b318-7a9d6452ccd1,qa/b018-publication/ZENODO_PUBLICATION_RECEIPT_R011-B018-v2026.08.27.1.json,Zenodo record 22133317 is public; metadata and all nine release assets passed anonymous byte readback.
5bfa9a06-a05d-585e-8e8a-5aab862adc6f,topology,passed,4d7e1beb-821d-5a81-b350-46eb6bf05f55,qa/b009-backend-final/evidence/R011-B009_BACKEND_PLAN.json,"53 units, 64 source segments/localizations, 12 EoCE exercises, six public answers, and six explicit O001 gaps are ordered and linked."
5c932a29-cde0-5f0f-999e-444a75e1705b,build,passed,b9823605-b359-533a-9cb9-84628fa32225,qa/b012-backend-final/exports/evidence/b012/build_receipt-CANDIDATE_BUILD_QA_B012.json,Two independent B012 PDF replays are byte-identical and bind the 427-page reader.
5dc851ba-7ce3-5f5a-b8cd-6c9eeedf5481,publication,passed,74bfd09d-836d-5867-b318-7a9d6452ccd1,release/b018/R011-B018-v2026.08.27.1/GITHUB_PUBLICATION_RECEIPT.json,GitHub tag r011-b018-2026.08.27.1 is public; exact tree and all nine release assets passed anonymous readback.
5fa2fe7c-a61a-5bb0-94bd-fb9fb3309a0a,rights,passed,ca0df825-ca52-52be-a3e6-0c3090edaa4c,scratch/b017-source/R011-B017_BOUNDARY_BLUEPRINT.json,Exact deterministic B017 rights gate passed.
60f7c595-2508-5096-8335-39ab70238dad,topology,passed,b9823605-b359-533a-9cb9-84628fa32225,qa/b014-backend-final/exports/evidence/b014/R011-B014_TERMINAL_INPUTS.json,"All 4,516 admitted B013 records preserve exact canonical bytes and stable identities."
62174682-1f1d-5d37-8dca-d36e4446a4c5,visual,passed,b9823605-b359-533a-9cb9-84628fa32225,qa/b010-backend-final/exports/evidence/R011-B010_VISUAL_QA.json,"The final reader window and public-answer boundary pass clipping, overlap, formula, figure, transition, and readability review."
63f71fa8-7a81-5e1e-9e86-98359f0a5982,language,passed,193a93a2-5f42-56b5-a579-7a4c8b028e6d,qa/b010-backend-final/exports/evidence/R011-B010_PROBABILITY_TERMINOLOGY_QA.json,Eleven decisions are propagated; bibliographic URLs/hash observations are retained and restricted field-witness bytes are excluded.
6455490a-75ee-54ed-91a2-fe540b671ad3,visual,passed,d7955a56-864b-500a-a33b-7c476b342c7e,qa/b007-assets/B007_CANONICAL_PROMOTION_RECEIPT.json,All 13 canonical destinations match the promotion receipt exactly; P0-P3 are zero and both point-heavy assets preserve their source coordinate multisets with every point visible in Poppler and MuPDF.
64b99e8c-fcb2-59dd-973e-bf55cc64a489,language,passed,a485ca16-e7af-5fc9-a661-2481b3a87b29,qa/b012-backend-final/exports/evidence/b012/terminology_qa-R011-B012_TERMINOLOGY_QA.json,Ten controlled terms and accepted synonyms are bound without bundling restricted field-witness bytes.
660c96c2-9b13-54b9-9e6f-21e39be9c569,isolation,passed,b9823605-b359-533a-9cb9-84628fa32225,qa/b015-backend-prep/R011-B015_TERMINAL_INPUTS.json,"No live backend, source, control, release, Git, network or publication mutation."
66bf45d2-3b40-5b5c-9ba0-64a2373f08d1,source,passed,4855a03b-af6e-56cc-ad3b-7d0f5e26745e,qa/b008-backend-final-v3/exports/evidence/R011-B008_SOURCE_QA_V3.json,"The 1,206-file V3 source manifest passes 30/30 checks; only the review-exercise layout member changed from V2."
66f40a06-7924-5ab8-8361-4ab06da0c987,exercise_answer,passed,ee3f3811-ec00-546a-886d-2e90a9b33b2d,qa/b022-translation/staging/R011-B022_EXERCISES_ANSWERS_TRANSLATION_AUDIT.json,"Exercises 1-16, all upstream-public odd answers 1-15, and even-answer O001 gaps passed closure checks."
6761ebb7-9428-5dd5-b632-bc42b3db2ff2,rights,passed,67a193b9-bacc-52c3-ba96-17f706246d41,qa/b021-source/R011-B021_BOUNDARY_BLUEPRINT.json,CC BY-SA text/figure expression and separately governed GPL-3 OpenIntro package/data closure passed.
6876c7f6-fdfe-5207-bae4-eaee852f5463,correction,passed,06b28e64-c231-50b0-b1f6-648ba4ba5102,qa/b014-backend-final/exports/evidence/b014/final_translation_qa-R011-B014_FINAL_TRANSLATION_QA.json,"SC001--SC011 and LA001--LA002 are typed, derivative-scoped, and non-silent."
68f87901-96b8-5dde-bb97-5c3f02dc341e,source,passed,2d365eff-5868-5c78-9644-daac65a66c8a,qa/b020-source/R011-B020_BOUNDARY_BLUEPRINT.json,"Exact Section 5.2 source, exercise, answer, asset, dependency, and component-rights closure passed."
6ad4d5b4-b691-5117-b7b0-cb4bb0204918,structural,passed,67a193b9-bacc-52c3-ba96-17f706246d41,qa/b021-translation/staging/ch_foundations_for_inf_1509-1719.id.audit.json,"Main lines 1509-1719 preserve TeX topology, labels, references, numbers, and mathematics."
6b965acb-95b2-58ce-828d-b6a03f4c3317,publication,passed,fea5aa62-f235-569e-9edf-2c0f8550813b,qa/b019-publication/ZENODO_PUBLICATION_RECEIPT_R011-B019-v2026.08.28.1.json,Zenodo record 22135360 is open; metadata and all nine release assets passed anonymous byte readback.
6c4eb08c-8168-5b33-8d5a-af6c7533c3f6,terminology,passed,2ffcfeef-a30d-5f61-943c-e0004b8e792c,qa/b018-terminology/R011_B018_TERMINOLOGY_QA_2026-08-26.json,Exact deterministic B018 terminology gate passed.
6c505b0c-afb3-5b00-87e4-a3527b919505,visual,passed,69766a93-7e18-5e0a-881f-cd49aaf7e84d,qa/R011-B004R_BUILD_QA.json#visual_qa; qa/b004r-render/final-v5/FINAL_MANIFEST.tsv; qa/b004r-render/final-v5/review-contact.png; qa/b004r-render/final-v5/answers-contact.png,"Seven inspected page renders plus two contact sheets total 9 images / 8,865,606 bytes and cover pages 36-40 and 386-387 at 150 dpi. Full-resolution inspection found P1/P2/P3=0/0/0, no localized-figure defect, exercise 1.44(a)-(c) complete on page 39, the Chapter 2 opener on page 40, and a clean public-answer-to-forward-B005 boundary."
6cff3c1c-298d-5ed4-8f05-3929851c68b4,visual,passed,b9823605-b359-533a-9cb9-84628fa32225,qa/b009-backend-final/evidence/R011-B009_VISUAL_AUDIT.json,The bounded human visual audit passes all Chapter 3 and terminal index pages with no findings.
6daee73b-8510-5282-9d8f-d2ebdf1b64a3,topology,passed,b9823605-b359-533a-9cb9-84628fa32225,qa/b012-backend-final/exports/evidence/b012/R011-B012_TERMINAL_INPUTS.json,"All 3,828 admitted B011 records preserve exact canonical bytes and stable identities."
6ee35305-e5e6-5b6d-b036-d0fe62124313,visual,passed,2d365eff-5868-5c78-9644-daac65a66c8a,qa/b020-reader/R011-B020_VISUAL_QA.json,All 199 pages were visually inspected with zero defects.
6f9fb207-8086-571e-a28a-e15d9793e5ad,correction,passed,4c8457ff-0769-59f0-9a0d-040a50fb107c,qa/b013-backend-final/exports/evidence/b013/final_translation_qa-R011-B013_FINAL_TRANSLATION_QA.json,Three high-confidence source accessibility/grammar corrections are typed and derivative-scoped.
70400bf9-11ce-5e03-90f3-2eaf100fda08,asset,passed,4855a03b-af6e-56cc-ad3b-7d0f5e26745e,qa/b008-backend/exports/evidence/R011-B008_ASSET_MACHINE_QA.json,"Six localized PDFs, six English witnesses, and four canonical localized producers are hash-bound."
70594aee-9999-589a-b1a5-f04d8aa04c5c,language,passed,74bfd09d-836d-5867-b318-7a9d6452ccd1,qa/b018-reader-correction/R011-B018_PAGEWISE_LANGUAGE_QA.json,All 176 learner-reader pages were adjudicated; untranslated instructional or exercise prose pages: 0.
70ad9485-6bd7-5951-a2db-508f698ef995,build,passed,d6bc141e-6711-5056-8884-ed04d528fe5f,scratch/b019-boundary-clean-reader/final/R011-B019_BOUNDARY_CLEAN_BUILD_QA.json,Two independent deterministic PDF replays produced identical 190-page bytes.
70f081a5-6460-5255-a5a1-a628cf6ea47b,build,passed,74bfd09d-836d-5867-b318-7a9d6452ccd1,qa/b018-reader-correction/R011-B018_BOUNDARY_CLEAN_BUILD_QA.json,Two complete build replays produced the exact 176-page boundary-clean reader.
71131fbd-e5c4-5bb7-958e-6736da8f7c39,mathematics,passed,d6bc141e-6711-5056-8884-ed04d528fe5f,qa/b019-translation/staging/R011-B019_EXERCISE_ANSWER_AUDIT.json,"Formula, notation, numeric, and public-answer preservation passed."
717178bf-5fe2-568d-b9e1-ab4022bd5f5d,rights,passed,193a93a2-5f42-56b5-a579-7a4c8b028e6d,qa/b010-backend-final/exports/evidence/R011-B010_ASSET_CODE_DATA_CLOSURE.json,"CC BY-SA derivatives, GPL package dependencies, factual-data limits, and the mammogram provenance note have distinct smallest-component records."
719117f8-584c-5a87-bf4a-9512d19aa93d,language,passed,a766f9cd-f941-5953-b2d9-9d5f0b9a8764,qa/b011-backend-final/exports/evidence/R011-B011_TERMINOLOGY_QA.json,With replacement and without replacement decisions are terminally propagated; inherited bibliographic URL/hash observations are retained without restricted witness bytes.
728df537-6f25-54c0-a973-e77e33a4e7a1,visual,passed,b9823605-b359-533a-9cb9-84628fa32225,qa/b011-backend-final/exports/evidence/R011-B011_VISUAL_QA.json,The terminal Section 3.3 reader window passes the bound visual QA.
730bad67-0779-526b-bab9-0296819d3bef,source,passed,ca0df825-ca52-52be-a3e6-0c3090edaa4c,scratch/b017-build-candidate/R011-B017_SOURCE_QA.json,Exact deterministic B017 source gate passed.
73c556b2-9ab9-5459-bf44-98bd3c887a9d,visual,passed,27323993-c63c-57ac-ba90-5e0b9457ab94,qa/R011-B006_LAYOUT_REPAIR_RECEIPT_V3.json,"Three exact layout-only substitutions implementing ADV-0077..0078 replay to the full rejected-v2 source snapshot and manifest; instructional content, order, mathematics, numeric data, assets, and figure bytes are unchanged, and v2 was never promoted."
73d3a279-4acf-5532-a801-cc23fe3c5873,rights,passed,2ffcfeef-a30d-5f61-943c-e0004b8e792c,scratch/b018-candidate/R011-B018_CANDIDATE_RECEIPT.json,Exact deterministic B018 rights gate passed.
746d26aa-0c8c-5d57-9cea-153eacedb84b,visual,passed,ebacdbc3-a620-5e9c-b720-04b08f2be6b2,qa/b002-render/FINAL_MANIFEST.tsv,"Twenty-five rendered witness pages (PDF pages 1-23 and 385-386; 5,985,650 image bytes) cover front matter, the complete B002 reader boundary, the intentional B003 transition, and the first-chapter public-answer transition with no manifest mismatch or extra file."
751ea646-58bf-5a59-b57c-c6cde239b60d,language,passed,c9faaa37-1ac5-54ae-b62f-1556d2b63374,backend/exports/locales/id-ID/localizations.jsonl,"Seventeen source-bound id-ID target slices, including public answers, were imported with exact target spans and SHA-256 values."
75517458-7352-504f-9714-39ff66c0dc26,source,passed,4a0f5bef-95db-5c6c-ae94-097778cff15d,qa/R011-B006_SOURCE_QA.json; qa/R011-B006_TARGET_MANIFEST.tsv,"The replayed post-repair B006 source gate admits exactly 1,195 files / 41,205,947 bytes with no active reader-visible English and no placeholders."
7560cec8-1b68-56ab-97b6-6ba3e7fc6798,source,passed,ef7f55d2-6426-5c6b-a525-29e747da8d0b,qa/R011-B004_SOURCE_QA.json; qa/R011-B004_TARGET_MANIFEST.tsv,"The frozen B004 source gate passed structure, mathematics, language-residue, exercise-answer, component-rights, figure-replay, all four D013 reflows, and exact snapshot checks for 1,156 target files totaling 40,207,756 bytes (manifest SHA-256 4004ca2779f6804b664df9aa5454f083597d36c1f897b452b463ab028c256c1d), explicitly excluding the forward unadmitted B005 delta."
76a6c67e-9e30-5571-b37e-74b84a826160,language,passed,06b28e64-c231-50b0-b1f6-648ba4ba5102,qa/b014-backend-final/exports/evidence/b014/final_translation_qa-R011-B014_FINAL_TRANSLATION_QA.json,"Chapter 4 title/introduction, complete Section 4.1, 6 worked examples, 15 guided exercises and inline answers, EoCE 1--10, five public answers, and five explicit O001 gaps are terminally bound."
7c84ed5c-f278-5674-90cd-dd24c3c1cad8,structural,passed,67a193b9-bacc-52c3-ba96-17f706246d41,qa/b021-translation/staging/ch_foundations_for_inf_1720-2116.id.audit.json,"Main lines 1720-2116 preserve TeX topology, labels, references, numbers, and mathematics."
7d1e55b5-457f-5506-b7a8-82380bdc9169,source,passed,6c1dd36c-f3f2-5b99-b629-a5100d9fbb85,evidence/b016/terminal-source_qa-R011-B016_SOURCE_QA.json,Exact deterministic B016 source gate passed.
7e1faf5d-c14c-51d9-a850-fd227726d677,corrections,passed,ca0df825-ca52-52be-a3e6-0c3090edaa4c,scratch/b017-candidate/R011-B017_UPSTREAM_CORRECTION_CANDIDATES.json,Exact deterministic B017 corrections gate passed.
7e6252a2-fb6e-5c46-819c-af1d8aa49e26,interoperability,passed,6c1dd36c-f3f2-5b99-b629-a5100d9fbb85,evidence/b016/spec-interoperability-05_MODULAR_BACKEND_INTEROPERABILITY_V0.md,Exact deterministic B016 interoperability gate passed.
80e01966-cded-5b9b-b843-007c0223eae1,corrections,passed,2ffcfeef-a30d-5f61-943c-e0004b8e792c,scratch/b018-candidate/R011-B018_UPSTREAM_CORRECTION_CANDIDATES.json,Exact deterministic B018 corrections gate passed.
8150d597-94e5-59c2-91f4-a40a2db42954,terminology,passed,bac586bc-5065-5e98-a3ae-8376ff0851ac,qa/b015-terminology/R011-B015_TERMINOLOGY_QA.json,Controlled terminology decisions are exact and bound.
81511b04-1f0f-5a89-9912-08715b29f845,replay,passed,67a193b9-bacc-52c3-ba96-17f706246d41,scratch/b021-boundary-clean-reader/final/R011-B021_BOUNDARY_CLEAN_BUILD_QA.json,Reader build and backend serialization are deterministic and hash-bound.
81c959a6-fc19-53ca-a49d-2a5462837e8b,asset,passed,193a93a2-5f42-56b5-a579-7a4c8b028e6d,qa/b010-backend-final/exports/evidence/R011-B010_ASSET_QA_RECEIPT.json,"Eight localized PDF pairs preserve declared labels, numbers, media boxes, and raster dimensions; localized/source R and data provenance are hash-bound."
82884b8e-30b5-5490-89c0-7584fa9a461f,build,passed,b9823605-b359-533a-9cb9-84628fa32225,qa/b011-backend-final/exports/evidence/R011-B011_CANDIDATE_BUILD_QA.json,The terminal B011 build receipt and exact reader PDF are bound.
84ccf18f-08e7-5dbd-a6e0-af3c8c87aad0,publication_route,passed_no_mutation,8e6d1da0-a848-55df-9721-47e09976cd1f,release/b022/R011-B022-v2026.08.29.1/FIGSHARE_ROUTE_STATUS.json,Fixed Figshare article 33314727 returned authenticated 403 InactiveAccount and public 404; no mutation or duplicate occurred and the Zenodo fallback is exact.
871b6c66-a7ef-513a-9b86-c9ebd7ea993c,asset_localization,passed,4a0e9793-77ce-5723-9985-c242d1ff92d2,qa/b015-assets/R011-B015_LOCALIZED_FIGURE_QA.json,"Localized R/PDF determinism, text and geometry passed."
87a27059-1f2f-5dfd-b20f-cc2587983fb4,independent_reader_verifier,passed,67a193b9-bacc-52c3-ba96-17f706246d41,scripts/qa_b021_boundary_clean_reader.py,The exact independent 216-page residual-English verifier implementation is retained and bound to its accepted pagewise-language receipt.
87df5412-b239-5ab6-aaa2-4d2e3e8662ea,language,passed,4d7e1beb-821d-5a81-b350-46eb6bf05f55,qa/b009-backend-final/evidence/R011-B009_HANDOFF.json,All 64 target segments preserve normalized mathematical/operator and structural token skeletons; authorized differences are limited to translated TeX display prose/ordinals.
89164f41-8525-5d45-980c-8cd10a63d063,structural_main_c,passed,ee3f3811-ec00-546a-886d-2e90a9b33b2d,qa/b022-translation/staging/ch_inference_for_props_325-548.id.audit.json,"Main lines 325-548 preserve protected TeX, labels, references, numbers, mathematics, and the exact boundary close."
8a089ab8-932c-5d29-9594-e297058cb1f8,visual,passed,60a2cb71-2aa1-5917-9379-f7f55474c01a,repo/ch_intro_to_data/figures/eoce/*/REPLAY_RECEIPT.json,Both localized review figures have two byte-identical replays and component-specific visual/source-equivalence evidence.
8c2e8f64-def7-5e44-a62b-988b75a721c6,language,passed,92815efc-346e-54a2-b6a5-b448656dafe4,qa/b023-reader/R011-B023_PAGEWISE_LANGUAGE_QA.json,All 241 accepted pages passed pagewise residual-English adjudication.
8cb95fae-7e3b-58bc-8e5c-c559e5137adc,terminology,passed,92815efc-346e-54a2-b6a5-b448656dafe4,qa/b023-translation/R011-B023_TERMINOLOGY_QA.json,Bounded Indonesian field-usage QA passed; C18 was propagated and no glossary replacement was required.
8e061cf2-ca10-5763-b013-bde84067232b,translation,passed,6c1dd36c-f3f2-5b99-b629-a5100d9fbb85,evidence/b016/ready-translation_qa-R011-B016_TRANSLATION_QA.json,Exact deterministic B016 translation gate passed.
8e4f5ce9-c1ab-51b7-9584-5648b49d0988,build,failed,b9823605-b359-533a-9cb9-84628fa32225,qa/upstream-baseline-build/main.log,LaTeX stopped at main.tex:86: Loading a class or package in a group; no PDF was produced.
90263b14-35f1-5654-821a-c33df665dff7,source,passed,b9823605-b359-533a-9cb9-84628fa32225,qa/R011-B003_SOURCE_QA.json; qa/R011-B003_TARGET_MANIFEST.tsv,"The frozen R011-B003 source gate passed structural, prefix/suffix, assessment-topology, language-residue, component-rights, asset-replay, and exact closure checks for 1,154 target files totaling 40,176,188 bytes (manifest SHA-256 8de42dbd11c745e3d0fe9c5cd8214deb0bad53d01ec74d267dddd5c2b40f1c32)."
9154f787-1320-59a4-b303-a8fae6e70e5c,visual,failed,60a2cb71-2aa1-5917-9379-f7f55474c01a,R011-B004R v3 build/visual diagnostic; rejected candidate was not admitted,"The v3 build applied the zero-extra inter-exercise gap, but visual inspection still found exercise 1.44 parts (b) and (c) orphaned on the severely underfilled page before the forced Chapter 2 opener."
91f7b845-d73b-57ae-89e6-48f598f1a51d,interoperability,passed,67a193b9-bacc-52c3-ba96-17f706246d41,scratch/b021-boundary-clean-reader/R011-B021_BOUNDARY_CLEAN_SOURCE_MANIFEST.tsv,"Stable units, segments, terms, exercises/answers/gaps, figures/producers/data, rights, corrections, QA, and artifacts were emitted."
954b15f4-cee0-5ae8-b044-bfb203ea050d,build,passed,ebacdbc3-a620-5e9c-b720-04b08f2be6b2,qa/b002-build/final/main.log; output/pdf/statistika-berbasis-data-batas-R011-B002.pdf,"Two consecutive deterministic final passes produced the same 424-page PDF; fatal, undefined-reference, and rerun-warning counts are zero."
95592ae0-1a46-5906-a4eb-82402258130d,source,passed,06b28e64-c231-50b0-b1f6-648ba4ba5102,qa/b014-backend-final/exports/evidence/b014/source_qa-R011-B014_SOURCE_QA.json,The isolated B014 source overlay and manifest are exact.
96121a0c-df0b-583c-bbf8-2c8f46105235,rights,passed,92815efc-346e-54a2-b6a5-b448656dafe4,00_control/COMPONENT_RIGHTS.csv,"CC BY-SA text/assets, the David J CC BY 2.0 photo, citations, brand exclusion, and no-dataset closure passed."
96f431bd-b261-58fc-9c3b-f0c4b5622020,reproducibility,passed,38d29400-2764-5109-a7fd-d245c7e52b17,00_control/DECISION_LOG.md#D017; repo/ch_intro_to_data/figures/B003_FIGURE_REPLAY.json,"Decision D017 is enacted: all seven B003 generated figures are localized through frozen data and code-native R producers, with geometry, sampling selections, colors, data order, media boxes, immutable inputs, and separate GPL build-dependency governance preserved."
986a6a1d-72fe-5113-934d-f77d878666cd,build,passed,b9823605-b359-533a-9cb9-84628fa32225,qa/b014-backend-final/exports/evidence/b014/build_receipt-CANDIDATE_BUILD_QA_B014.json,Two independent B014 PDF replays are byte-identical and bind the 427-page reader.
991ac736-468c-5b6c-953f-67dabf6e42ef,rights,passed,d6bc141e-6711-5056-8884-ed04d528fe5f,qa/b019-source/R011-B019_BOUNDARY_BLUEPRINT.json,CC BY-SA text/plot expression and separately governed GPL-3 OpenIntro package/COL closure passed.
99bfe8ac-43d0-5ead-ba61-6c101beaa0fb,language,passed,d7955a56-864b-500a-a33b-7c476b342c7e,scratch/R011-B007-candidate/VALIDATION_RECEIPT.json,Complete reader-prose review found no unexplained English prose or visible English index residue.
99d6cfd2-30d7-5123-abca-ec5a85c6ea70,mathematics,passed,bac586bc-5065-5e98-a3ae-8376ff0851ac,qa/b015-build/R011-B015_SOURCE_QA.json,Formula and numeric semantics passed exact normalization checks.
9ab4c69c-5208-5df7-a228-79e7751f38f9,interoperability,passed,2ffcfeef-a30d-5f61-943c-e0004b8e792c,outputs/01a01ec1-e685-70d0-b022-211396334723/curriculum_logbook/05_MODULAR_BACKEND_INTEROPERABILITY_V0.md,Exact deterministic B018 interoperability gate passed.
9c286ba2-2ba9-5342-b387-c33bab7ff015,topology,passed,6c1dd36c-f3f2-5b99-b629-a5100d9fbb85,evidence/b016/terminal-source_qa-R011-B016_SOURCE_QA.json,Exact deterministic B016 topology gate passed.
9c438b68-865c-510a-ad32-400e8e05dc58,release_package_semantics,passed,ffb34792-1a2d-57f1-a00b-5aeae4f32e72,release/b020/R011-B020-v2026.08.28.1/RELEASE_MANIFEST.json,RELEASE_MANIFEST status PACKAGED_VERIFIED and publication_performed:false describe the pre-publication packager operation only. Separate sanitized Zenodo and GitHub receipts are authoritative for current remote state.
9d92166d-a90a-5091-8295-4289b9146fb6,publication,passed,8e6d1da0-a848-55df-9721-47e09976cd1f,qa/b022-publication/ZENODO_PUBLICATION_RECEIPT_R011-B022-v2026.08.29.1.json,Open Zenodo record 22161105 and all nine assets passed anonymous public-byte readback.
9d978ec1-47d8-5c84-9f47-543494c195da,exercise_answer,passed,92815efc-346e-54a2-b6a5-b448656dafe4,qa/b023-translation/R011-B023_TRANSLATION_AUDIT.json,"Exercises 17-30, public odd answers 17-29, and seven O001 gaps passed closure checks."
9ddf4970-7140-5581-99fc-0daf2947fa29,rights,passed,d779fbdb-fa22-538b-98d8-daaed9b14df3,repo/ch_intro_to_data/TeX/case_study_using_stents_to_prevent_strokes.tex:36-42,"Component reuse authority remains unresolved, so the Indonesian edition excludes the figure and supplies a textual description instead."
9fa3ce1b-ecd3-5b41-a92e-4ad4d5266de7,admission,deferred,b9823605-b359-533a-9cb9-84628fa32225,qa/b009-backend-final/evidence/R011-B009_CANDIDATE_READER.pdf,"Backend candidate is complete and isolated; guarded admission, canonical promotion, publication, and upstream reporting remain separate transactions."
a027adad-b6a9-5ebf-ae89-9568e7b4bdf2,chart_localization,passed,67a193b9-bacc-52c3-ba96-17f706246d41,qa/b021-figures/R011-B021_FIGURE_LOCALIZATION_QA.json,Three reader-visible chart-label derivatives preserve page boxes and mathematical geometry.
a032b87b-40c9-59d6-afc5-5296f62e284f,mathematics,passed,ee3f3811-ec00-546a-886d-2e90a9b33b2d,qa/b022-translation/staging/R011-B022_EXERCISES_ANSWERS_TRANSLATION_AUDIT.json,"Formula, notation, numeric, and answer fidelity passed across the complete Section 6.1 exercise-answer boundary."
a0c0a1fc-d37c-5a5b-871e-3dc5185020e6,protected_tex,passed,92815efc-346e-54a2-b6a5-b448656dafe4,qa/b023-translation/R011-B023_TRANSLATION_AUDIT.json,"TeX controls, environments, labels, references, figures, delimiters, and authorized reflow exceptions passed."
a127db13-9d17-5606-b3f6-874ad47fe14c,build,passed,b9823605-b359-533a-9cb9-84628fa32225,qa/first-boundary-build/pass1/main.log; output/pdf/statistika-berbasis-data-batas-R011-B001.pdf,"Complete localized build passed; two consecutive final passes produced byte-identical PDFs with SOURCE_DATE_EPOCH=1787184000 and FORCE_SOURCE_DATE=1; fatal, undefined-reference, and rerun-warning counts are zero."
a1484cab-3037-5c06-94a3-b25b1cd54189,visual,passed,285454df-b4e5-5ca8-a2e7-6993e5a33122,repo/ch_summarizing_data/figures/b005_prefix_replay/FINAL_RECEIPT.json,"The existing receipt binds all 18 directly referenced body PDFs, their producers, data identifiers, two byte-identical replays, vector invariance, residue checks, and manual visual PASS."
a19ed449-90ec-5761-b002-3cc224cb1c62,visual,passed,6391a386-fb76-5d7c-9d5d-0dc4ee0969b8,repo/ch_summarizing_data/figures/b005_eoce_closure/FINAL_RECEIPT.json,"All 13 exercise/public-answer assets pass deterministic replay, parser, embedding, residue, and visual QA; the mammal plot renders all 55 complete cases in Poppler and MuPDF."
a2d1b067-aedd-527a-82d2-d3a200e39a65,source,passed,b9823605-b359-533a-9cb9-84628fa32225,authority/UPSTREAM_AUTHORITY.json,"Commit, calculated tree, archive, and 1,143-file manifest are hash-bound."
a30b36e0-a512-56c1-b968-d08efde331cf,interoperability,passed,ee3f3811-ec00-546a-886d-2e90a9b33b2d,scratch/b022-boundary-clean-reader/R011-B022_BOUNDARY_CLEAN_SOURCE_MANIFEST.tsv,Stable chapter/section/segment/term/exercise/answer/gap/asset/correction/QA/artifact records and deterministic exchange views are emitted.
a3c5d0b2-898f-509a-96ab-9166f5a457d8,visual,passed,d6bc141e-6711-5056-8884-ed04d528fe5f,qa/b019-reader/R011-B019_VISUAL_QA.json,All 190 pages were visually inspected with zero defects.
a44d72ba-4efc-5392-a228-90ed8c4efc72,base_preservation,passed,b9823605-b359-533a-9cb9-84628fa32225,backend/exports/manifest.json,"Exact B014 manifest, inventory and every canonical record byte are preserved."
a4f5c9a6-31e6-54a9-95a2-6114d44d6c60,math,passed,193a93a2-5f42-56b5-a579-7a4c8b028e6d,qa/b010-backend-final/exports/evidence/R011-B010_FINAL_TRANSLATION_QA.json,"Every B010 localization preserves the normalized formula/operator, label, reference, and structural token skeleton."
a9836086-1ef7-57e0-8af2-8db2e5dd6821,asset,passed,4c8457ff-0769-59f0-9a0d-040a50fb107c,qa/b013-backend-final/exports/evidence/b013/asset_closure_qa-R011-B013_ASSET_CLOSURE.json,"Five source PDF/R pairs, five localized PDF/producer bindings, component rights, and label-only semantics are explicit."
aa5ca345-6139-5122-bd81-f5dda78a4fab,asset,passed,a766f9cd-f941-5953-b2d9-9d5f0b9a8764,qa/b011-backend-final/exports/evidence/R011-B011_ASSET_CLOSURE.json,"No figure, image, R producer, data file, citation, URL, nested input, or localized standalone asset is introduced; the inline table remains authored text."
ab660420-f2b3-5e93-89bb-08f1a7a53f90,release_package_semantics,passed,8e6d1da0-a848-55df-9721-47e09976cd1f,release/b022/R011-B022-v2026.08.29.1/RELEASE_MANIFEST.json,PACKAGED_VERIFIED publication_performed:false is the immutable pre-publication packager marker; separate public receipts are remote-state authority.
ac69a496-433b-5f35-9f5a-7a8a939038d4,asset,passed,ee3f3811-ec00-546a-886d-2e90a9b33b2d,authority/upstream/openintro-statistics-fee25091fb24e89c36296fd67c48c1fcf7a93b6e/ch_inference_for_props/figures/paydayCC_norm_pvalue/paydayCC_norm_pvalue.pdf,The single numeric-only figure remains byte-identical and its Indonesian alt text is in the accepted chapter source.
aca5fe04-2c62-5bef-a47f-e294479e9b12,visual,passed,3e6a1471-1a27-56b5-9eb7-6ea4178af062,qa/R011-B006_LAYOUT_REPAIR_RECEIPT_V4.json,"One exact layout-only substitution implementing ADV-0079 replays to the full rejected-v3 source snapshot and manifest; exercise text, order, mathematics, numeric data, and assets are unchanged, and v3 was never promoted."
ae387581-0a87-53d0-ac3b-95718f2c5d89,data,passed,67a193b9-bacc-52c3-ba96-17f706246d41,qa/b021-translation/staging/data_hypothesis_testing_359-445.id.audit.json,The complete Section 5.3 data-appendix slice was translated with TeX and numeric invariants preserved.
ae5eaa48-dd0a-5f04-98ba-20f5072e7eec,rights,passed,60a2cb71-2aa1-5917-9379-f7f55474c01a,00_control/COMPONENT_RIGHTS.csv,"Seattle public-domain data, Twemoji graphics, ggimage dependency code, and county_complete data are separately rights-bound."
afcca8dc-25c5-5e79-bdb4-b005a4bca767,language,passed,2d365eff-5868-5c78-9644-daac65a66c8a,qa/b020-reader/R011-B020_PAGEWISE_LANGUAGE_QA.json,All 199 pages passed pagewise residual-English adjudication.
b06d0f8d-9114-535a-aeb9-7ffeeb658948,source,passed,a485ca16-e7af-5fc9-a661-2481b3a87b29,qa/b012-backend-final/exports/evidence/b012/source_qa-R011-B012_SOURCE_QA.json,The isolated B012 source overlay and manifest are exact.
b0e09c28-8d31-5182-9521-bb33404036d4,independent_translation,passed,67a193b9-bacc-52c3-ba96-17f706246d41,qa/b021-translation/R011-B021_INDEPENDENT_TRANSLATION_VERIFICATION.json,"Independent verification passed across all Section 5.3 main chunks, exercises 15-26, public answers 15/17/19/21/23/25, the localized data slice, controlled terminology, and figure alt text."
b1d50118-8373-528d-9c3a-b1d6f54f812c,base_preservation,passed,2ffcfeef-a30d-5f61-943c-e0004b8e792c,backend/exports/manifest.json,Exact deterministic B018 base preservation gate passed.
b2afac8a-002d-5301-b6aa-c72c3fb4a032,build,passed,2d365eff-5868-5c78-9644-daac65a66c8a,scratch/b020-boundary-clean-reader/final/R011-B020_BOUNDARY_CLEAN_BUILD_QA.json,Two independent deterministic PDF replays produced identical 199-page bytes.
b33ba96e-eeff-5db8-9045-d0009d4a86b2,visual,passed,b9823605-b359-533a-9cb9-84628fa32225,qa/b014-backend-final/exports/evidence/b014/visual_qa-R011-B014_VISUAL_QA.json,All 22 required original-detail pages passed primary and independent visual review with zero defects.
b35d956a-1d8a-55a9-a77b-2ac25cefc247,exercise_answer,passed,2d365eff-5868-5c78-9644-daac65a66c8a,qa/b020-translation/R011-B020_INDEPENDENT_TRANSLATION_VERIFICATION.json,"Exercises 7-14, public answers 7/9/11/13, and O001 gaps 8/10/12/14 passed closure checks."
b401e643-55b5-5f04-91d7-33075c76c4d3,language,passed,60a2cb71-2aa1-5917-9379-f7f55474c01a,backend/exports/views/segments_locale.csv,"Sixteen B004R source/target segment pairs cover the review heading, ten exercises, and five public answers."
b42956e6-b56e-5db9-93d7-d98f4e96bb7a,language,passed,ee3f3811-ec00-546a-886d-2e90a9b33b2d,qa/b022-reader/R011-B022_PAGEWISE_LANGUAGE_QA.json,All 230 accepted pages passed pagewise residual-English adjudication.
bd1c76e2-0434-569c-9e09-9d8b68e64396,mathematics,passed,ca0df825-ca52-52be-a3e6-0c3090edaa4c,scratch/b017-candidate/R011-B017_CANDIDATE_QA.json,Exact deterministic B017 mathematics gate passed.
bd407e33-f227-5671-8726-631b38b50c85,layout,passed,ef7f55d2-6426-5c6b-a525-29e747da8d0b,00_control/DECISION_LOG.md#D013; qa/R011-B004_SOURCE_QA.json#post_audit_reflow,"Decision D013 is applied at four bounded reader-flow seams: Section 1.4's exercise header, the transition into the Chapter 1 review, the print-only break before review exercise 1.42, and the review-only end-of-exercise spacing parameter. The localized 2.5 mm review gap preserves readable separation while chapter numbering, headings, exercises, source order, labels, mathematics, answers, margins, text size, and the Chapter 2 boundary remain unchanged."
be0e3b56-3f68-5d76-8ad5-70841e2982f2,math,passed,d7955a56-864b-500a-a33b-7c476b342c7e,qa/b007-assets/B007_ASSET_LOCALIZATION_RECEIPT.json,"Producer changes are bounded to localized presentation plus explicit Avandia N=1000; the promoted outputs passed two deterministic passes and two-renderer QA, with no exact Avandia R replay claimed."
be25d95e-e1e2-5927-b982-f9dc6a35f094,isolation,passed,6c1dd36c-f3f2-5b99-b629-a5100d9fbb85,evidence/b016/tool-generator-generate_backend_b016.py,Exact deterministic B016 isolation gate passed.
c00da1cf-a1e1-5756-90f5-096820b68901,asset_identity,passed,2ffcfeef-a30d-5f61-943c-e0004b8e792c,scratch/b018-candidate/assets/amiIncidencesOver100Days/amiIncidencesOver100Days.pdf,Exact deterministic B018 asset identity gate passed.
c1036443-4925-5253-95f2-834bdd93442e,topology,passed,bac586bc-5065-5e98-a3ae-8376ff0851ac,qa/b015-build/R011-B015_SOURCE_QA.json,"Hierarchy, labels, references, exercises and answer topology passed."
c1609669-4433-57ad-b9ef-bb5dbbddd6c7,rights,passed,6c1dd36c-f3f2-5b99-b629-a5100d9fbb85,evidence/b016/ready-asset_rights_closure-R011-B016_ASSET_RIGHTS_CLOSURE.json,Exact deterministic B016 rights gate passed.
c162887e-e8a3-58cc-acb6-01428d35dfc8,language,passed,9cf167d5-4320-5a32-b56f-605c6e7ff489,backend/exports/locales/id-ID/localizations.jsonl,"Sixteen R011-B002 source-bound target slices cover the complete Data basics section, all ten exercises, and all five public answers with exact spans and protected-token deltas."
c1cd154a-8aeb-5f25-b90c-629db18a26c6,visual,passed,b9823605-b359-533a-9cb9-84628fa32225,qa/R011-B007_VISUAL_AUDIT.json,Every receipt-bound full-resolution page passed operator review with P0-P3 all zero.
c22c926c-8f24-50a7-8c7a-f70ee49c44c2,admission,deferred,b9823605-b359-533a-9cb9-84628fa32225,qa/b010-backend-final/exports/evidence/R011-B010_CANDIDATE_READER.pdf,"The complete backend is isolated; guarded admission, canonical promotion, publication, Git, and upstream contact are separate transactions."
c2bf9b13-0589-5a75-a760-48f349c22e6b,replay,passed,92815efc-346e-54a2-b6a5-b448656dafe4,scratch/b023-boundary-clean-reader/final/R011-B023_BOUNDARY_CLEAN_BUILD_QA.json,Reader build and backend serialization are deterministic and hash-bound.
c3a184ed-9d2e-5de9-bf38-24a17d51e858,topology,passed,b9823605-b359-533a-9cb9-84628fa32225,qa/b014-backend-final/exports/evidence/b014/R011-B014_BACKEND_INPUT_REQUIREMENTS_AND_INDEPENDENT_AUDIT.json,"All entity classes, ten schema-bound views, stable locale-neutral identities, and translation-state mappings are emitted; stale arithmetic is superseded by generated semantic counts."
c7fe1816-c2ba-5acf-b733-3a4de112d693,visual,failed,60a2cb71-2aa1-5917-9379-f7f55474c01a,R011-B004R v2 build/visual diagnostic; rejected candidate was not admitted,"The first complete B004R v2 build split exercise 1.44 across pages, leaving only its three short question parts on a severely underfilled page before the forced Chapter 2 opener."
c84cd5b8-16f4-51c9-b0f4-f9f20aea7946,topology,passed,ef7f55d2-6426-5c6b-a525-29e747da8d0b,backend/exports/views/exercises_answers.csv,"R011-B004 represents exercises 1.29-1.34 in source order, exactly three odd public appendix solutions, and three distinct O001 gaps for the even exercises without public upstream answers."
c899e9f8-71ab-5738-a2dd-2bdd388f27c9,math,passed,a766f9cd-f941-5953-b2d9-9d5f0b9a8764,qa/b011-backend-final/exports/evidence/R011-B011_FINAL_TRANSLATION_QA.json,"All 24 localizations preserve the normalized formula, label, reference, environment, and structural token skeleton."
c918d562-5e29-5d87-851e-22bec290ec97,build,passed,b9823605-b359-533a-9cb9-84628fa32225,qa/b013-backend-final/exports/evidence/b013/build_receipt-CANDIDATE_BUILD_QA_B013.json,Two independent B013 PDF replays are byte-identical and bind the 427-page reader.
c9fc676f-0bc3-5ce1-bbd7-e6fad38c387a,visual,passed,193a93a2-5f42-56b5-a579-7a4c8b028e6d,qa/b010-backend-final/exports/evidence/R011-B010_MANUAL_VISUAL_REVIEW.json,All eight source/id-ID figure pairs pass the terminal manual visual review.
cab516fb-ac5a-5f3b-bccf-11cfe4f5cae3,visual,passed,2ffcfeef-a30d-5f61-943c-e0004b8e792c,scratch/b018-build-candidate/R011-B018_VISUAL_QA.json,Exact deterministic B018 visual gate passed.
cb0c6e18-3d2a-506b-8c9a-d3aad4f37098,build,blocked,193a93a2-5f42-56b5-a579-7a4c8b028e6d,qa/b010-backend-final/exports/evidence/R011-B010_ASSET_QA_RECEIPT.json,Rscript/openintro is unavailable; localized R producers are statically checked and exact deterministic PDF derivations remain separately verified.
cb7e5232-c7e5-5224-a3af-091a58ac6a19,accessibility,partial,69766a93-7e18-5e0a-881f-cd49aaf7e84d,qa/R011-B004R_BUILD_QA.json#links_and_structure; output/pdf/statistika-berbasis-data-batas-R011-B004R.pdf,"Catalog language is id-ID, but the 423-page boundary reader is untagged and has no StructTreeRoot; a final accessible reader remains required for the complete corpus."
cbe65a2c-a200-5a7d-85ca-f6384dc5fa95,topology,passed,b9823605-b359-533a-9cb9-84628fa32225,qa/b011-backend-final/exports/evidence/R011-B011_SOURCE_QA.json,"All 14 required entity classes, ten deterministic exchange views, and the lossless translation-state mapping are emitted and checked."
cda43aba-0dd8-54cc-8497-fd34aca3b14e,build,failed,1a4c76f8-d2b3-57b7-bd10-ac9d94980614,R011-B004R build diagnostic; rejected candidate was not retained,The initial pypdf-cloned localized Seattle PDF was rejected after MiKTeX pdfTeX terminated with Windows status 0xC0000005 and MuPDF reported structural errors.
ce037dce-d928-5237-b438-807c1bddb7ab,visual,passed,342c2dd5-2a34-56c0-85f8-448c2df61ee0,qa/b006-assets/ASSET_VALIDATION_RECEIPT_R011-B006.json,"All 13 localized figures and 13 exact English witnesses pass two deterministic replays, vector/numeric invariance, and complete Poppler/MuPDF same-renderer visual inspection."
cea572c1-1d51-59d3-81cb-7759480ef024,rights,passed,eb0b6215-9a9b-5442-bb51-73500dfd2277,00_control/COMPONENT_RIGHTS.csv,"Repository expression, separately governed OpenIntro package inputs, factual data, attribution, change notice, and non-endorsement boundaries are attached at component level."
cf81e8e4-4690-58dc-9cab-10a5e1161ffd,structural_main_b,passed,ee3f3811-ec00-546a-886d-2e90a9b33b2d,qa/b022-translation/staging/ch_inference_for_props_206-324.id.audit.json,"Main lines 206-324 preserve protected TeX, labels, references, numbers, mathematics, and localized alt text."
d12ac269-c680-5f05-b65a-888bfe622430,structural,passed,2d365eff-5868-5c78-9644-daac65a66c8a,qa/b020-translation/staging/R011-B020_911-1235_AUDIT.json,"Main lines 911-1235 preserve TeX topology, labels, references, numbers, and mathematics."
d19a4986-3037-56ad-9664-17d9aa0fec7d,rights,passed,4855a03b-af6e-56cc-ad3b-7d0f5e26745e,qa/b008-backend/exports/evidence/R011-B008_COMPONENT_RIGHTS.json,CC BY-SA 3.0 derivative rights and factual-data limitations are explicitly separated.
d24040d5-b080-57e8-abaa-ac5a9857ef43,language,passed,4d7e1beb-821d-5a81-b350-46eb6bf05f55,qa/b009-backend-final/evidence/R011_B009_TERMINOLOGY_EVIDENCE_RECEIPT.json,The bounded Indonesian field-usage audit is bound; B009 terms remain explicitly candidate-pending-global-propagation.
d2adcdec-2706-5ae3-a46a-95b875d7af8d,source,passed,b9823605-b359-533a-9cb9-84628fa32225,backend/exports/evidence/target_file_manifest.tsv,"Frozen R011-B002 derivative tree contains 1,151 files totaling 40,115,637 bytes; canonical target manifest SHA-256 is 52049fc27fe741e7a40a310e4693b1098f1ae411b8ccd7182eed076b69b05465; source QA reported no structural errors."
d324fcc8-b369-59f7-9576-862f2fd027a1,accessibility,partial,ebacdbc3-a620-5e9c-b720-04b08f2be6b2,output/pdf/statistika-berbasis-data-batas-R011-B002.pdf,"Catalog language is id-ID, but the 424-page PDF is untagged and has no StructTreeRoot; this remains an explicit additive-accessibility limitation."
d4110bea-bf41-5f8c-994b-f6221a3137f1,admission,passed,b9823605-b359-533a-9cb9-84628fa32225,qa/b011-backend-final/exports/evidence/R011-B010_BOUNDARY_RECEIPT.json,"The B011 backend remains isolated; no live backend, canonical source, output, Git, publication, credential, or upstream state is mutated."
d5713668-0093-5b74-b9ba-69f4b314e870,asset,passed,a485ca16-e7af-5fc9-a661-2481b3a87b29,qa/b012-backend-final/exports/evidence/b012/asset_closure_qa-R011-B012_ASSET_CLOSURE.json,"Four source PDF/R pairs, two localized PDF/R pairs, accessibility descriptions, and code/data dependencies are explicit."
d6631a51-9bb9-51ef-a91d-9bae92ce44be,isolation,passed,ca0df825-ca52-52be-a3e6-0c3090edaa4c,scripts/generate_backend_b017.py,Exact deterministic B017 isolation gate passed.
d859a766-94b1-55fe-82e6-a6ea05b5ed98,interoperability,passed,92815efc-346e-54a2-b6a5-b448656dafe4,scratch/b023-boundary-clean-reader/R011-B023_BOUNDARY_CLEAN_SOURCE_MANIFEST.tsv,Stable section/segment/term/exercise/answer/gap/asset/code/correction/QA/artifact records and deterministic exchange views are emitted.
d9fcc5f5-b78a-59fa-882b-1495d1144975,build,passed,ee3f3811-ec00-546a-886d-2e90a9b33b2d,scratch/b022-boundary-clean-reader/final/R011-B022_BOUNDARY_CLEAN_BUILD_QA.json,Two independent deterministic PDF replays produced identical 230-page v3 bytes.
da5b3cc7-3fec-56db-a982-a97a91729aee,build,passed,b9823605-b359-533a-9cb9-84628fa32225,qa/b010-backend-final/exports/evidence/R011-B010_CANDIDATE_BUILD_QA.json,The exact 426-page PDF is byte-identical across final passes and remains unpromoted.
da75e694-e7ff-5d14-bc07-211905f8e25d,exercise_answer,passed,67a193b9-bacc-52c3-ba96-17f706246d41,qa/b021-translation/staging/R011-B021_EXERCISES_ANSWERS_TRANSLATION_AUDIT.json,"Exercises 15-26, public answers 15/17/19/21/23/25, and O001 gaps 16/18/20/22/24/26 passed closure checks."
daa71cce-2f62-53c0-bf6d-83cf3958b5ce,visual,passed,8474c291-c36a-52a5-ae26-1144edbc5a5d,qa/b008-backend-final-v3/exports/evidence/R011-B008_VISUAL_AUDIT_V3.json,"The independent root audit records PASS, zero findings at every severity, and exact PDF/build/visual identities."
dacd9ea0-46ec-5305-9579-ee548c41f50e,artifact,passed,69766a93-7e18-5e0a-881f-cd49aaf7e84d,qa/R011-B004R_BUILD_QA.json#links_and_structure; output/pdf/statistika-berbasis-data-batas-R011-B004R.pdf; qa/b004r-build/final-v5/main-final.txt,"The hash-bound PDF declares /Lang id-ID and contains 3,404 named destinations, 2,475 internal GoTo links, 284 URI links, zero missing link targets, zero other actions, no encryption, attachments, forms, or JavaScript, and the expected localized title, author, subject, and keyword metadata."
db02406f-4d52-57dc-9b37-4ed51ee67ce9,reader_text,passed,92815efc-346e-54a2-b6a5-b448656dafe4,scratch/b023-boundary-clean-reader/final/main-final.txt,The exact extracted reader text is bound for pagewise residual-language adjudication.
db28b780-2239-515c-98d3-fdf7eb88049e,structural,passed,d6bc141e-6711-5056-8884-ed04d528fe5f,qa/b019-translation/staging/R011-B019_PREFIX_AUDIT.json,Chapter 5 introduction and Section 5.1 source/target topology passed.
dd1eb125-480c-5526-a5bd-2905f1e8b834,visual,passed,4d7e1beb-821d-5a81-b350-46eb6bf05f55,qa/b009-backend-final/evidence/R011-B009_FIGURE_VISUAL_QA.json,Main figure and swing-voter visual receipts pass with geometry/label checks and visible credit requirements.
de19968b-56d9-5706-b4c3-61bc393a3b86,chart_localization,passed,92815efc-346e-54a2-b6a5-b448656dafe4,qa/b023-translation/staging/assets/bladesTwoSampleHTPValueQC.id.pdf,"The English chart label is absent, '(nilai nol)' is selectable, and numeric geometry is retained."
de2bb675-55db-58f7-b8bb-28504ee241e6,source,passed,193a93a2-5f42-56b5-a579-7a4c8b028e6d,qa/b010-backend-final/exports/evidence/R011-B010_FINAL_TRANSLATION_QA.json,"Nine source-backed grammar, reference, identifier, accessibility, and provenance deltas are explicit and non-silent."
dff56021-daa9-5b64-8075-c40205abda05,build,passed,7725da2f-883b-5b2b-b29d-d0df00db8e02,qa/R011-B005_BUILD_QA.json; qa/b005-build/final-v9/main.log; output/pdf/statistika-berbasis-data-batas-R011-B005.pdf; qa/b005-render/final-v9/FINAL_MANIFEST.tsv; qa/b005-render/final-v9/VISUAL_AUDIT.json,"Final passes 3 and 4 are byte-identical, the 424-page PDF was promoted and read back, and all 26 candidate pages pass full-resolution visual inspection with P1/P2/P3 all zero."
e05a71c6-205d-5804-abc0-e1e86bcbe86b,visual,passed,74bfd09d-836d-5867-b318-7a9d6452ccd1,qa/b018-reader-correction/R011-B018_VISUAL_QA.json,All 176 rendered learner-reader pages were inspected with zero visual defects.
e1e0b821-8f43-55e0-8a18-bea5f5719798,visual,passed,3c7b35cb-6d4d-593f-83fb-823f691fe6c9,qa/b004-render/final-v5/FINAL_MANIFEST.tsv; qa/b004-render/final-v5/CONTACT_FRONT.png; qa/b004-render/final-v5/CONTACT_BODY.png; qa/b004-render/final-v5/CONTACT_ANSWERS.png,"Nineteen verified page renders totaling 6,819,500 bytes cover pages 1-8, 33-40, and 385-387. Contact-sheet inspection found P1/P2/P3=0/0/0: no severe underfill, clipping, overlap, broken glyph, or margin defect; exercise 1.44(c) completes on page 39 and the Chapter 2 opener begins on page 40. Section 1.4, exercises 1.29-1.34, and public answers 1.29/1.31/1.33 are Indonesian; review exercises 1.35-1.44 and Chapter 2 are intentionally outside R011-B004."
e1e93f6c-0947-52d6-b5f0-2af5d5213706,accessibility,passed,b9823605-b359-533a-9cb9-84628fa32225,qa/R011-B007_BUILD_QA.json,"The terminal PDF has /Lang id-ID, exact extracted text, a closed page count, and zero missing link targets."
e549bea3-caca-50a8-a596-f69a000a9df3,visual,passed,a8a23f45-0dff-5b16-9969-c4824145de1e,qa/b003-render/final-v3/FINAL_MANIFEST.tsv,"Twenty-seven rendered page witnesses totaling 7,876,164 image bytes cover front matter, pages 21-35 around the complete B003 reader boundary and B004 transition on page 33, and pages 385-388 around the public-answer boundary on page 387; visual inspection found no clipping, overlap, or blank page."
e58890c4-1627-5399-b51e-97abedbc4756,translation,passed,bac586bc-5065-5e98-a3ae-8376ff0851ac,qa/b015-translation/R011-B015_TRANSLATION_QA.json,Complete natural id-ID translation and coverage passed.
e5c78497-9426-5d6a-a2ee-2815617f093f,visual,passed,6c1dd36c-f3f2-5b99-b629-a5100d9fbb85,evidence/b016/terminal-visual_qa-R011-B016_VISUAL_QA.json,Exact deterministic B016 visual gate passed.
e5f0b2d7-da54-5da7-bd5c-050df3ce84d5,rights,passed,2d365eff-5868-5c78-9644-daac65a66c8a,qa/b020-source/R011-B020_BOUNDARY_BLUEPRINT.json,CC BY-SA text/figure expression and separately governed GPL-3 OpenIntro package/COL/run10 closure passed.
e5f12ab9-b0fd-5279-99c7-af2ea9d49a2a,build,passed,92815efc-346e-54a2-b6a5-b448656dafe4,scratch/b023-boundary-clean-reader/final/R011-B023_BOUNDARY_CLEAN_BUILD_QA.json,Two independent deterministic PDF/text replays produced identical 241-page bytes.
e8457e92-a84a-5014-ac19-aa54a35ea619,visual,passed,b9823605-b359-533a-9cb9-84628fa32225,qa/b013-backend-final/exports/evidence/b013/visual_qa-R011-B013_VISUAL_QA.json,Terminal boundary visual QA reports zero remaining defects.
e977bf89-720c-5123-b3b2-38a3f3cc98ea,topology,passed,b9823605-b359-533a-9cb9-84628fa32225,qa/b011-backend-final/exports/evidence/R011-B010_BASE_BACKEND_MANIFEST.json,"All 3,583 admitted B010 typed records are copied byte-exact by stable identity."
e9c64725-c123-50df-bd5b-b5222c9b4dd4,structural_front,passed,ee3f3811-ec00-546a-886d-2e90a9b33b2d,qa/b022-translation/staging/ch_inference_for_props_1-28.id.audit.json,Chapter 6 front matter preserves protected TeX topology and source order.
ea01536d-3f81-507a-8532-2fb4c8d1511e,replay,passed,2d365eff-5868-5c78-9644-daac65a66c8a,scratch/b020-boundary-clean-reader/final/R011-B020_BOUNDARY_CLEAN_BUILD_QA.json,Reader build and backend serialization are deterministic and hash-bound.
eaee200f-7811-5e6d-830f-8f107c8cb157,provenance,passed,92815efc-346e-54a2-b6a5-b448656dafe4,qa/b023-translation/R011-B023_TERMINOLOGY_QA.json,"Exact model provenance retained: OpenAI Codex gpt-5.6-sol, Ultra"
ec3aedd5-0817-5fe7-bb62-02710ffd1529,source,passed,b9823605-b359-533a-9cb9-84628fa32225,qa/R011-B002_SOURCE_QA.json; qa/R011-B002_TARGET_MANIFEST.tsv,"Schema v0.3.0 source QA passed with zero errors and zero English residue across the B002 chapter, exercises, and public-answer slices; all twelve localized figure/producer rows and five authorized layout deltas are enumerated."
eca2ec19-cf20-5187-9c7b-e11f0b500447,source,passed,4855a03b-af6e-56cc-ad3b-7d0f5e26745e,qa/b008-backend/exports/evidence/R011-B008_APPLICATION_RECEIPT.json,The exact 18-operation source/asset transaction was applied with reversible preimages and exact postimage readback.
ef21dc62-bec3-5220-a937-4eca15cc0141,language,passed,d7955a56-864b-500a-a33b-7c476b342c7e,qa/terminology/R011_TERMINOLOGY_FIELD_USAGE_QA.json,"TERM-0142..0160, admitted randomization reuse, TERM-0088 supersession, and both index source/display aliases are explicit; title phrase case study is not misclassified as a controlled mathematical term."
f0a84fab-d592-57f8-b861-5a14e186bdbc,language,passed,a485ca16-e7af-5fc9-a661-2481b3a87b29,qa/b012-backend-final/exports/evidence/b012/final_translation_qa-R011-B012_FINAL_TRANSLATION_QA.json,"Complete Section 3.4, eight worked examples, nine guided exercises and answers, EoCE 29--36, and public odd answers are terminally bound."
f0f77c0b-1fe9-5523-ac9e-06dd10ba9c92,base_preservation,passed,ca0df825-ca52-52be-a3e6-0c3090edaa4c,backend/exports/manifest.json,Exact deterministic B017 base preservation gate passed.
f102b350-d779-554e-aa38-8981734dff88,visual,passed,ca0df825-ca52-52be-a3e6-0c3090edaa4c,scratch/b017-build-candidate/R011-B017_VISUAL_QA.json,Exact deterministic B017 visual gate passed.
f111bfb3-efd4-58a9-bc4b-fac3b396754e,rights,passed,4d7e1beb-821d-5a81-b350-46eb6bf05f55,qa/b009-backend-final/evidence/R011-B009_ASSET_RIGHTS_MANIFEST.tsv,"CC BY-SA, GPL-3 dependency, factual-data limitations, CC BY 2.0 photo, and O001 rights are separated."
f19565ec-db58-5d8e-be0a-a5fb04cb5c40,independent_translation,passed,2d365eff-5868-5c78-9644-daac65a66c8a,qa/b020-translation/R011-B020_INDEPENDENT_TRANSLATION_VERIFICATION.json,"Independent line-by-line structural, semantic, mathematical, and natural-language verification passed for all 823 target lines."
f1b4d81f-3ee3-544b-ad59-a90cf3eabf41,publication_route,passed_no_mutation,ffb34792-1a2d-57f1-a00b-5aeae4f32e72,release/b020/R011-B020-v2026.08.28.1/FIGSHARE_ROUTE_STATUS.json,"Fixed Figshare article 33314727 returned authenticated 403 InactiveAccount and public 404; no mutation or duplicate occurred, and the exact Zenodo fallback remains anonymously verified."
f26647e2-405c-5ac5-9a97-6dfe0a81a326,reader_text,passed,ee3f3811-ec00-546a-886d-2e90a9b33b2d,scratch/b022-boundary-clean-reader/final/main-final.txt,The exact extracted reader text is bound for residual-language adjudication.
f2fd5cb7-315d-5984-aaf8-53baae4230a9,publication,passed,43e2340c-aac2-52ab-a542-4996330b5a67,release/b021/R011-B021-v2026.08.28.1/GITHUB_PUBLICATION_RECEIPT.json,GitHub tag r011-b021-2026.08.28.1 is public; its exact tree and all nine release assets passed anonymous readback.
f3aff3d7-dc87-5f6d-857e-bb1031daa69b,interoperability,passed,d6bc141e-6711-5056-8884-ed04d528fe5f,scratch/b019-boundary-clean-reader/R011-B019_BOUNDARY_CLEAN_SOURCE_MANIFEST.tsv,"Stable IDs, hierarchy, segments, terms, exercises/answers/gaps, assets/code/data, rights, QA, and artifacts emitted."
f492fbee-7b0e-59fc-9884-1282a3fd1301,correction,passed,a485ca16-e7af-5fc9-a661-2481b3a87b29,qa/b012-backend-final/exports/evidence/b012/final_translation_qa-R011-B012_FINAL_TRANSLATION_QA.json,Three high-confidence source accessibility/grammar corrections are typed and derivative-scoped.
f4b75609-7667-5ac1-842b-51b3c6de8b81,rights,passed,3a67e1e4-7d18-5753-bbc0-ac47d9ac4fb2,repo/extraTeX/preamble/title_derivative.tex; repo/extraTeX/preamble/copyright_derivative.tex,"Novel title 'Statistika Berbasis Data', derivative attribution, exact CC BY-SA 3.0 notice, changes, and OpenIntro non-endorsement are present."
f4feda9d-87ab-5c4b-8bbb-be1828e577f0,visual,passed,bac586bc-5065-5e98-a3ae-8376ff0851ac,qa/b015-visual/R011-B015_VISUAL_QA.json,Bounded original-detail visual QA passed with zero defects.
f64cd4ab-2b34-52e5-8aa5-26d1884465ff,admission,passed,b9823605-b359-533a-9cb9-84628fa32225,qa/b012-backend-final/exports/evidence/b012/R011-B012_TERMINAL_INPUTS.json,"No live backend, canonical source, release, Git, publication, credential, or upstream state is mutated."
f6e8c921-e4e3-5347-86a1-973ab1565854,build,passed,8474c291-c36a-52a5-ae26-1144edbc5a5d,qa/b008-backend-final-v3/exports/evidence/R011-B008_CANDIDATE_BUILD_QA_V3.json,"Passes 3 and 4 are byte-identical at the exact 22,017,328-byte V3 PDF identity; its historical pending visual item is closed by the root audit."
f7566307-ad71-5563-be41-22a3f7fdfc16,visual_receipt_producer,passed,67a193b9-bacc-52c3-ba96-17f706246d41,scripts/finalize_b021_visual_qa.py,The exact deterministic implementation that finalized the whole-reader visual receipt is retained as a typed QA witness.
f7d64d98-e196-5470-b30c-cc946a72464a,build,passed,bac586bc-5065-5e98-a3ae-8376ff0851ac,qa/b015-build/final/CANDIDATE_BUILD_QA_B015.json,Two deterministic reader replays passed.
f9415d40-1982-5463-8955-13dd287526b4,source,passed,d7955a56-864b-500a-a33b-7c476b342c7e,scratch/R011-B007-candidate/SOURCE_CORRECTIONS.tsv,Eight high-confidence source findings are typed and held for one deduplicated end-of-corpus report; no upstream contact occurred.
f99abb88-1b43-5828-a80c-7ad895038ae1,translation,passed,2ffcfeef-a30d-5f61-943c-e0004b8e792c,scratch/b018-candidate/R011-B018_CANDIDATE_QA.json,Exact deterministic B018 translation gate passed.
f9cac01a-566a-5be4-8fd9-814db942763e,visual,passed,92815efc-346e-54a2-b6a5-b448656dafe4,qa/b023-reader/R011-B023_ROOT_VISUAL_INSPECTION_QA.json,All 241 accepted pages passed the confirmed whole-reader root visual-inspection gate with zero defects.
fb51a899-4c56-5f9a-be08-ff274c70a474,asset,passed,06b28e64-c231-50b0-b1f6-648ba4ba5102,qa/b014-backend-final/exports/evidence/b014/asset_closure_qa-R011-B014_ASSET_CLOSURE.json,"Twenty-one byte-identical source PDFs, sixteen adjacent R producers, the virtual openintro COL dependency, and component rights are explicit."
fbfe6ad1-0b85-559f-81d0-d60d566d44fa,topology,passed,d7955a56-864b-500a-a33b-7c476b342c7e,scratch/R011-B007-candidate/O001_MASTERY_GAPS.tsv,"Three guided feedback items, exercises 2.25-2.26, public answer 2.25, and the explicit no-public-answer O001 gap for 2.26 are modeled without invention."
fca26433-b7ba-5767-b31b-3cd63f407c6b,topology,passed,4a0f5bef-95db-5c6c-ae94-097778cff15d,backend/exports/views/unit_hierarchy.csv; backend/exports/views/segments_locale.csv,"One section, six subsections, four guided exercises, four end-of-section exercises, two public odd answers, two O001 even gaps, and 21 non-overlapping translation segments are modeled."
fcbd4045-4c0d-54ad-b50d-44ad03658740,language,passed,4c8457ff-0769-59f0-9a0d-040a50fb107c,qa/b013-backend-final/exports/evidence/b013/final_translation_qa-R011-B013_FINAL_TRANSLATION_QA.json,"Complete Section 3.5, three worked examples, two guided exercises and inline answers, EoCE 37--38, public answer 37, and O001 gap 38 are terminally bound."
fd3b9a2e-56fc-5890-8ec7-656dc155ee55,language,passed,d7955a56-864b-500a-a33b-7c476b342c7e,qa/terminology/R011_TERMINOLOGY_FIELD_USAGE_QA.json,"The exact one-time field-usage QA finalizes interval kelas (bin), statistika inferensial, and scoped peluang (probabilitas); active term/localization overlays bind propagated canonical spans while prior B005/B006 evidence payloads remain immutable."
fd4811f9-5640-5da6-a361-024189e9ba72,topology,passed,a766f9cd-f941-5953-b2d9-9d5f0b9a8764,qa/b011-backend-final/exports/evidence/R011-B011_FINAL_TRANSLATION_QA.json,"One section, three worked examples, four guided exercises with four inline public answers, EoCE 23--28, three public appendix answers, and three O001 gaps are ordered and linked."
fe6be028-af1a-56fe-b6d7-1c1ae5fb9398,source,passed,4d7e1beb-821d-5a81-b350-46eb6bf05f55,qa/b009-backend-final/evidence/R011-B009_SOURCE_QA.json,"Pinned authority, source plan, candidate overlays, and 1,206-file isolated build closure bind exactly."
ff4cdc5a-db07-5912-8865-d2a223e4f9ee,accessibility,partial,3c7b35cb-6d4d-593f-83fb-823f691fe6c9,output/pdf/statistika-berbasis-data-batas-R011-B004.pdf,"Catalog language is id-ID, but the 423-page interim PDF is untagged, Marked=false, and has no StructTreeRoot; a final accessible reader remains required for the complete corpus."
ff8fbe9c-427f-5f50-ac14-5cfaa1cd99df,language,passed,4a0f5bef-95db-5c6c-ae94-097778cff15d,qa/b006-backend/exports/evidence/R011-B006_TERMINOLOGY.csv,"All 20 B006 controlled terms R011-TERM-0122..0141 have stable concept and id-ID term identities, introduction relations, and prerequisite edges."
ffa05543-d717-567b-9e2a-418c6ab76f52,publication,passed,fea5aa62-f235-569e-9edf-2c0f8550813b,release/b019/R011-B019-v2026.08.28.1/GITHUB_PUBLICATION_RECEIPT.json,GitHub tag r011-b019-2026.08.28.1 is public; its exact tree and all nine release assets passed anonymous readback.
