id,parent_id,order,unit_type,source_local_ids,source_path,line_start,line_end,source_sha256,translation_state,rights_component_ids
008a3bd4-069a-5cc2-bea8-bf1d9a41d834,38d29400-2764-5109-a7fd-d245c7e52b17,27,exercise,"[""sampling_strategies"",""eoce_1_27"",""R011-B003""]",ch_intro_to_data/TeX/sampling_principles_and_strategies.tex,258,267,a8977aa3f9315964551e4574ecf7f4cc30a57730c3494a31b94be8b9351e3cf5,source_frozen,"[""18223f28-a74d-5f9f-a586-6c3ab2bbef1f""]"
0135feda-7bfb-5aa7-b3cb-0ad3ada718b2,b44842e4-51b4-52b7-8653-480ff0007c50,2,exercise,"[""association_plots"",""eoce_2_2"",""R011-B005""]",ch_summarizing_data/TeX/examining_numerical_data.tex,25,38,081e8a69731e0b9fe810067b3c62637f5a60982c5efad0b683fa4b4abf6a018c,source_frozen,"[""18223f28-a74d-5f9f-a586-6c3ab2bbef1f""]"
0191df4f-413d-5623-9944-e2376020b3c5,b44842e4-51b4-52b7-8653-480ff0007c50,18,exercise,"[""midrange"",""eoce_2_18"",""R011-B005""]",ch_summarizing_data/TeX/examining_numerical_data.tex,290,297,b4aeab30cbb2c86906dc64c79f1eb68dcdf06b64d31eb28af09eb4141548337a,source_frozen,"[""18223f28-a74d-5f9f-a586-6c3ab2bbef1f""]"
01ab1464-7aac-5927-87c5-eb0cf416259a,697eee11-37f2-5f2e-8492-16a070ccd069,7,guided_exercise,"[""R011-B009"",""ch03-sec3.1-07""]",ch_probability/TeX/ch_probability.tex,292,296,d88a1521b65d438ddc40696b00a4fc1b34fa0c890d60964e675527f715fc3faa,language_reviewed,"[""18223f28-a74d-5f9f-a586-6c3ab2bbef1f""]"
02e4f013-6bce-52d8-a54b-02860c939510,697eee11-37f2-5f2e-8492-16a070ccd069,6,guided_exercise,"[""R011-B009"",""ch03-sec3.1-06""]",ch_probability/TeX/ch_probability.tex,262,266,70c6ea09e808fafe749e5b3f27659990e9e9f4475ebee42f4f504e678ad017df,language_reviewed,"[""18223f28-a74d-5f9f-a586-6c3ab2bbef1f""]"
02f6e6bb-cb13-52fa-bcd9-7183093cea93,ac4ef134-e728-567a-9bc4-2a1255aa7b0a,1,solution,"[""% 3"",""eoce_sol_1_3""]",extraTeX/eoceSolutions/eoceSolutions.tex,25,32,2e9647e54554ed4598e1de227ed8cbe069c235e0da10ff0a2aa7fb063b351120,source_frozen,"[""18223f28-a74d-5f9f-a586-6c3ab2bbef1f""]"
05ed1aa2-8201-50ff-8cb7-893d51314da9,aa6de920-293e-53d9-bae5-bdb90e35f8f4,7,subsection,"[""transformingDataSubsection"",""R011-B005""]",ch_summarizing_data/TeX/ch_summarizing_data.tex,1095,1206,1653939f7f859a5acc1e75ba9d32d156582df58c7c52330b439927c16d6ea500,source_frozen,"[""18223f28-a74d-5f9f-a586-6c3ab2bbef1f""]"
089a1c0f-be6b-55c7-889c-45c6aa156692,4855a03b-af6e-56cc-ad3b-7d0f5e26745e,28,exercise,"[""infant_mortality"",""eoce_2_28"",""R011-B008""]",ch_summarizing_data/TeX/review_exercises.tex,18,39,6198aee28ea606c24162244ee3880519de326ab8030d0a6f0805500a9158a2c1,source_frozen,"[""18223f28-a74d-5f9f-a586-6c3ab2bbef1f""]"
08a0e42f-434e-5621-ad7a-49c7c1f63adf,d7955a56-864b-500a-a33b-7c476b342c7e,3,subsection,"[""sec2.3-subsection-3"",""R011-B007""]",ch_summarizing_data/TeX/ch_summarizing_data.tex,2439,2579,df305002d9070a2c71ee17e2748e1f8ed4a396f007878219c27c4f33de114217,source_frozen,"[""18223f28-a74d-5f9f-a586-6c3ab2bbef1f""]"
09615ad9-b250-53c0-9814-d60b7f700fc3,b44842e4-51b4-52b7-8653-480ff0007c50,19,exercise,"[""county_commute_times"",""eoce_2_19"",""R011-B005""]",ch_summarizing_data/TeX/examining_numerical_data.tex,299,314,b844cf9a625468409c303f1740b0c9e1b084b02d771c67585a24a15d68d0aee5,source_frozen,"[""18223f28-a74d-5f9f-a586-6c3ab2bbef1f""]"
0bf0e1db-b742-5f4e-8320-04e356ad9122,d79811d2-246c-52cc-8ca4-361c37772b63,1,companion_gap,"[""O001"",""eoce_1_42"",""R011-B004R""]",,,,,queued,"[""032d41d3-7787-53af-b311-8f14e5631f44""]"
0c15d1e6-cc3a-5b85-9c5e-028f9f39d588,9cf167d5-4320-5a32-b56f-605c6e7ff489,6,exercise,"[""study_components_stealers"",""eoce_1_6""]",ch_intro_to_data/TeX/data_basics.tex,80,99,419c70330a1bee0ad0b816094bac4b23dedbb99b85d8583ce0c0b9a7fec165e9,source_frozen,"[""18223f28-a74d-5f9f-a586-6c3ab2bbef1f""]"
0c5a6a38-7e7c-5ca9-91cb-d65cbe872021,8a23e856-49af-570b-8460-82f99ced2ef0,1,solution,"[""% 11"",""eoce_sol_2_11"",""R011-B005""]",extraTeX/eoceSolutions/eoceSolutions.tex,278,288,40daef3d2ad980400447e3bd6fdb563aa340c29787b9596af27bfeacfcab49f0,source_frozen,"[""18223f28-a74d-5f9f-a586-6c3ab2bbef1f""]"
0d9c327c-fe75-55f7-a4e4-35bec165ffe1,1ccdac4a-c69d-5ebf-8b8d-b67e18622d11,1,solution,"[""R011-B010"",""3.13""]",extraTeX/eoceSolutions/eoceSolutions.tex,482,490,8aed956ef99457b66bfbce7d9507a8cc8a1b592c1a806746b3f01033cbeec992,language_reviewed,"[""18223f28-a74d-5f9f-a586-6c3ab2bbef1f""]"
0ece3572-bc49-5415-892d-29849f3ca09f,c749f377-8b05-530a-9e33-4073fe3f435f,1,solution,"[""% 15"",""eoce_sol_1_15"",""R011-B003""]",extraTeX/eoceSolutions/eoceSolutions.tex,74,82,946b2f4e47b12422136e64fd699eca9c60bfbeb1c2c74bb50e390848c0870759,source_frozen,"[""18223f28-a74d-5f9f-a586-6c3ab2bbef1f""]"
0f31ef05-8651-5e86-9185-b5d10b8fda5d,38d29400-2764-5109-a7fd-d245c7e52b17,14,exercise,"[""scope_cheaters"",""eoce_1_14"",""R011-B003""]",ch_intro_to_data/TeX/sampling_principles_and_strategies.tex,21,39,b13ab622097680e2e24c23195a0bf260f0f0fb6414ddc75e590ffe2b28e45ea1,source_frozen,"[""18223f28-a74d-5f9f-a586-6c3ab2bbef1f""]"
0fe007c9-8e05-5b33-ac63-e0941b0bb9df,60a2cb71-2aa1-5917-9379-f7f55474c01a,39,exercise,"[""flawed_reasoning"",""eoce_1_39"",""R011-B004R""]",ch_intro_to_data/TeX/review_exercises.tex,112,136,4964487ce71c2bdb4a47650a1070afb801183fffe17cd03b2beec2e65db864e4,source_frozen,"[""18223f28-a74d-5f9f-a586-6c3ab2bbef1f""]"
108fb25f-124d-5207-ad62-c21b11efb8fb,697eee11-37f2-5f2e-8492-16a070ccd069,2,exercise,"[""R011-B009"",""roulette_wheel""]",ch_probability/TeX/defining_probability.tex,17,48,81d2a1e381be6263d68155e2437cf899831def9b3d5b03c7e56cb7520ba79201,language_reviewed,"[""18223f28-a74d-5f9f-a586-6c3ab2bbef1f""]"
10af6542-fd2c-526e-9043-03ee39c0bdfe,697eee11-37f2-5f2e-8492-16a070ccd069,14,guided_exercise,"[""R011-B009"",""ch03-sec3.1-14""]",ch_probability/TeX/ch_probability.tex,525,529,0d8d6db36c0397b8016aa241017cb49bb203fb7dfe166d59a2d351b26c937690,language_reviewed,"[""18223f28-a74d-5f9f-a586-6c3ab2bbef1f""]"
1213e7d0-bf9c-5b04-97a8-ad3354bbb8d6,c30ed712-53d9-5d5c-9e77-fc405aee5528,1,companion_gap,"[""O001"",""eoce_2_34"",""R011-B008""]",,,,,queued,"[""032d41d3-7787-53af-b311-8f14e5631f44""]"
1251bfe3-cb6e-57b6-98c3-da735d351a8e,64f44ebe-ba42-5019-b5eb-5340940dc948,1,companion_gap,"[""O001"",""eoce_1_8""]",,,,,queued,"[""032d41d3-7787-53af-b311-8f14e5631f44""]"
129477af-ab5f-54b9-8130-f930b61310ca,0191df4f-413d-5623-9944-e2376020b3c5,1,companion_gap,"[""O001"",""eoce_2_18"",""R011-B005""]",,,,,queued,"[""032d41d3-7787-53af-b311-8f14e5631f44""]"
12e0f174-2d4f-5b85-8270-8cf241d02f42,60a2cb71-2aa1-5917-9379-f7f55474c01a,35,exercise,"[""seattle_pet_names"",""eoce_1_35"",""R011-B004R""]",ch_intro_to_data/TeX/review_exercises.tex,5,45,37ef80fc41aa1fd0ffa8c7430f4f89ccdc165bdc738b482bc6128cdb8ef133de,source_frozen,"[""18223f28-a74d-5f9f-a586-6c3ab2bbef1f"",""bad63bfb-9cf6-5f60-bbe6-9e93ae431ce0"",""67382a1e-7768-5d98-9912-2c3a848ce7a1""]"
13907cdd-4711-558a-a9d8-3ea52d989703,a1826e03-0981-5650-8830-88dc2ad8b719,9,guided_exercise,"[""R011-B010"",""ch03-sec3.2-09""]",ch_probability/TeX/ch_probability.tex,1268,1272,058fcaeaa453c6b4248de6124c0de4f174a8b83fdd706b4f1d082924f707b28e,language_reviewed,"[""18223f28-a74d-5f9f-a586-6c3ab2bbef1f""]"
13d6426f-763c-54c4-97d9-632bb975a7de,,0,book,"[""R011""]",main.tex,1,123,1ed8952651f4b21e7175d82b4c1fda780aee5ec78f88143b97c692477ee2750b,source_frozen,"[""18223f28-a74d-5f9f-a586-6c3ab2bbef1f""]"
148fb9c7-6f08-569a-bcf8-32d935ff1598,9c909fc2-49b5-5c03-a79f-ac7984a56db5,1,solution,"[""R011-B010"",""3.21""]",extraTeX/eoceSolutions/eoceSolutions.tex,518,523,12b52de1895bd76527d0cec348f0b50969e53d99624ab223fed1e60bdfe89082,language_reviewed,"[""18223f28-a74d-5f9f-a586-6c3ab2bbef1f""]"
15e82d16-af8c-5c5f-900d-1e15be6b7e41,cda64c06-7961-5028-afbc-01956ce7d61c,21,exercise,"[""antibiotic_use_children"",""eoce_2_21"",""R011-B006""]",ch_summarizing_data/TeX/considering_categorical_data.tex,5,21,505dd2fe84a2aa5f0b7340b25aab914e115014d15a8ef2da3798033fcaa5386e,source_frozen,"[""18223f28-a74d-5f9f-a586-6c3ab2bbef1f""]"
1663206a-64a7-5af8-91b9-185c65783ff1,9cf167d5-4320-5a32-b56f-605c6e7ff489,9,exercise,"[""fisher_irises"",""eoce_1_9""]",ch_intro_to_data/TeX/data_basics.tex,135,168,9bb9cedb285f0fc9d17c773023a64afa2afba56f0a1ad9505424bf688ebaff47,source_frozen,"[""18223f28-a74d-5f9f-a586-6c3ab2bbef1f""]"
168bbda2-828e-5071-9433-7c4c114136ba,dbda91d1-7c2a-59ea-8049-c1847a4c4218,4,guided_exercise,"[""nexercise-2.1-04"",""R011-B005""]",ch_summarizing_data/TeX/ch_summarizing_data.tex,256,259,0c55a8f7a9820014053429f8a1759ae934aa842685ca1f559e5d8e0189f081b5,source_frozen,"[""18223f28-a74d-5f9f-a586-6c3ab2bbef1f""]"
16deee95-44eb-5875-bb77-c77ae28667ba,697eee11-37f2-5f2e-8492-16a070ccd069,4,guided_exercise,"[""R011-B009"",""ch03-sec3.1-04""]",ch_probability/TeX/ch_probability.tex,241,247,ebeec582b3245d5d97fd2132584e4d0b39ee2b163fe1dfd41457a8dc80e048e3,language_reviewed,"[""18223f28-a74d-5f9f-a586-6c3ab2bbef1f""]"
17acf038-9821-5e3d-9ffa-1526fab12218,aa6de920-293e-53d9-bae5-bdb90e35f8f4,3,subsection,"[""histogramsAndShape"",""R011-B005""]",ch_summarizing_data/TeX/ch_summarizing_data.tex,436,649,930fc26553071a38c0baa534665a27e2bc5cd4ae91a50b6788366c4adfd86eac,source_frozen,"[""18223f28-a74d-5f9f-a586-6c3ab2bbef1f""]"
182f6700-e0da-5bf6-bbf5-310ba0df1d35,f7d2045e-5e64-539c-9a77-881a363a8baf,1,companion_gap,"[""O001"",""eoce_2_14"",""R011-B005""]",,,,,queued,"[""032d41d3-7787-53af-b311-8f14e5631f44""]"
193a93a2-5f42-56b5-a579-7a4c8b028e6d,4d7e1beb-821d-5a81-b350-46eb6bf05f55,2,section,"[""R011-B010"",""conditionalProbabilitySection""]",ch_probability/TeX/ch_probability.tex,691,1608,9ae0b850df610d58e23d7dbf9a4b4b27e5ab800fb22a1ded5238f1cf6720f6fa,language_reviewed,"[""18223f28-a74d-5f9f-a586-6c3ab2bbef1f""]"
1abc8a2f-fff1-5a7e-9e46-948375210665,697eee11-37f2-5f2e-8492-16a070ccd069,3,exercise,"[""R011-B009"",""four_games_one_winner""]",ch_probability/TeX/defining_probability.tex,50,63,977ebe301fed61467d377d4bf62e7418806d58984b7868e6d0d37841b1df8f10,language_reviewed,"[""18223f28-a74d-5f9f-a586-6c3ab2bbef1f""]"
1b67b489-5bfb-5b84-8f44-a692fdc15298,f03bc0fc-6c96-5db2-8d50-46b2ac141f2b,12,guided_exercise,"[""R011-B010"",""ch03-sec3.2-12""]",ch_probability/TeX/ch_probability.tex,1384,1388,6f7fe3fbfa99e4d9aafee5c65c970b922bce81d4983646a3d20cc9a856e7149b,language_reviewed,"[""18223f28-a74d-5f9f-a586-6c3ab2bbef1f""]"
1c22723c-f2d0-5445-bccd-2c220201d232,d7955a56-864b-500a-a33b-7c476b342c7e,25,exercise,"[""randomization_avandia"",""eoce_2_25"",""R011-B007""]",ch_summarizing_data/TeX/case_study_malaria_vaccine.tex,3,52,56c23c4933bd45268dcff09a6463877989daacdd6c32d853c0ed133c4ee71f7b,source_frozen,"[""18223f28-a74d-5f9f-a586-6c3ab2bbef1f""]"
1ccdac4a-c69d-5ebf-8b8d-b67e18622d11,193a93a2-5f42-56b5-a579-7a4c8b028e6d,13,exercise,"[""R011-B010"",""joint_cond""]",ch_probability/TeX/conditional_probability.tex,3,19,9eb4aa1494ed681c9c5e1758b4b538be9fd6b0e86ddd608cc02abb4893410bfb,language_reviewed,"[""18223f28-a74d-5f9f-a586-6c3ab2bbef1f""]"
1d0fdb6f-9e32-56b5-b53d-1d4dcfd6df52,32fa00df-613b-5933-8eda-622980c61eba,1,companion_gap,"[""O001"",""R011-O001-B006-E22"",""eoce_2_22"",""R011-B006""]",,,,,queued,"[""032d41d3-7787-53af-b311-8f14e5631f44""]"
1d288b7a-abb4-52c9-a011-f3226ffd930d,697eee11-37f2-5f2e-8492-16a070ccd069,8,exercise,"[""R011-B009"",""poverty_language""]",ch_probability/TeX/defining_probability.tex,121,143,754a542374919325a39807fd0bb8da29409bf02a7f1adfdd000f92c23db43bf6,language_reviewed,"[""18223f28-a74d-5f9f-a586-6c3ab2bbef1f""]"
1d4258d2-754c-5f2a-b382-28e0c5cf5252,9cf167d5-4320-5a32-b56f-605c6e7ff489,4,exercise,"[""study_components_buteyko"",""eoce_1_4""]",ch_intro_to_data/TeX/data_basics.tex,26,46,6b050e18d174d9bd1354a8069343d6c54b9bca162e906c808573342011628bc6,source_frozen,"[""18223f28-a74d-5f9f-a586-6c3ab2bbef1f""]"
1e6a7873-9995-5e0c-ac60-7ce19d16b804,7fb6fb37-23be-57f3-af92-f7f18dbb1210,31,solution,"[""answer_2_31"",""R011-B008""]",extraTeX/eoceSolutions/eoceSolutions.tex,390,399,a8b688e4b845498528219184f006746f92510153e7917b924a98b0d36fe8aa54,source_frozen,"[""18223f28-a74d-5f9f-a586-6c3ab2bbef1f""]"
1f6d8544-36eb-5bde-8d51-027d2e219020,697eee11-37f2-5f2e-8492-16a070ccd069,9,guided_exercise,"[""R011-B009"",""ch03-sec3.1-09""]",ch_probability/TeX/ch_probability.tex,351,361,e2f4852ae3ce9988826c0940181a70419862d4cd5b00fdd2eb60b54c622c06a7,language_reviewed,"[""18223f28-a74d-5f9f-a586-6c3ab2bbef1f""]"
2074e3bc-e444-5c50-82e0-9cb61eebf94b,38dacc66-f01c-540b-90f2-0877ee9a1271,1,solution,"[""% 23"",""eoce_sol_1_23"",""R011-B003""]",extraTeX/eoceSolutions/eoceSolutions.tex,107,121,13622842c7832124dffd51364332a3a323d5241e1d7e5a64b4a590c150cec4e2,source_frozen,"[""18223f28-a74d-5f9f-a586-6c3ab2bbef1f""]"
20b13ee4-e03c-53fa-ae0f-d8eee0d4f258,98f96526-d335-579f-8990-474cae0b598a,1,solution,"[""% 9"",""eoce_sol_2_9"",""R011-B005""]",extraTeX/eoceSolutions/eoceSolutions.tex,265,276,e23470c1e142d079d22bd20ffb69a7bf777b01a8b667922918f28744459157ff,source_frozen,"[""18223f28-a74d-5f9f-a586-6c3ab2bbef1f""]"
21410d70-b32f-52d9-8f1a-9c5f14f67fb5,c0bd2c0d-1734-5635-9b83-fea31490ec87,1,solution,"[""% 5"",""eoce_sol_2_5"",""R011-B005""]",extraTeX/eoceSolutions/eoceSolutions.tex,255,258,ba7bb788e6eba6652693d2e7f0c3b20ff0a96e0c3d1bbd21ddc15d5f6c18b574,source_frozen,"[""18223f28-a74d-5f9f-a586-6c3ab2bbef1f""]"
2187f81d-e800-543b-af70-139c9763fd9c,ec3b569a-6059-551c-9ddb-937edfb55960,1,companion_gap,"[""O001"",""eoce_1_40"",""R011-B004R""]",,,,,queued,"[""032d41d3-7787-53af-b311-8f14e5631f44""]"
21aa41a3-f252-5c54-b452-fd9202cb75ee,4855a03b-af6e-56cc-ad3b-7d0f5e26745e,1,chapter_intro,"[""R011-B005""]",ch_summarizing_data/TeX/ch_summarizing_data.tex,1,25,dc669514b27a30d35a47472e04862f779327aeee186d63f0b56cd6a7441238ae,source_frozen,"[""18223f28-a74d-5f9f-a586-6c3ab2bbef1f""]"
21fbf5c8-a2e1-5fba-9685-5f0b02eadb01,a5d1f326-634c-5bcf-b4b2-9c9dea130284,1,solution,"[""R011-B009"",""3.11""]",extraTeX/eoceSolutions/eoceSolutions.tex,470,480,c2d4cfaf352248dbcd0df21b38ac1cfb643d219785645724da326a5effa4e178,language_reviewed,"[""18223f28-a74d-5f9f-a586-6c3ab2bbef1f""]"
22ba93e5-b0f2-5807-bb3d-7c9459db5451,993641eb-cf5b-50e6-9840-92d99ada6efe,1,guided_exercise,"[""R011-B010"",""ch03-sec3.2-01""]",ch_probability/TeX/ch_probability.tex,916,923,db19eed99e3531f18938d805ae341472c7aacc249a8d9e7799332d7ecc4b520f,language_reviewed,"[""18223f28-a74d-5f9f-a586-6c3ab2bbef1f""]"
23cf850c-f093-503a-9a95-3d9bcd433b7c,6cdc5305-7872-5fcc-b9b1-267950977dbe,1,companion_gap,"[""O001"",""eoce_1_10""]",,,,,queued,"[""032d41d3-7787-53af-b311-8f14e5631f44""]"
23d3cfd6-9e74-5f22-82d3-3caa9881794d,17acf038-9821-5e3d-9ffa-1526fab12218,6,guided_exercise,"[""nexercise-2.1-06"",""R011-B005""]",ch_summarizing_data/TeX/ch_summarizing_data.tex,543,547,9d67cbd105cf9e7260d1935798f8851e63ec34fe117d6684e2e29376ca7dba0b,source_frozen,"[""18223f28-a74d-5f9f-a586-6c3ab2bbef1f""]"
23f8bf6c-e973-5578-a362-9ff252cd8865,17acf038-9821-5e3d-9ffa-1526fab12218,7,guided_exercise,"[""nexercise-2.1-07"",""R011-B005""]",ch_summarizing_data/TeX/ch_summarizing_data.tex,628,633,012b77052e4484c3f13c99ee704aaae4f2453877c657940cbd2969ba883c63aa,source_frozen,"[""18223f28-a74d-5f9f-a586-6c3ab2bbef1f""]"
2496839a-c5b7-5ea8-9986-c3930571e33c,ca42976d-868b-528b-8451-40e275e0fa37,3,exercise,"[""malaria_vaccine_20_exp_summary_rand_1_diff"",""sec2.3-guided-03"",""R011-B007""]",ch_summarizing_data/TeX/ch_summarizing_data.tex,2422,2436,4b05779394820726d7eda60f506e9b43b220989a2b9978ad5ccc892c5c580bc9,source_frozen,"[""18223f28-a74d-5f9f-a586-6c3ab2bbef1f""]"
25818565-4a7c-5f4a-ba20-4ad1e69ddae5,ca6367c4-15b1-502f-9fa9-3f7229c912ee,1,guided_exercise,"[""nexercise-2.1-01"",""R011-B005""]",ch_summarizing_data/TeX/ch_summarizing_data.tex,140,143,f2be1cc7aaee31fca5ab252df0cd322aa4a56eb012e6678704c9506a8976fe7d,source_frozen,"[""18223f28-a74d-5f9f-a586-6c3ab2bbef1f""]"
289e08ee-d483-592e-83b3-e37e6fb69fe3,8d6c63f9-60c2-562b-84f3-86db59a7d01e,1,companion_gap,"[""O001"",""eoce_2_30"",""R011-B008""]",,,,,queued,"[""032d41d3-7787-53af-b311-8f14e5631f44""]"
2967fbd0-7fb9-5e4c-9c33-436c98c436bd,b44842e4-51b4-52b7-8653-480ff0007c50,13,exercise,"[""hist_vs_box"",""eoce_2_13"",""R011-B005""]",ch_summarizing_data/TeX/examining_numerical_data.tex,190,203,76060f71516ffb7c52848667dc684e304817f420bc1ce53d2b61952104dfc052,source_frozen,"[""18223f28-a74d-5f9f-a586-6c3ab2bbef1f""]"
2b26a40e-e53d-5697-9e81-9dd25b95261f,0fe007c9-8e05-5b33-ac63-e0941b0bb9df,1,solution,"[""% 39"",""eoce_sol_1_39"",""R011-B004R""]",extraTeX/eoceSolutions/eoceSolutions.tex,197,208,147fa0ec81bbe2912ed23f53d65655ac38e430315e10584bc2e2e4f99464e5b5,source_frozen,"[""18223f28-a74d-5f9f-a586-6c3ab2bbef1f""]"
2c310e10-609f-5bf6-ba9f-47d9610d8dff,4c0edf10-83ae-5f81-9b5c-cdd22190cf82,1,companion_gap,"[""R011-B009"",""3.12""]",,,,,queued,"[""032d41d3-7787-53af-b311-8f14e5631f44""]"
2c6d8e91-4e76-57eb-a714-bcac9f61be47,697eee11-37f2-5f2e-8492-16a070ccd069,7,exercise,"[""R011-B009"",""swing_voters""]",ch_probability/TeX/defining_probability.tex,101,119,d6e49fc881db74013f28d948d43036e0ee4226d007bcc0e804c67ce6fc6efba6,language_reviewed,"[""18223f28-a74d-5f9f-a586-6c3ab2bbef1f""]"
2d3cd49b-30ef-561c-9ce2-bcdeff78b4ac,9cf167d5-4320-5a32-b56f-605c6e7ff489,5,exercise,"[""study_components_cheaters"",""eoce_1_5""]",ch_intro_to_data/TeX/data_basics.tex,48,78,7d91d0e7113f8f6b4da73d1984a3c1abbb2ddd3e35b16e6458600946f8a2946b,source_frozen,"[""18223f28-a74d-5f9f-a586-6c3ab2bbef1f""]"
2f3e0850-c668-5666-95ad-bf2792417294,d2fea3ad-d6f6-5a8b-a1b3-42405183e22a,1,companion_gap,"[""O001""]",,,,,queued,"[""032d41d3-7787-53af-b311-8f14e5631f44""]"
3024a3df-ad69-5255-943d-d2911908a101,6a4104b8-6358-5cac-bb8f-44a62a948843,1,solution,"[""% 11"",""eoce_sol_1_11""]",extraTeX/eoceSolutions/eoceSolutions.tex,54,63,482043ebff7ac64fdd2deeb5610f66c5584cea9f1c384a7e8356ed31ff7159c4,source_frozen,"[""18223f28-a74d-5f9f-a586-6c3ab2bbef1f""]"
321ef87e-997f-56ad-9fe1-63b8ba6aa4db,a8c0aef5-98c8-5736-9a1e-e73de2cec4cc,1,companion_gap,"[""R011-B009"",""3.6""]",,,,,queued,"[""032d41d3-7787-53af-b311-8f14e5631f44""]"
32d7de43-664b-5d21-a5bf-693e1695b0b9,c9faaa37-1ac5-54ae-b62f-1556d2b63374,1,table,"[""stentStudyResultsDF""]",ch_intro_to_data/TeX/ch_intro_to_data.tex,63,80,e6d196133a7cfa8df496d56226b1be0975102de7a901113e19c5bcf5c0faf320,source_frozen,"[""18223f28-a74d-5f9f-a586-6c3ab2bbef1f""]"
32fa00df-613b-5933-8eda-622980c61eba,cda64c06-7961-5028-afbc-01956ce7d61c,22,exercise,"[""immigration"",""eoce_2_22"",""R011-B006""]",ch_summarizing_data/TeX/considering_categorical_data.tex,23,59,e877422bb5ce32679cec709d2edc3f8ecc487f00ef0c09ada7c9395c81d70015,source_frozen,"[""18223f28-a74d-5f9f-a586-6c3ab2bbef1f""]"
3317c057-e51f-5e98-a14d-08cb1d5ad72a,193a93a2-5f42-56b5-a579-7a4c8b028e6d,16,exercise,"[""R011-B010"",""health_coverage_rel_freqs""]",ch_probability/TeX/conditional_probability.tex,70,102,d57da6462bba9ea9525ed03b7f9b6fc1ae59b977764d4e41dec82e704dbbc065,language_reviewed,"[""18223f28-a74d-5f9f-a586-6c3ab2bbef1f""]"
33c8cf12-fd1e-5444-89db-76cb0e99e195,3317c057-e51f-5e98-a14d-08cb1d5ad72a,1,companion_gap,"[""R011-B010"",""3.16""]",,,,,queued,"[""032d41d3-7787-53af-b311-8f14e5631f44""]"
34955eb4-a25f-5029-a4de-2749d28473d5,51f8c9e8-d47d-503f-a0db-38a0564b62f2,2,exercise,"[""sec2.3-guided-02"",""R011-B007""]",ch_summarizing_data/TeX/ch_summarizing_data.tex,2253,2266,b3a89e9130211209eeac38685fe72b537baf60651d1ed9a20c8c630c2730fb39,source_frozen,"[""18223f28-a74d-5f9f-a586-6c3ab2bbef1f""]"
38d29400-2764-5109-a7fd-d245c7e52b17,7c6f18a3-f953-577e-a859-eda10519975c,4,section,"[""overviewOfDataCollectionPrinciples"",""section_obs_data_sampling"",""R011-B003""]",ch_intro_to_data/TeX/ch_intro_to_data.tex,799,1250,54c3eecb13e5bfd23889ef26a08d40140fbb3c7241a4b5d510d32f03d78d9263,source_frozen,"[""18223f28-a74d-5f9f-a586-6c3ab2bbef1f"",""0f82ea30-16ac-53ad-afe5-d62667bc819b"",""8f2b2a12-f8f5-5921-b118-caa59aff6bfe"",""904d91ee-a6bb-585a-8e5c-7191cc33c6af""]"
38dacc66-f01c-540b-90f2-0877ee9a1271,38d29400-2764-5109-a7fd-d245c7e52b17,23,exercise,"[""evaluate_sampling_methods"",""eoce_1_23"",""R011-B003""]",ch_intro_to_data/TeX/sampling_principles_and_strategies.tex,186,202,4cbcae0e7ba2a6a918d52864c9f05ac335a78962b9481d47be8cc911cd20b2c8,source_frozen,"[""18223f28-a74d-5f9f-a586-6c3ab2bbef1f""]"
39b0852e-4b0d-551c-b376-6cabf3fbb132,2967fbd0-7fb9-5e4c-9c33-436c98c436bd,1,solution,"[""% 13"",""eoce_sol_2_13"",""R011-B005""]",extraTeX/eoceSolutions/eoceSolutions.tex,290,294,ebdf7ceb9d309124a229ab4b058a286868731eb5c17716f8c65a4b3d4fb0083d,source_frozen,"[""18223f28-a74d-5f9f-a586-6c3ab2bbef1f""]"
39e28dfa-9fb6-5555-bee7-6649c37a02b2,ef7f55d2-6426-5c6b-a525-29e747da8d0b,33,exercise,"[""soda_preference"",""eoce_1_33"",""R011-B004""]",ch_intro_to_data/TeX/experiments.tex,75,80,7198a9425664e74022a5a0c52eeaee6bb11dfbf2ae9f5140266dc3dc463517c8,source_frozen,"[""18223f28-a74d-5f9f-a586-6c3ab2bbef1f"",""e8114816-bd30-582b-9e8b-274b8ae17401""]"
3a63d598-154c-5a5b-86d1-784338c7d4d8,748801d5-dff8-5970-9094-9b6e46cc74b3,14,guided_exercise,"[""R011-B010"",""ch03-sec3.2-14""]",ch_probability/TeX/ch_probability.tex,1581,1585,2fd85071666d5997030c03349daaee18b359ce8884dbb1d0e777346c002e7cb5,language_reviewed,"[""18223f28-a74d-5f9f-a586-6c3ab2bbef1f""]"
3a67e1e4-7d18-5753-bbc0-ac47d9ac4fb2,13d6426f-763c-54c4-97d9-632bb975a7de,1,title_page,[],extraTeX/preamble/title_derivative.tex,1,21,e187e431e2fad382442b631a3ca6b8f74bf783abb9f82ad64502529a071aaf47,source_frozen,"[""18223f28-a74d-5f9f-a586-6c3ab2bbef1f"",""947b6c3b-ce48-5326-b7af-6571830020d4""]"
3b45c972-4f12-577c-b7de-d173ab1640e3,697eee11-37f2-5f2e-8492-16a070ccd069,3,subsection,"[""R011-B009"",""disjoint-or-mutually-exclusive-outcomes""]",ch_probability/TeX/ch_probability.tex,143,275,f7ec682f7b6eab4f010af5cef012ded73c4d5fc9f4d928fdccfb85c9e946dca3,language_reviewed,"[""18223f28-a74d-5f9f-a586-6c3ab2bbef1f""]"
3b51eaaa-1838-524c-a1a8-7d199197a3d9,5d52d2c3-518e-5fb4-9993-fc3cb99829f2,6,guided_exercise,"[""R011-B010"",""ch03-sec3.2-06""]",ch_probability/TeX/ch_probability.tex,1188,1192,1dcf7767e1c67d0f859dd39c498d39c0a9949070c8acc244e2cefe2e54943fce,language_reviewed,"[""18223f28-a74d-5f9f-a586-6c3ab2bbef1f""]"
3b68d9fa-7e93-50a1-81e4-ef957e5fd55e,3f62bfe2-5a2e-5441-86ab-c703b5da5e32,1,companion_gap,"[""O001"",""eoce_2_32"",""R011-B008""]",,,,,queued,"[""032d41d3-7787-53af-b311-8f14e5631f44""]"
3bd4a01b-3e04-5838-9c65-e744700c9e17,697eee11-37f2-5f2e-8492-16a070ccd069,18,guided_exercise,"[""R011-B009"",""ch03-sec3.1-18""]",ch_probability/TeX/ch_probability.tex,654,665,81abf7a337d54e933f7886e4dcf6ec4793369d8cbdea8e63e73f3501694305a9,language_reviewed,"[""18223f28-a74d-5f9f-a586-6c3ab2bbef1f""]"
3d7fc080-b542-5ce0-bc46-480b7738b62b,38d29400-2764-5109-a7fd-d245c7e52b17,20,exercise,"[""housing_proposal_dorms"",""eoce_1_20"",""R011-B003""]",ch_intro_to_data/TeX/sampling_principles_and_strategies.tex,133,145,a791265c5111df914f5e1e34db017265f2812a2de681dd3367416b28bb662d58,source_frozen,"[""18223f28-a74d-5f9f-a586-6c3ab2bbef1f""]"
3f62bfe2-5a2e-5441-86ab-c703b5da5e32,4855a03b-af6e-56cc-ad3b-7d0f5e26745e,32,exercise,"[""dist_shape_exam_scores"",""eoce_2_32"",""R011-B008""]",ch_summarizing_data/TeX/review_exercises.tex,100,107,af875b273324ae74554dc8bbc9787632701be106e91768c906368ca45f85313c,source_frozen,"[""18223f28-a74d-5f9f-a586-6c3ab2bbef1f""]"
40116ec4-9cb8-5f8f-95bb-1f397c042240,697eee11-37f2-5f2e-8492-16a070ccd069,8,guided_exercise,"[""R011-B009"",""ch03-sec3.1-08""]",ch_probability/TeX/ch_probability.tex,342,346,c4bc32c3e8cbee36fdf56089969a23f40d2a22ee69f848c97777453b48412be7,language_reviewed,"[""18223f28-a74d-5f9f-a586-6c3ab2bbef1f""]"
40c6efec-8d75-5c57-a51b-ee316ebc5f0c,697eee11-37f2-5f2e-8492-16a070ccd069,5,exercise,"[""R011-B009"",""coin_flips""]",ch_probability/TeX/defining_probability.tex,77,86,1bd9a14c26b961d6f3bb25761a61763e3c6c44e76a700e139c9dc10e3619dfca,language_reviewed,"[""18223f28-a74d-5f9f-a586-6c3ab2bbef1f""]"
42d71cb2-708a-5c1c-bdc6-5d86d05d2841,e3317173-2b2f-5983-a8d4-d251370857eb,1,solution,"[""% 17"",""eoce_sol_1_17"",""R011-B003""]",extraTeX/eoceSolutions/eoceSolutions.tex,84,89,67c0396a63f33062aa1b64322c65043778fc8a6d18e65acb9b9ecb5e7788f556,source_frozen,"[""18223f28-a74d-5f9f-a586-6c3ab2bbef1f""]"
44b85273-e757-59b5-85c9-11547f246ae1,193a93a2-5f42-56b5-a579-7a4c8b028e6d,19,exercise,"[""R011-B010"",""tree_drawing_box_plots""]",ch_probability/TeX/conditional_probability.tex,177,188,6d46fdbc1b573321045b291ba42442bcc602a1b4adc17a5371d93a84208d0ed8,language_reviewed,"[""18223f28-a74d-5f9f-a586-6c3ab2bbef1f""]"
464d9b37-0ad1-53d0-b540-74effa8239f3,ca6367c4-15b1-502f-9fa9-3f7229c912ee,2,guided_exercise,"[""nexercise-2.1-02"",""R011-B005""]",ch_summarizing_data/TeX/ch_summarizing_data.tex,152,155,8cf5ab9361cefccb36f0c0bf58676a1188f2290a9e2736640ab215eef7349773,source_frozen,"[""18223f28-a74d-5f9f-a586-6c3ab2bbef1f""]"
464e9807-e94f-510e-8157-c2c60c345df9,b44842e4-51b4-52b7-8653-480ff0007c50,12,exercise,"[""estimate_mean_median_simple"",""eoce_2_12"",""R011-B005""]",ch_summarizing_data/TeX/examining_numerical_data.tex,179,188,e2882c3f0bd92f9adf6ffec41fa54250b9948a6850a2fa4693560ffe7666ec65,source_frozen,"[""18223f28-a74d-5f9f-a586-6c3ab2bbef1f""]"
470c3927-0fbc-5034-9d45-fbf0ba065727,193a93a2-5f42-56b5-a579-7a4c8b028e6d,22,exercise,"[""R011-B010"",""tree_exit_poll""]",ch_probability/TeX/conditional_probability.tex,217,228,912d172c83487b159bd7ae71b9fd1a5cad8cd674873e5f01c54e1060cc6413d2,language_reviewed,"[""18223f28-a74d-5f9f-a586-6c3ab2bbef1f""]"
472bec5c-8b39-5aaa-846f-e89ddd224353,b23f3ca2-973a-561f-8d7b-0808ca9315e8,3,guided_exercise,"[""nexercise-2.2-03"",""R011-B006""]",ch_summarizing_data/TeX/ch_summarizing_data.tex,2103,2111,5abc0b0dde38147629961e2f6076c359920ce6a22529edd07aa06755cc6d7a72,source_frozen,"[""18223f28-a74d-5f9f-a586-6c3ab2bbef1f""]"
47687132-fc76-5fdf-b8dd-3eb2def70a0b,b44842e4-51b4-52b7-8653-480ff0007c50,7,exercise,"[""days_off_mining"",""eoce_2_7"",""R011-B005""]",ch_summarizing_data/TeX/examining_numerical_data.tex,85,95,54f8c1786cb634336e889ad60cdfcfacfd55b008ee0759af5f574fb303507c0d,source_frozen,"[""18223f28-a74d-5f9f-a586-6c3ab2bbef1f""]"
47a4fe12-f3c0-587a-b879-47adb3ee9dc9,193a93a2-5f42-56b5-a579-7a4c8b028e6d,6,subsection,"[""R011-B010"",""considering-independence-in-conditional-probability""]",ch_probability/TeX/ch_probability.tex,1278,1316,b336c716f43f14da439bbf374ad573e1b0466b5fe15aca57b8b5a5363867aee3,language_reviewed,"[""18223f28-a74d-5f9f-a586-6c3ab2bbef1f""]"
48408c78-fc77-5a5e-a880-0f7dfcbed0f1,09615ad9-b250-53c0-9814-d60b7f700fc3,1,solution,"[""% 19"",""eoce_sol_2_19"",""R011-B005""]",extraTeX/eoceSolutions/eoceSolutions.tex,312,323,8404ecdd696e8b3b7f8077161d29f84551415fd499ffde0ca61b5c2223d8fa6e,source_frozen,"[""18223f28-a74d-5f9f-a586-6c3ab2bbef1f""]"
4855a03b-af6e-56cc-ad3b-7d0f5e26745e,13d6426f-763c-54c4-97d9-632bb975a7de,5,chapter,"[""summarizingData"",""ch_summarizing_data"",""R011-B005""]",ch_summarizing_data/TeX/ch_summarizing_data.tex,1,1322,f3f1155e2e4f47e503466af0529bfd71815855d2d95179ae4c935dc64de1740f,source_frozen,"[""18223f28-a74d-5f9f-a586-6c3ab2bbef1f""]"
48d76130-cdf3-5c50-aecb-e80b5c96ded3,ef7f55d2-6426-5c6b-a525-29e747da8d0b,29,exercise,"[""light_exam_performance"",""eoce_1_29"",""R011-B004""]",ch_intro_to_data/TeX/experiments.tex,5,17,b345834578c33c0eacde4487984e9b6884691c1c3cdfbd53d8705cea6733da65,source_frozen,"[""18223f28-a74d-5f9f-a586-6c3ab2bbef1f""]"
48df496b-fc5a-582c-9e16-216936988dee,a1826e03-0981-5650-8830-88dc2ad8b719,7,guided_exercise,"[""R011-B010"",""ch03-sec3.2-07""]",ch_probability/TeX/ch_probability.tex,1239,1243,18cf5ea8fa62da2ae0bbd449d880b4ee61f0308d96a0ac9b94a7f2340f5075f6,language_reviewed,"[""18223f28-a74d-5f9f-a586-6c3ab2bbef1f""]"
49928af2-5b48-5390-8a64-218e71c10a1a,58a46bf1-0ddc-500b-908e-b1ca06bb63d2,1,solution,"[""% 13"",""eoce_sol_1_13"",""R011-B003""]",extraTeX/eoceSolutions/eoceSolutions.tex,65,72,23f297121ec0b0836532ba8cc1159223986ef5d4798c204a7136cc061c54176f,source_frozen,"[""18223f28-a74d-5f9f-a586-6c3ab2bbef1f""]"
49ca843c-e79c-5858-96ba-34396dd18ae6,38d29400-2764-5109-a7fd-d245c7e52b17,21,exercise,"[""internet_life_expectancy"",""eoce_1_21"",""R011-B003""]",ch_intro_to_data/TeX/sampling_principles_and_strategies.tex,147,168,46325971374cd8c8fe2220893e8aafea1df9b601fae455993d1679b618399de4,source_frozen,"[""18223f28-a74d-5f9f-a586-6c3ab2bbef1f"",""0f82ea30-16ac-53ad-afe5-d62667bc819b"",""328e0168-0cda-50d4-bfc4-3f3e8d555983""]"
4a0f5bef-95db-5c6c-ae94-097778cff15d,4855a03b-af6e-56cc-ad3b-7d0f5e26745e,3,section,"[""categoricalData"",""R011-B006""]",ch_summarizing_data/TeX/ch_summarizing_data.tex,1323,2165,8090875754f2e3d18f563081b0d12fc3efc6da2bca3bf1db13166b88a1b42767,source_frozen,"[""18223f28-a74d-5f9f-a586-6c3ab2bbef1f""]"
4a3973ff-5ada-5171-b55f-5dd0783c3cde,b23f3ca2-973a-561f-8d7b-0808ca9315e8,4,guided_exercise,"[""nexercise-2.2-04"",""R011-B006""]",ch_summarizing_data/TeX/ch_summarizing_data.tex,2130,2134,87d4080b91211eac7639b2ad2ac01c9136f695eae3fbf7b0d48c7ae75165b2a2,source_frozen,"[""18223f28-a74d-5f9f-a586-6c3ab2bbef1f""]"
4a67928d-9842-5598-8a98-8360b6b3ab69,aa6de920-293e-53d9-bae5-bdb90e35f8f4,8,subsection,"[""mapping-data"",""R011-B005""]",ch_summarizing_data/TeX/ch_summarizing_data.tex,1207,1322,e3bfdbe80c502e01a86dece0bee5a3f194573b221d4e6d140fa7081bb76a1d28,source_frozen,"[""18223f28-a74d-5f9f-a586-6c3ab2bbef1f""]"
4ad79ac2-b6ea-5eb3-86f4-298962d0bb50,dcd87770-5428-5ca2-8375-09e2744b09a7,1,solution,"[""% 23"",""eoce_sol_2_23"",""R011-B006""]",extraTeX/eoceSolutions/eoceSolutions.tex,331,340,58e1494404b049c827c270b475bf9aab180cf8c8763ef89e4da8c9dc2e9d8b07,source_frozen,"[""18223f28-a74d-5f9f-a586-6c3ab2bbef1f""]"
4b6d3a80-1d24-55b9-84dd-6d4068279d00,b44842e4-51b4-52b7-8653-480ff0007c50,10,exercise,"[""mix_and_match"",""eoce_2_10"",""R011-B005""]",ch_summarizing_data/TeX/examining_numerical_data.tex,131,151,88f06c69163d7b1b654ecdacb37ee30ef1dd37953bae9fe08118392a441874c9,source_frozen,"[""18223f28-a74d-5f9f-a586-6c3ab2bbef1f""]"
4c0edf10-83ae-5f81-9b5c-cdd22190cf82,697eee11-37f2-5f2e-8492-16a070ccd069,12,exercise,"[""R011-B009"",""school_absences""]",ch_probability/TeX/defining_probability.tex,210,232,0cdf394ffc658fc6b20e8e94fbec86c8db7785787af4af66c9c94f5a3714d7ee,language_reviewed,"[""18223f28-a74d-5f9f-a586-6c3ab2bbef1f""]"
4cdfa335-3e1e-523b-88f0-48d4d680a618,b1193e47-cb89-5836-85ff-5fa2be7997ce,1,solution,"[""eoce_sol_1_1""]",extraTeX/eoceSolutions/eoceSolutions.tex,18,23,2d742fbda5e3785c4973c51470b4302294c686ad28dbc3067a36a6eb28f8285c,source_frozen,"[""18223f28-a74d-5f9f-a586-6c3ab2bbef1f""]"
4cdfc3db-0562-5833-a04f-2007948b7200,1d288b7a-abb4-52c9-a011-f3226ffd930d,1,companion_gap,"[""R011-B009"",""3.8""]",,,,,queued,"[""032d41d3-7787-53af-b311-8f14e5631f44""]"
4d283c50-161a-5cc0-983b-b7fa7c39ae0f,934f478e-1372-5c73-9c65-90094a7a5d9a,1,solution,"[""R011-B010"",""3.15""]",extraTeX/eoceSolutions/eoceSolutions.tex,492,499,e85de36674f546d13288b3d27c9b7ffca54eee3d71ab8716a22a1e7978d18935,language_reviewed,"[""18223f28-a74d-5f9f-a586-6c3ab2bbef1f""]"
4d7e1beb-821d-5a81-b350-46eb6bf05f55,13d6426f-763c-54c4-97d9-632bb975a7de,6,chapter,"[""R011-B009"",""ch_probability""]",ch_probability/TeX/ch_probability.tex,1,2329,4f07fcf0e71e52bc99657835d5cced47b10ce9fc66b23dce156d400840690361,language_reviewed,"[""18223f28-a74d-5f9f-a586-6c3ab2bbef1f""]"
4e1c6418-f726-5213-b9d2-5a6b60a82c54,c3157d89-9939-5e00-8270-80b6ad9e0f89,1,companion_gap,"[""R011-B010"",""3.14""]",,,,,queued,"[""032d41d3-7787-53af-b311-8f14e5631f44""]"
50c1d32b-6f15-57f9-be96-bdb3a7c1760e,4d7e1beb-821d-5a81-b350-46eb6bf05f55,1,chapter_intro,"[""R011-B009"",""intro""]",ch_probability/TeX/ch_probability.tex,1,37,4f627fac926e0600ef322841e46967a9af9f2331d2434fba218ceb51eca14071,language_reviewed,"[""18223f28-a74d-5f9f-a586-6c3ab2bbef1f""]"
515efb79-a528-5356-a661-9d8e8ce9caad,7ede0e9f-047f-5ea5-acdf-149e26f70e15,1,companion_gap,"[""R011-B009"",""3.10""]",,,,,queued,"[""032d41d3-7787-53af-b311-8f14e5631f44""]"
5172495b-cd2b-5f34-b695-29ce4bc07662,60a2cb71-2aa1-5917-9379-f7f55474c01a,44,exercise,"[""space_launches"",""eoce_1_44"",""R011-B004R""]",ch_intro_to_data/TeX/review_exercises.tex,276,308,d82364aae9187e94b2c78f68c6cea054a0471c92eb7a410741db441437315deb,source_frozen,"[""18223f28-a74d-5f9f-a586-6c3ab2bbef1f""]"
51f8c9e8-d47d-503f-a0db-38a0564b62f2,d7955a56-864b-500a-a33b-7c476b342c7e,1,subsection,"[""variabilityWithinData"",""sec2.3-subsection-1"",""R011-B007""]",ch_summarizing_data/TeX/ch_summarizing_data.tex,2187,2361,96e65159d60fdc8398430fcd8d7d6ea97c384b298e13c4464fd691740cde798e,source_frozen,"[""18223f28-a74d-5f9f-a586-6c3ab2bbef1f""]"
52bf0186-4674-569a-b8c7-783489172959,697eee11-37f2-5f2e-8492-16a070ccd069,7,subsection,"[""R011-B009"",""probabilityIndependence""]",ch_probability/TeX/ch_probability.tex,554,690,5d0db7768e4519f59e326a605992559e3c7ebce8cb9dad4f8106284642016cab,language_reviewed,"[""18223f28-a74d-5f9f-a586-6c3ab2bbef1f""]"
530ee541-0ab6-5e92-9af5-eebd34e31095,3d7fc080-b542-5ce0-bc46-480b7738b62b,1,companion_gap,"[""O001"",""eoce_1_20"",""R011-B003""]",,,,,queued,"[""032d41d3-7787-53af-b311-8f14e5631f44""]"
539c9f92-ebb5-583a-bbe7-033054cf48e2,dbda91d1-7c2a-59ea-8049-c1847a4c4218,3,guided_exercise,"[""nexercise-2.1-03"",""R011-B005""]",ch_summarizing_data/TeX/ch_summarizing_data.tex,240,245,5a65b642e0499b81f9b384811b7c891674fefbdab31bcd3627fd4da09536ce52,source_frozen,"[""18223f28-a74d-5f9f-a586-6c3ab2bbef1f""]"
5418b4f9-77ac-546a-b7e2-5bc1c3fb75ca,38d29400-2764-5109-a7fd-d245c7e52b17,28,exercise,"[""reading_paper"",""eoce_1_28"",""R011-B003""]",ch_intro_to_data/TeX/sampling_principles_and_strategies.tex,269,302,441807a0122342c714e792eab47adf9d7ed8106c564102d3c68087e10ad6c286,source_frozen,"[""18223f28-a74d-5f9f-a586-6c3ab2bbef1f"",""33ab015a-b878-52bd-af46-2f824ee486c4""]"
54ab5e7d-5810-58e1-b6c1-e8b43217aece,874701bb-ab89-5499-9df6-344ae73c9aa3,2,guided_exercise,"[""R011-B010"",""ch03-sec3.2-02""]",ch_probability/TeX/ch_probability.tex,1068,1080,2f994852304a3b50c9fd3db591b594866558d0da44935bdb3eb3be9ab6a93c5b,language_reviewed,"[""18223f28-a74d-5f9f-a586-6c3ab2bbef1f""]"
55052df6-d488-53ed-8f4c-e0bb4a894836,697eee11-37f2-5f2e-8492-16a070ccd069,6,subsection,"[""R011-B009"",""complement-of-an-event""]",ch_probability/TeX/ch_probability.tex,470,553,dee2455076c9af2d72a5c00ab0f1d722cce61e2823fd5929d6aedf6e0664b725,language_reviewed,"[""18223f28-a74d-5f9f-a586-6c3ab2bbef1f""]"
56a76996-2c09-5515-b086-e9f4a051ed88,2c6d8e91-4e76-57eb-a714-bcac9f61be47,1,solution,"[""R011-B009"",""3.7""]",extraTeX/eoceSolutions/eoceSolutions.tex,442,457,9d8a609268f94f76be1faefa557a56d192869b54e82b84938a30059d56038bfe,language_reviewed,"[""18223f28-a74d-5f9f-a586-6c3ab2bbef1f""]"
57c61a2c-45fe-56ee-b26e-78b4607cf27f,68bfba60-9cd5-54a0-94f7-11662305a6a3,1,companion_gap,"[""R011-B010"",""3.20""]",,,,,queued,"[""032d41d3-7787-53af-b311-8f14e5631f44""]"
57d11337-8399-5156-84a2-79beb091af68,cf7a2c60-ae2b-561a-983a-401900ec14f8,33,solution,"[""answer_2_33"",""R011-B008""]",extraTeX/eoceSolutions/eoceSolutions.tex,400,402,23d364a7d3ba28561cc70ec1aedf80bfe1e2bf66af9bca4379226979e63808b1,source_frozen,"[""18223f28-a74d-5f9f-a586-6c3ab2bbef1f""]"
580446af-d384-52ed-bf61-e76ca3df060f,13d6426f-763c-54c4-97d9-632bb975a7de,3,preface,[],extraTeX/preamble/preface.tex,1,276,af5029f8f17f98dc094b6ce036a74143b803f71d841d6235bb70d130c57d1424,source_frozen,"[""18223f28-a74d-5f9f-a586-6c3ab2bbef1f""]"
58a46bf1-0ddc-500b-908e-b1ca06bb63d2,38d29400-2764-5109-a7fd-d245c7e52b17,13,exercise,"[""scope_airpoll"",""eoce_1_13"",""R011-B003""]",ch_intro_to_data/TeX/sampling_principles_and_strategies.tex,5,19,abb2ca12aff54cafca81843f328e61b5043204ec572406e2a93ab49bf2b72811,source_frozen,"[""18223f28-a74d-5f9f-a586-6c3ab2bbef1f""]"
5bfb5b40-d95a-5f3f-a0fb-f65bf49e01a7,748801d5-dff8-5970-9094-9b6e46cc74b3,13,guided_exercise,"[""R011-B010"",""ch03-sec3.2-13""]",ch_probability/TeX/ch_probability.tex,1550,1554,885a525d90a2a8c01d2e9a260b9c5523050a6658e72f8dae3dd0310788dcfa48,language_reviewed,"[""18223f28-a74d-5f9f-a586-6c3ab2bbef1f""]"
5d1c54cb-75dd-5f1d-94d9-0795134806dd,38d29400-2764-5109-a7fd-d245c7e52b17,16,exercise,"[""scope_stealers"",""eoce_1_16"",""R011-B003""]",ch_intro_to_data/TeX/sampling_principles_and_strategies.tex,59,78,84949f7fcdaa67353df1b64e0e1904d89643d53da7870fdf08054bef80525916,source_frozen,"[""18223f28-a74d-5f9f-a586-6c3ab2bbef1f""]"
5d52d2c3-518e-5fb4-9993-fc3cb99829f2,193a93a2-5f42-56b5-a579-7a4c8b028e6d,4,subsection,"[""R011-B010"",""smallpox-in-boston-1721""]",ch_probability/TeX/ch_probability.tex,1131,1195,2e60e11377ad46f6d41a4588b2ad8755ff431ce58ab64d877cdb312ad709c62f,language_reviewed,"[""18223f28-a74d-5f9f-a586-6c3ab2bbef1f""]"
5e79109c-05de-5995-8080-138aa82c199d,4a67928d-9842-5598-8a98-8360b6b3ab69,13,guided_exercise,"[""nexercise-2.1-13"",""R011-B005""]",ch_summarizing_data/TeX/ch_summarizing_data.tex,1254,1258,a6ff1ffb7520cf360f33fad6f4f100a25382f7e00e0da61fdfac79fbf7045384,source_frozen,"[""18223f28-a74d-5f9f-a586-6c3ab2bbef1f""]"
60a2cb71-2aa1-5917-9379-f7f55474c01a,7c6f18a3-f953-577e-a859-eda10519975c,6,chapter_review,"[""reviewexercisesheader"",""R011-B004R""]",ch_intro_to_data/TeX/review_exercises.tex,1,308,7e660f5fd14c1dc8b838ad48dfcad7da74ecef17517d43301fc83c5a04e4b91a,source_frozen,"[""18223f28-a74d-5f9f-a586-6c3ab2bbef1f""]"
6136c364-c7dd-5c31-acbc-fb1316ed3e6a,464e9807-e94f-510e-8157-c2c60c345df9,1,companion_gap,"[""O001"",""eoce_2_12"",""R011-B005""]",,,,,queued,"[""032d41d3-7787-53af-b311-8f14e5631f44""]"
6253fb91-64d4-50f6-a839-acbe722d89db,1d4258d2-754c-5f2a-b382-28e0c5cf5252,1,companion_gap,"[""O001"",""eoce_1_4""]",,,,,queued,"[""032d41d3-7787-53af-b311-8f14e5631f44""]"
637ef199-c248-5656-98db-90f81aaf11cc,47a4fe12-f3c0-587a-b879-47adb3ee9dc9,11,guided_exercise,"[""R011-B010"",""ch03-sec3.2-11""]",ch_probability/TeX/ch_probability.tex,1307,1311,b1a59eca6ae08c92308e622bd8e12514afe50ebf1ff4558cf660c382bdce3cc0,language_reviewed,"[""18223f28-a74d-5f9f-a586-6c3ab2bbef1f""]"
64168f66-cd8a-5a1b-a859-284c1a945475,193a93a2-5f42-56b5-a579-7a4c8b028e6d,17,exercise,"[""R011-B010"",""burger_preferences""]",ch_probability/TeX/conditional_probability.tex,104,141,03542fac7e6b1b4662f97eaee16e23b533124060905eafad6aad005c4f331a14,language_reviewed,"[""18223f28-a74d-5f9f-a586-6c3ab2bbef1f""]"
645a441c-5609-5ae7-9a39-ce2aa74eb3b2,eb7f6e94-501d-595e-8eaa-4e48c95d5afd,1,solution,"[""% 41"",""eoce_sol_1_41"",""R011-B004R""]",extraTeX/eoceSolutions/eoceSolutions.tex,210,217,8d448081dd9710488c8df3dd2de3d101fa4eebfd6a887bc79e4a25e585d0367c,source_frozen,"[""18223f28-a74d-5f9f-a586-6c3ab2bbef1f""]"
64f44ebe-ba42-5019-b5eb-5340940dc948,9cf167d5-4320-5a32-b56f-605c6e7ff489,8,exercise,"[""sinusitis_and_antibiotics_exp_resp"",""eoce_1_8""]",ch_intro_to_data/TeX/data_basics.tex,120,133,0efd63c63c8b21f1a00847aa072e5606a78379c46ce7fa368d1e93ecbcbf4edf,source_frozen,"[""18223f28-a74d-5f9f-a586-6c3ab2bbef1f""]"
65551ca9-43d7-5ff5-957c-31dfc67eb47a,b44842e4-51b4-52b7-8653-480ff0007c50,16,exercise,"[""dist_shape_housing_alcohol_salary"",""eoce_2_16"",""R011-B005""]",ch_summarizing_data/TeX/examining_numerical_data.tex,230,250,4e8caf7bcf89b0e112318708497efbb21178564b2c7c1afc65f93ac772c2e066,source_frozen,"[""18223f28-a74d-5f9f-a586-6c3ab2bbef1f""]"
662ada1b-d83f-5db6-bffc-6ef98ab85458,38d29400-2764-5109-a7fd-d245c7e52b17,22,exercise,"[""stressed_out_observational"",""eoce_1_22"",""R011-B003""]",ch_intro_to_data/TeX/sampling_principles_and_strategies.tex,170,184,f87b277cfb613581c1b06784c775e90467786853a066efec69d3ec4f1e57a6ae,source_frozen,"[""18223f28-a74d-5f9f-a586-6c3ab2bbef1f""]"
68bfba60-9cd5-54a0-94f7-11662305a6a3,193a93a2-5f42-56b5-a579-7a4c8b028e6d,20,exercise,"[""R011-B010"",""tree_thrombosis""]",ch_probability/TeX/conditional_probability.tex,190,202,a7ef93ef8d6be02273963c37251e3bba7520c0cc7f5f7b279684732798999547,language_reviewed,"[""18223f28-a74d-5f9f-a586-6c3ab2bbef1f""]"
697eee11-37f2-5f2e-8492-16a070ccd069,4d7e1beb-821d-5a81-b350-46eb6bf05f55,1,section,"[""R011-B009"",""basicsOfProbability""]",ch_probability/TeX/ch_probability.tex,38,690,4341c93dab38328b141c4b8e3603908dd0c536dd5a85235b08ffd0c096f96705,language_reviewed,"[""18223f28-a74d-5f9f-a586-6c3ab2bbef1f""]"
69e6130f-70e9-5ba1-9f52-baaf7a2ac41e,60a2cb71-2aa1-5917-9379-f7f55474c01a,36,exercise,"[""stressed_out_experiment"",""eoce_1_36"",""R011-B004R""]",ch_intro_to_data/TeX/review_exercises.tex,47,56,a746618ffe6ab99f2fcb0f6f024b1add62f3faa57361a2b4d5f8c3d8e8d94e32,source_frozen,"[""18223f28-a74d-5f9f-a586-6c3ab2bbef1f""]"
6a258b93-849d-54a4-a975-577311e28a44,089a1c0f-be6b-55c7-889c-45c6aa156692,1,companion_gap,"[""O001"",""eoce_2_28"",""R011-B008""]",,,,,queued,"[""032d41d3-7787-53af-b311-8f14e5631f44""]"
6a4104b8-6358-5cac-bb8f-44a62a948843,9cf167d5-4320-5a32-b56f-605c6e7ff489,11,exercise,"[""US Airports"",""eoce_1_11""]",ch_intro_to_data/TeX/data_basics.tex,202,222,0acc42a171a89cd61c2c945f24dc9765cd6f75edb620a1b6d6f53dee8dd80523,source_frozen,"[""18223f28-a74d-5f9f-a586-6c3ab2bbef1f""]"
6a97129a-886b-5c53-bcbb-de071986d1e8,d031fd92-364c-5922-9977-7d4f68b6f109,2,guided_exercise,"[""nexercise-2.2-02"",""R011-B006""]",ch_summarizing_data/TeX/ch_summarizing_data.tex,1590,1597,3d7fde403c78b48034f261f58745dd2e43559e66f62a6436b7abccb119e02055,source_frozen,"[""18223f28-a74d-5f9f-a586-6c3ab2bbef1f""]"
6cdc5305-7872-5fcc-b9b1-267950977dbe,9cf167d5-4320-5a32-b56f-605c6e7ff489,10,exercise,"[""smoking_habits_UK_datamatrix"",""eoce_1_10""]",ch_intro_to_data/TeX/data_basics.tex,170,200,f2c35547c56a685412bf2860cfb5b21fef82814f97740864a89aa56e7fcdae7c,source_frozen,"[""18223f28-a74d-5f9f-a586-6c3ab2bbef1f""]"
6cf76de5-ad58-56a0-8ae3-941bf2616c52,5d52d2c3-518e-5fb4-9993-fc3cb99829f2,5,guided_exercise,"[""R011-B010"",""ch03-sec3.2-05""]",ch_probability/TeX/ch_probability.tex,1181,1185,4c4b61c1614e0771ca01c21cdc72af28a24b1226708e04c50d1999214467b5f7,language_reviewed,"[""18223f28-a74d-5f9f-a586-6c3ab2bbef1f""]"
6e4e8c2c-e78c-58d3-afef-7c55af54eb37,193a93a2-5f42-56b5-a579-7a4c8b028e6d,1,subsection,"[""R011-B010"",""exploring-probabilities-with-contingency-tables""]",ch_probability/TeX/ch_probability.tex,703,814,7ca458f161fe0f63ab7956d7711d2315a68a0abd0799e9ab907bcce5d5f11236,language_reviewed,"[""18223f28-a74d-5f9f-a586-6c3ab2bbef1f""]"
6e9dc374-9378-5c52-b2ae-88d498bcec17,49ca843c-e79c-5858-96ba-34396dd18ae6,1,solution,"[""% 21"",""eoce_sol_1_21"",""R011-B003""]",extraTeX/eoceSolutions/eoceSolutions.tex,97,105,c24a97fd3cda692d9f43e6a1e76811873a2bfdb4c7bbeec2c5578b96e5a61051,source_frozen,"[""18223f28-a74d-5f9f-a586-6c3ab2bbef1f""]"
6f102af0-0e7f-5a14-9f29-8abb91c6cd56,fbe8307c-8576-5fc9-9d86-4ffff1359550,1,companion_gap,"[""O001"",""eoce_2_8"",""R011-B005""]",,,,,queued,"[""032d41d3-7787-53af-b311-8f14e5631f44""]"
6f83dd5f-f193-5e7a-b366-f24ab038d7b0,9c3f7c19-0f6c-5060-9c70-d8585ba33850,1,companion_gap,"[""O001"",""eoce_1_32"",""R011-B004""]",,,,,queued,"[""032d41d3-7787-53af-b311-8f14e5631f44""]"
6fd54b2a-6a51-5f71-8a7b-fd2a10a6ab5d,60a2cb71-2aa1-5917-9379-f7f55474c01a,38,exercise,"[""city_council_survey"",""eoce_1_38"",""R011-B004R""]",ch_intro_to_data/TeX/review_exercises.tex,80,110,4f4a365b1c5a32b9996bab7009cef01bb98db0a0865b8958ca5d7125f39fd05f,source_frozen,"[""18223f28-a74d-5f9f-a586-6c3ab2bbef1f""]"
708fb94d-36a9-54fc-a0a4-13ae6a5bb4cf,697eee11-37f2-5f2e-8492-16a070ccd069,11,guided_exercise,"[""R011-B009"",""ch03-sec3.1-11""]",ch_probability/TeX/ch_probability.tex,423,427,7a716a06da292fe970c406519fdcd7e168dbd5785488224863946cff9447d7ab,language_reviewed,"[""18223f28-a74d-5f9f-a586-6c3ab2bbef1f""]"
712ad509-94bf-5176-808c-99930068799b,697eee11-37f2-5f2e-8492-16a070ccd069,3,guided_exercise,"[""R011-B009"",""ch03-sec3.1-03""]",ch_probability/TeX/ch_probability.tex,192,214,231a0cec8e8d138504f81f68a84c4af1ff495342068894bd841177483933cc07,language_reviewed,"[""18223f28-a74d-5f9f-a586-6c3ab2bbef1f""]"
73520ca6-33b3-53b3-9713-2ad77ac46942,b44842e4-51b4-52b7-8653-480ff0007c50,6,exercise,"[""college_sleeping"",""eoce_2_6"",""R011-B005""]",ch_summarizing_data/TeX/examining_numerical_data.tex,74,83,934f2a997afb3103fa6b56e2d634d30a92e286542b8fea621239016bc10035f1,source_frozen,"[""18223f28-a74d-5f9f-a586-6c3ab2bbef1f""]"
73da116e-6d01-56d0-b143-2ec2806b49a2,b44842e4-51b4-52b7-8653-480ff0007c50,17,exercise,"[""income_coffee_shop"",""eoce_2_17"",""R011-B005""]",ch_summarizing_data/TeX/examining_numerical_data.tex,252,288,ee0f93d4a20ad063de2e81fb64c4381a913da06265e27575d83f1a86a25244f5,source_frozen,"[""18223f28-a74d-5f9f-a586-6c3ab2bbef1f""]"
748801d5-dff8-5970-9094-9b6e46cc74b3,193a93a2-5f42-56b5-a579-7a4c8b028e6d,8,subsection,"[""R011-B010"",""bayesTheoremSubsection""]",ch_probability/TeX/ch_probability.tex,1402,1608,64adfbaa48ee0c7038e2aa3d78e78727c516c07030990c319935606e462520d8,language_reviewed,"[""18223f28-a74d-5f9f-a586-6c3ab2bbef1f""]"
74df7b7d-b3b8-5719-9c25-bb11c33719ce,be68d249-d0b7-55f6-9d31-100dc668e656,1,companion_gap,"[""O001"",""eoce_2_4"",""R011-B005""]",,,,,queued,"[""032d41d3-7787-53af-b311-8f14e5631f44""]"
76494447-2b5b-55a0-acf9-028b903fa8cb,38d29400-2764-5109-a7fd-d245c7e52b17,19,exercise,"[""course_satisfaction_sections"",""eoce_1_19"",""R011-B003""]",ch_intro_to_data/TeX/sampling_principles_and_strategies.tex,118,131,342c9fbbb706ee7ad1c9d425616bb5ce797193008e8b5647ca849b8dd0cfa4e5,source_frozen,"[""18223f28-a74d-5f9f-a586-6c3ab2bbef1f""]"
76ecd2e2-efd6-5cd9-b054-41be3101723f,4a0f5bef-95db-5c6c-ae94-097778cff15d,4,subsection,"[""mosaic_plots_subsection"",""sec2.2-subsection-4"",""R011-B006""]",ch_summarizing_data/TeX/ch_summarizing_data.tex,1872,1969,7cdfa079a1e0b32b5d1b586b6938af72ab595adb7d6b239857a59f4546b77d70,source_frozen,"[""18223f28-a74d-5f9f-a586-6c3ab2bbef1f""]"
79b67f35-3460-585e-b91d-f1c7f8a7662f,4a0f5bef-95db-5c6c-ae94-097778cff15d,1,subsection,"[""sec2.2-subsection-1"",""R011-B006""]",ch_summarizing_data/TeX/ch_summarizing_data.tex,1344,1460,4766d658e8d9f2abe88159242b5dd48ec92c7f8febc7cd3aeb8353064597067e,source_frozen,"[""18223f28-a74d-5f9f-a586-6c3ab2bbef1f""]"
7addf1c9-9003-5d87-b901-6211727146b0,b4cd26a2-3443-5b4d-9a38-f2d9766ae10a,10,guided_exercise,"[""nexercise-2.1-10"",""R011-B005""]",ch_summarizing_data/TeX/ch_summarizing_data.tex,963,970,315e87cfa644b5b46ef5b39f8963ec7d9d5ca29e7bef8c7ef6515efa216c1b03,source_frozen,"[""18223f28-a74d-5f9f-a586-6c3ab2bbef1f""]"
7c6f18a3-f953-577e-a859-eda10519975c,13d6426f-763c-54c4-97d9-632bb975a7de,4,chapter,"[""introductionToData"",""ch_intro_to_data""]",ch_intro_to_data/TeX/ch_intro_to_data.tex,1,141,09e21d4d7fdca0ac464832a18182580660d623ec8ff4c6b3d621d6a1ba540f3f,source_frozen,"[""18223f28-a74d-5f9f-a586-6c3ab2bbef1f""]"
7dd4a8b0-6956-5804-ae79-259a778f22a2,4855a03b-af6e-56cc-ad3b-7d0f5e26745e,10,answer_section,"[""Summarizing data"",""R011-B005""]",extraTeX/eoceSolutions/eoceSolutions.tex,234,240,4144402b86281cd00257d51664f4d1aa3f1437e271e5fdb0d57b7044cfadb21e,source_frozen,"[""18223f28-a74d-5f9f-a586-6c3ab2bbef1f""]"
7ede0e9f-047f-5ea5-acdf-149e26f70e15,697eee11-37f2-5f2e-8492-16a070ccd069,10,exercise,"[""R011-B009"",""guessing_on_exam""]",ch_probability/TeX/defining_probability.tex,158,171,70be3c21795862de5ddc6f21e1e4d875063e1d4ea9e004beb3985440020aebac,language_reviewed,"[""18223f28-a74d-5f9f-a586-6c3ab2bbef1f""]"
7fb6fb37-23be-57f3-af92-f7f18dbb1210,4855a03b-af6e-56cc-ad3b-7d0f5e26745e,31,exercise,"[""oscar_winners"",""eoce_2_31"",""R011-B008""]",ch_summarizing_data/TeX/review_exercises.tex,63,99,5110f2362dd0499625852be0afc7ee8be3698909f641530a47307fab0cf249f4,source_frozen,"[""18223f28-a74d-5f9f-a586-6c3ab2bbef1f""]"
7fd8dc8e-619e-5d32-a046-da020e549122,38d29400-2764-5109-a7fd-d245c7e52b17,24,exercise,"[""random_digit_dialing"",""eoce_1_24"",""R011-B003""]",ch_intro_to_data/TeX/sampling_principles_and_strategies.tex,204,212,b8a090cde6bac3960b07497a190d4d4cd519f717f514a1b69f0029304539f0da,source_frozen,"[""18223f28-a74d-5f9f-a586-6c3ab2bbef1f""]"
800f9dd1-220d-5885-9921-06e4d5b61e31,697eee11-37f2-5f2e-8492-16a070ccd069,12,guided_exercise,"[""R011-B009"",""ch03-sec3.1-12""]",ch_probability/TeX/ch_probability.tex,486,490,c02352fb8a5deb36ea6b7401858c8ada0ef8709c382dd6825b2150d8fa63c229,language_reviewed,"[""18223f28-a74d-5f9f-a586-6c3ab2bbef1f""]"
85124b7a-8d55-5597-8711-5649f8f185e2,b4cd26a2-3443-5b4d-9a38-f2d9766ae10a,9,guided_exercise,"[""nexercise-2.1-09"",""R011-B005""]",ch_summarizing_data/TeX/ch_summarizing_data.tex,896,899,a4ba4dc715e095aa3cd10f30b58c7d266b8c47c7092c3e3e960c381c01cae430,source_frozen,"[""18223f28-a74d-5f9f-a586-6c3ab2bbef1f""]"
855eddee-573a-572b-941a-4da454b53d74,0135feda-7bfb-5aa7-b3cb-0ad3ada718b2,1,companion_gap,"[""O001"",""eoce_2_2"",""R011-B005""]",,,,,queued,"[""032d41d3-7787-53af-b311-8f14e5631f44""]"
86182b92-ee8a-559c-968c-7d194c50e9c9,5418b4f9-77ac-546a-b7e2-5bc1c3fb75ca,1,companion_gap,"[""O001"",""eoce_1_28"",""R011-B003""]",,,,,queued,"[""032d41d3-7787-53af-b311-8f14e5631f44""]"
86e62e31-0bad-56b8-89e6-94f25f6bff23,874701bb-ab89-5499-9df6-344ae73c9aa3,3,guided_exercise,"[""R011-B010"",""ch03-sec3.2-03""]",ch_probability/TeX/ch_probability.tex,1096,1113,9f5e6ab300eccc4dca8ea4f2376c318d1032d2e110339ad7c345bc0c0f65a6ae,language_reviewed,"[""18223f28-a74d-5f9f-a586-6c3ab2bbef1f""]"
874701bb-ab89-5499-9df6-344ae73c9aa3,193a93a2-5f42-56b5-a579-7a4c8b028e6d,3,subsection,"[""R011-B010"",""defining-conditional-probability""]",ch_probability/TeX/ch_probability.tex,947,1130,3bf26281f8d42e07d337e83db109c8be33535e84caaae4e978871ca7f7384b86,language_reviewed,"[""18223f28-a74d-5f9f-a586-6c3ab2bbef1f""]"
8759fdd7-08ec-51f2-8f2d-655e40548142,97422792-2010-5ea8-9616-b1f55c20cdf6,29,solution,"[""answer_2_29"",""R011-B008""]",extraTeX/eoceSolutions/eoceSolutions.tex,383,389,7b5373c2deaec77245c873efad5b579d036c684b587d2ab0668f13a1c715b51b,source_frozen,"[""18223f28-a74d-5f9f-a586-6c3ab2bbef1f""]"
891d5085-7823-51b4-aaed-e800d34935e9,94c828eb-0092-5c7a-b594-f8a6f1008031,1,companion_gap,"[""O001"",""eoce_1_34"",""R011-B004""]",,,,,queued,"[""032d41d3-7787-53af-b311-8f14e5631f44""]"
8953f299-909a-5500-9c5f-46b560e50081,aa6de920-293e-53d9-bae5-bdb90e35f8f4,4,subsection,"[""variability"",""R011-B005""]",ch_summarizing_data/TeX/ch_summarizing_data.tex,650,818,14deb0c21823fe735c9ee8144e5341ba765924e682f581547a4815b2b0de906a,source_frozen,"[""18223f28-a74d-5f9f-a586-6c3ab2bbef1f""]"
8a23e856-49af-570b-8460-82f99ced2ef0,b44842e4-51b4-52b7-8653-480ff0007c50,11,exercise,"[""air_quality_durham"",""eoce_2_11"",""R011-B005""]",ch_summarizing_data/TeX/examining_numerical_data.tex,153,177,4d4f544e337f989b295889b7de73345bd542c8b694a8d1e3244b1bcf0b287a8d,source_frozen,"[""18223f28-a74d-5f9f-a586-6c3ab2bbef1f""]"
8b9932bf-3164-5e36-a64a-304ae1894c90,d7955a56-864b-500a-a33b-7c476b342c7e,26,exercise,"[""randomization_heart_transplants"",""eoce_2_26"",""R011-B007""]",ch_summarizing_data/TeX/case_study_malaria_vaccine.tex,53,104,b2d1ee372abaaac0c8d2aa66e5054dac9dd2284ffef6960b65fab90d2838b9c4,source_frozen,"[""18223f28-a74d-5f9f-a586-6c3ab2bbef1f""]"
8be7cb0a-0a23-54f6-99da-04899215d5a2,13d6426f-763c-54c4-97d9-632bb975a7de,2,copyright_page,[],extraTeX/preamble/copyright_derivative.tex,1,8,3c473391733db54bf15ebd67fa77e35eaf461e0c68c33ee7c51295ca1331762d,source_frozen,"[""18223f28-a74d-5f9f-a586-6c3ab2bbef1f"",""947b6c3b-ce48-5326-b7af-6571830020d4""]"
8c1f82f6-34a3-53be-9da6-0fa74df91111,b44842e4-51b4-52b7-8653-480ff0007c50,20,exercise,"[""county_hispanic_pop"",""eoce_2_20"",""R011-B005""]",ch_summarizing_data/TeX/examining_numerical_data.tex,316,335,98504cc6b5f60249f899a9cb458f880dfda96a0cee2310628cb805a5c3e1242e,source_frozen,"[""18223f28-a74d-5f9f-a586-6c3ab2bbef1f""]"
8cd11f37-e330-56f8-96c4-18968b901319,17acf038-9821-5e3d-9ffa-1526fab12218,5,guided_exercise,"[""nexercise-2.1-05"",""R011-B005""]",ch_summarizing_data/TeX/ch_summarizing_data.tex,528,534,1643e9fa6bf7a1848555cd6eb4268e1c77f33509b14b77241e70e51c963f16b9,source_frozen,"[""18223f28-a74d-5f9f-a586-6c3ab2bbef1f""]"
8d5e5ab9-c31c-537f-ba4a-0f8a898e573f,5172495b-cd2b-5f34-b695-29ce4bc07662,1,companion_gap,"[""O001"",""eoce_1_44"",""R011-B004R""]",,,,,queued,"[""032d41d3-7787-53af-b311-8f14e5631f44""]"
8d6c63f9-60c2-562b-84f3-86db59a7d01e,4855a03b-af6e-56cc-ad3b-7d0f5e26745e,30,exercise,"[""new_stat"",""eoce_2_30"",""R011-B008""]",ch_summarizing_data/TeX/review_exercises.tex,50,62,86f63ee75e68ee5bcb3f27c0c1a52e26c462b90a0203d21025d7431e48132483,source_frozen,"[""18223f28-a74d-5f9f-a586-6c3ab2bbef1f""]"
8eb2d76e-01a5-5f6a-944c-4dc01adf6597,b82173dd-a963-514b-8628-cd6c9d97f633,1,solution,"[""% 43"",""eoce_sol_1_43"",""R011-B004R""]",extraTeX/eoceSolutions/eoceSolutions.tex,219,239,443f66fe6ca67a71716572a0a09951f970c7722d4aea5f8e5e1433ee05d7ff13,source_frozen,"[""18223f28-a74d-5f9f-a586-6c3ab2bbef1f""]"
8f0807ed-49cf-58cd-829e-096e53f1df1c,76494447-2b5b-55a0-acf9-028b903fa8cb,1,solution,"[""% 19"",""eoce_sol_1_19"",""R011-B003""]",extraTeX/eoceSolutions/eoceSolutions.tex,91,95,d81168df6a0dd3cada0f020a24891fcf4feb5ffb83a15db26874aaa302ff0465,source_frozen,"[""18223f28-a74d-5f9f-a586-6c3ab2bbef1f""]"
8f4e417c-5097-514a-9c06-f4a3c67e664b,bf8a9ea5-2ceb-51fa-b10f-4c470d3b7e00,27,solution,"[""answer_2_27"",""R011-B008""]",extraTeX/eoceSolutions/eoceSolutions.tex,373,382,e1f6089b747dd5cdecab3a87bb8d1019ffbc34a90892507b0fadfbb860f2f62e,source_frozen,"[""18223f28-a74d-5f9f-a586-6c3ab2bbef1f""]"
8fd6ebca-4ca4-55c1-89f8-d040729c3b3e,7c6f18a3-f953-577e-a859-eda10519975c,1,chapter_intro,[],ch_intro_to_data/TeX/ch_intro_to_data.tex,17,35,70b60753156622c657f83656e7b5fb69964e1bed674081eb67d37126e791fd67,source_frozen,"[""18223f28-a74d-5f9f-a586-6c3ab2bbef1f""]"
91fc3301-cb1f-55c9-be90-4bcb58dca050,b44842e4-51b4-52b7-8653-480ff0007c50,1,exercise,"[""mammal_life_spans"",""eoce_2_1"",""R011-B005""]",ch_summarizing_data/TeX/examining_numerical_data.tex,5,23,c7d06cce7704eb12347c8e16be9a65f3e4bfb4121b57c06d3099fd404a3196c3,source_frozen,"[""18223f28-a74d-5f9f-a586-6c3ab2bbef1f""]"
93119707-aaa6-5816-a5ea-c6e32e610a32,0f31ef05-8651-5e86-9185-b5d10b8fda5d,1,companion_gap,"[""O001"",""eoce_1_14"",""R011-B003""]",,,,,queued,"[""032d41d3-7787-53af-b311-8f14e5631f44""]"
934f478e-1372-5c73-9c65-90094a7a5d9a,193a93a2-5f42-56b5-a579-7a4c8b028e6d,15,exercise,"[""R011-B010"",""global_warming""]",ch_probability/TeX/conditional_probability.tex,28,68,fe7f26a7e90a858ff29c7d37140ae689675a7dc50c28ede05644521cceb3cd06,language_reviewed,"[""18223f28-a74d-5f9f-a586-6c3ab2bbef1f""]"
938ff02b-f218-5723-8aaa-2fc3711a7157,65551ca9-43d7-5ff5-957c-31dfc67eb47a,1,companion_gap,"[""O001"",""eoce_2_16"",""R011-B005""]",,,,,queued,"[""032d41d3-7787-53af-b311-8f14e5631f44""]"
94c828eb-0092-5c7a-b594-f8a6f1008031,ef7f55d2-6426-5c6b-a525-29e747da8d0b,34,exercise,"[""exercise_mental_health"",""eoce_1_34"",""R011-B004""]",ch_intro_to_data/TeX/experiments.tex,82,99,317d2d4f199a56f5cb8f8fde14c66b050c888a0667a1c93b69c287c5c18134db,source_frozen,"[""18223f28-a74d-5f9f-a586-6c3ab2bbef1f""]"
961275f4-5a1e-59a5-8a35-44ba47c24314,d7955a56-864b-500a-a33b-7c476b342c7e,1,exercise,"[""sec2.3-guided-01"",""R011-B007""]",ch_summarizing_data/TeX/ch_summarizing_data.tex,2175,2184,23f748e08787e0382c8b010375ff65a124025452a0c3cac3bdb8910456cd682a,source_frozen,"[""18223f28-a74d-5f9f-a586-6c3ab2bbef1f""]"
9723bec2-d07b-5e14-996f-2416bcef0f22,e2b24411-28f5-5067-bc3d-383eda5fecf5,1,solution,"[""% 3"",""eoce_sol_2_3"",""R011-B005""]",extraTeX/eoceSolutions/eoceSolutions.tex,248,253,d8adfffd0ecff5baf7d3bd91c31d57886174f48b37da96db1bdfeb5ea4236790,source_frozen,"[""18223f28-a74d-5f9f-a586-6c3ab2bbef1f""]"
97422792-2010-5ea8-9616-b1f55c20cdf6,4855a03b-af6e-56cc-ad3b-7d0f5e26745e,29,exercise,"[""dist_shape_TV_watchers"",""eoce_2_29"",""R011-B008""]",ch_summarizing_data/TeX/review_exercises.tex,40,49,05fb6bedc4a08201e7469359d2ee2859b621972ebc9be29b01a916a92e24bd55,source_frozen,"[""18223f28-a74d-5f9f-a586-6c3ab2bbef1f""]"
97b5aaa8-b5cf-54b2-b80b-b10fb60038ba,0c15d1e6-cc3a-5b85-9c5e-028f9f39d588,1,companion_gap,"[""O001"",""eoce_1_6""]",,,,,queued,"[""032d41d3-7787-53af-b311-8f14e5631f44""]"
981a77ce-25ad-5caf-ab40-e597c250cae9,d031fd92-364c-5922-9977-7d4f68b6f109,1,guided_exercise,"[""nexercise-2.2-01"",""R011-B006""]",ch_summarizing_data/TeX/ch_summarizing_data.tex,1576,1582,24cb797e89a53f7d67be48dcfbf068805600df6bbc8480219cde16ee0e88c209,source_frozen,"[""18223f28-a74d-5f9f-a586-6c3ab2bbef1f""]"
98f96526-d335-579f-8990-474cae0b598a,b44842e4-51b4-52b7-8653-480ff0007c50,9,exercise,"[""means_sds"",""eoce_2_9"",""R011-B005""]",ch_summarizing_data/TeX/examining_numerical_data.tex,114,129,cb01211f6325db03cfab8aecacc09cc27c3055a737626e2961790cbf991c4970,source_frozen,"[""18223f28-a74d-5f9f-a586-6c3ab2bbef1f""]"
993641eb-cf5b-50e6-9840-92d99ada6efe,193a93a2-5f42-56b5-a579-7a4c8b028e6d,2,subsection,"[""R011-B010"",""marginalAndJointProbabilities""]",ch_probability/TeX/ch_probability.tex,815,946,507de98715c00a6ff23a9c87e4c9cefbb91db9157a85e6a43ee8bd95fc032fa5,language_reviewed,"[""18223f28-a74d-5f9f-a586-6c3ab2bbef1f""]"
9c3f7c19-0f6c-5060-9c70-d8585ba33850,ef7f55d2-6426-5c6b-a525-29e747da8d0b,32,exercise,"[""music_learning"",""eoce_1_32"",""R011-B004""]",ch_intro_to_data/TeX/experiments.tex,67,73,50699e262e202d360f16d6be85cb52942b4897cafa277638a15660cb984424cc,source_frozen,"[""18223f28-a74d-5f9f-a586-6c3ab2bbef1f""]"
9c909fc2-49b5-5c03-a79f-ac7984a56db5,193a93a2-5f42-56b5-a579-7a4c8b028e6d,21,exercise,"[""R011-B010"",""tree_lupus""]",ch_probability/TeX/conditional_probability.tex,204,215,67fffd26b80df7ce6a210400efb6db2b78fa5134cbed54bfdc5a09714476bd0e,language_reviewed,"[""18223f28-a74d-5f9f-a586-6c3ab2bbef1f""]"
9cdd5f10-ce1d-5869-965a-71b7aee9c5de,1abc8a2f-fff1-5a7e-9e46-948375210665,1,solution,"[""R011-B009"",""3.3""]",extraTeX/eoceSolutions/eoceSolutions.tex,425,434,3a3d724b376ec9f522a7262672b1391cb571670b6c99c9756671a558f2634b46,language_reviewed,"[""18223f28-a74d-5f9f-a586-6c3ab2bbef1f""]"
9ce6e3d6-a448-524e-9e0c-005767bdaded,697eee11-37f2-5f2e-8492-16a070ccd069,15,guided_exercise,"[""R011-B009"",""ch03-sec3.1-15""]",ch_probability/TeX/ch_probability.tex,532,546,a761c32b7a9699cbfb72692a4cc370063eed8c028cf8afee265db7b613a51f87,language_reviewed,"[""18223f28-a74d-5f9f-a586-6c3ab2bbef1f""]"
9cf167d5-4320-5a32-b56f-605c6e7ff489,7c6f18a3-f953-577e-a859-eda10519975c,3,section,"[""dataBasics"",""R011-B002""]",ch_intro_to_data/TeX/ch_intro_to_data.tex,145,798,43f96db3f3f26604bbc7f5f2270d34b44716f10ab82ff3624ccef10e3c18cc66,source_frozen,"[""18223f28-a74d-5f9f-a586-6c3ab2bbef1f""]"
9dc09770-ae18-5fa5-95d7-a5f0ef2d2e3d,a36d034f-f5c1-5f04-89ac-c4f4a6cd046d,12,guided_exercise,"[""nexercise-2.1-12"",""R011-B005""]",ch_summarizing_data/TeX/ch_summarizing_data.tex,1073,1080,ef0272e35a5aae0d2e56e53ce008e0842df92098c2e7a6c68008a5c66d2ac9e4,source_frozen,"[""18223f28-a74d-5f9f-a586-6c3ab2bbef1f""]"
9ffbb29e-06de-5487-9e89-c5638618252f,9cf167d5-4320-5a32-b56f-605c6e7ff489,7,exercise,"[""migraine_and_acupuncture_exp_resp"",""eoce_1_7""]",ch_intro_to_data/TeX/data_basics.tex,101,118,691aa86fd0b5a6f793330850b627a3f618a58f25c7db7db77f757f2386e5575d,source_frozen,"[""18223f28-a74d-5f9f-a586-6c3ab2bbef1f""]"
a10d1176-5b95-56e2-8941-573322a79e39,c9faaa37-1ac5-54ae-b62f-1556d2b63374,2,table,"[""stentStudyResults""]",ch_intro_to_data/TeX/ch_intro_to_data.tex,84,99,105024147d974675ea6023773247b9fc166735c4868218385064f3fe9448eaa5,source_frozen,"[""18223f28-a74d-5f9f-a586-6c3ab2bbef1f""]"
a1268a25-f69a-531a-976d-441e5c4c5663,4a0f5bef-95db-5c6c-ae94-097778cff15d,5,subsection,"[""sec2.2-subsection-5"",""R011-B006""]",ch_summarizing_data/TeX/ch_summarizing_data.tex,1970,2002,5c4e751db01919eda2978fef8e2fe9f785970bf457f8f5fb842026c58384123b,source_frozen,"[""18223f28-a74d-5f9f-a586-6c3ab2bbef1f""]"
a132efe2-d782-5317-859e-6b0fd4cab424,1c22723c-f2d0-5445-bccd-2c220201d232,25,solution,"[""eoce_solution_2_25"",""R011-B007""]",extraTeX/eoceSolutions/eoceSolutions.tex,344,371,7106152e66b4e2ae517a8bcc4655ba6045b5c8a7b9791c637c51afa6917459e2,source_frozen,"[""18223f28-a74d-5f9f-a586-6c3ab2bbef1f""]"
a1826e03-0981-5650-8830-88dc2ad8b719,193a93a2-5f42-56b5-a579-7a4c8b028e6d,5,subsection,"[""R011-B010"",""general-multiplication-rule""]",ch_probability/TeX/ch_probability.tex,1196,1277,e4001e51accf43d0c391374bdf62a71151b3f9edaa2d458892711a56ebf7339e,language_reviewed,"[""18223f28-a74d-5f9f-a586-6c3ab2bbef1f""]"
a27e1433-9658-5f30-a1b5-b8b28da30519,f2d394a2-2958-5de5-9cd6-2a4cd0a365d7,1,solution,"[""% 15"",""eoce_sol_2_15"",""R011-B005""]",extraTeX/eoceSolutions/eoceSolutions.tex,296,300,1b357b82f63392bcb7f0b4630af9e51394f55afe570b5dc22916a8f3d3bb44ce,source_frozen,"[""18223f28-a74d-5f9f-a586-6c3ab2bbef1f""]"
a32f1fda-d931-5107-8078-3c5e0521edfa,7fd8dc8e-619e-5d32-a046-da020e549122,1,companion_gap,"[""O001"",""eoce_1_24"",""R011-B003""]",,,,,queued,"[""032d41d3-7787-53af-b311-8f14e5631f44""]"
a36d034f-f5c1-5f04-89ac-c4f4a6cd046d,aa6de920-293e-53d9-bae5-bdb90e35f8f4,6,subsection,"[""robust-statistics"",""R011-B005""]",ch_summarizing_data/TeX/ch_summarizing_data.tex,986,1094,06eef4ad37dc6dae9a07db1d0179bd6cddf275c82e7ccc248896a1ff99c0fc62,source_frozen,"[""18223f28-a74d-5f9f-a586-6c3ab2bbef1f""]"
a5d1f326-634c-5bcf-b4b2-9c9dea130284,697eee11-37f2-5f2e-8492-16a070ccd069,11,exercise,"[""R011-B009"",""edu_attain_couples""]",ch_probability/TeX/defining_probability.tex,173,208,9c13bd7895a24169107f74cb269bc35334b0bf167f2befbc053c78c89869de73,language_reviewed,"[""18223f28-a74d-5f9f-a586-6c3ab2bbef1f""]"
a72d52ee-0344-56a3-9746-98c4db684cf0,193a93a2-5f42-56b5-a579-7a4c8b028e6d,18,exercise,"[""R011-B010"",""assortative_mating""]",ch_probability/TeX/conditional_probability.tex,143,175,2c9f0607f0e06b0be73d95e495324206de2aae6df8807e120bcf74e3eef3c7df,language_reviewed,"[""18223f28-a74d-5f9f-a586-6c3ab2bbef1f""]"
a74608ed-09bd-5bc9-b1a8-0118b4dbe4d2,9cf167d5-4320-5a32-b56f-605c6e7ff489,12,exercise,"[""unvotes"",""eoce_1_12""]",ch_intro_to_data/TeX/data_basics.tex,224,240,1dc9eb85cc452c8918a7d938dff6af1696371be2e3f237fdea3e95f5724c9e1c,source_frozen,"[""18223f28-a74d-5f9f-a586-6c3ab2bbef1f""]"
a7a20e5a-5ba0-5d46-b569-4d063734581e,40c6efec-8d75-5c57-a51b-ee316ebc5f0c,1,solution,"[""R011-B009"",""3.5""]",extraTeX/eoceSolutions/eoceSolutions.tex,436,440,93eb5e31f3f86faee3947c393ece8f7070419af61fc8bba4edceecc50ada7474,language_reviewed,"[""18223f28-a74d-5f9f-a586-6c3ab2bbef1f""]"
a85116d3-aa90-5866-a80f-22f5b408397e,df8c32ef-fdf2-53a0-82d9-6ff7b9bfbb39,1,companion_gap,"[""O001"",""R011-O001-B006-E24"",""eoce_2_24"",""R011-B006""]",,,,,queued,"[""032d41d3-7787-53af-b311-8f14e5631f44""]"
a8c0aef5-98c8-5736-9a1e-e73de2cec4cc,697eee11-37f2-5f2e-8492-16a070ccd069,6,exercise,"[""R011-B009"",""dice_rolls""]",ch_probability/TeX/defining_probability.tex,88,99,053acd88d1495a77967356c6bbe7033c3a5b07e240eb1f4635ec36711981c0a1,language_reviewed,"[""18223f28-a74d-5f9f-a586-6c3ab2bbef1f""]"
a967ccbc-648b-5a29-a41a-119f9073a205,5d1c54cb-75dd-5f1d-94d9-0795134806dd,1,companion_gap,"[""O001"",""eoce_1_16"",""R011-B003""]",,,,,queued,"[""032d41d3-7787-53af-b311-8f14e5631f44""]"
aa0c130d-cb84-5a06-b650-6dc25cefd73c,e6eef250-171b-5467-b369-df0a8ef36623,1,solution,"[""% 25"",""eoce_sol_1_25"",""R011-B003""]",extraTeX/eoceSolutions/eoceSolutions.tex,123,134,c799f55c424658e8fd91e42963be2e5f13b776cbf60296c918baa34e5bb15ec0,source_frozen,"[""18223f28-a74d-5f9f-a586-6c3ab2bbef1f""]"
aa6de920-293e-53d9-bae5-bdb90e35f8f4,4855a03b-af6e-56cc-ad3b-7d0f5e26745e,2,section,"[""numericalData"",""R011-B005""]",ch_summarizing_data/TeX/ch_summarizing_data.tex,26,1322,593d0a94bf1e1b035a50db8384e5822c418c8bead83d489c201de0221d4c5184,source_frozen,"[""18223f28-a74d-5f9f-a586-6c3ab2bbef1f""]"
aaaf998a-0136-55b4-a71e-e50907922fb3,8953f299-909a-5500-9c5f-46b560e50081,8,guided_exercise,"[""nexercise-2.1-08"",""R011-B005""]",ch_summarizing_data/TeX/ch_summarizing_data.tex,765,774,431764459fdfb673bdc99333fe8aefd9205d7002e26db4c2b11d37cdb75c9f7e,source_frozen,"[""18223f28-a74d-5f9f-a586-6c3ab2bbef1f""]"
ac4ef134-e728-567a-9bc4-2a1255aa7b0a,9cf167d5-4320-5a32-b56f-605c6e7ff489,3,exercise,"[""study_components_airpoll"",""eoce_1_3""]",ch_intro_to_data/TeX/data_basics.tex,5,24,edf4a1cd118d046e1e836dc5416e4c3dbda82292816782f693d0f2f899f2af34,source_frozen,"[""18223f28-a74d-5f9f-a586-6c3ab2bbef1f""]"
ad088d84-2be6-5f62-9470-ee5552968ec1,748801d5-dff8-5970-9094-9b6e46cc74b3,15,guided_exercise,"[""R011-B010"",""ch03-sec3.2-15""]",ch_probability/TeX/ch_probability.tex,1593,1597,176a96569222459dbd0367dadc11fafaea963a7aa74044f4a604eecab5d7348c,language_reviewed,"[""18223f28-a74d-5f9f-a586-6c3ab2bbef1f""]"
ad5e9a37-7767-5450-9dab-f54b570978e8,15e82d16-af8c-5c5f-900d-1e15be6b7e41,1,solution,"[""% 21"",""eoce_sol_2_21"",""R011-B006""]",extraTeX/eoceSolutions/eoceSolutions.tex,325,329,1b0e5aac42b56c4c0bfcf0e88e8d8fcd622b8526787a1ec500217018c7609ecd,source_frozen,"[""18223f28-a74d-5f9f-a586-6c3ab2bbef1f""]"
afc254fe-21db-54bf-a207-6cf4ea8f34ce,69e6130f-70e9-5ba1-9f52-baaf7a2ac41e,1,companion_gap,"[""O001"",""eoce_1_36"",""R011-B004R""]",,,,,queued,"[""032d41d3-7787-53af-b311-8f14e5631f44""]"
affe87a9-0bfc-5ab3-9232-48b74cfd45dc,2d3cd49b-30ef-561c-9ce2-bcdeff78b4ac,1,solution,"[""% 5"",""eoce_sol_1_5""]",extraTeX/eoceSolutions/eoceSolutions.tex,34,41,1650280608781546273d0bdc5bd8d4064995857d2ea8fd67849a1fd740a1797b,source_frozen,"[""18223f28-a74d-5f9f-a586-6c3ab2bbef1f""]"
b1193e47-cb89-5836-85ff-5fa2be7997ce,c9faaa37-1ac5-54ae-b62f-1556d2b63374,4,exercise,"[""migraine_and_acupuncture_intro"",""eoce_1_1""]",ch_intro_to_data/TeX/case_study_using_stents_to_prevent_strokes.tex,5,58,9e30e7c4d6bddeb924c8e836733cf9b8c06e54b37031cbacd4db8d2205cc7cce,source_frozen,"[""18223f28-a74d-5f9f-a586-6c3ab2bbef1f"",""5e3e3e1d-d971-53de-98b9-f47c833ea058""]"
b17f7da3-04b4-582c-bf17-72ea6f55ce3c,c03720ee-be18-50bc-a512-6f4b2de1081c,1,companion_gap,"[""R011-B009"",""3.4""]",,,,,queued,"[""032d41d3-7787-53af-b311-8f14e5631f44""]"
b23f3ca2-973a-561f-8d7b-0808ca9315e8,4a0f5bef-95db-5c6c-ae94-097778cff15d,6,subsection,"[""comparingAcrossGroups"",""sec2.2-subsection-6"",""R011-B006""]",ch_summarizing_data/TeX/ch_summarizing_data.tex,2003,2165,512be9df159a8864597dd0cf8de938db40ad8473a0e70b9570a43af01438abc5,source_frozen,"[""18223f28-a74d-5f9f-a586-6c3ab2bbef1f""]"
b33e6b3e-efb7-5a06-b86c-3b1e42abd6e0,47687132-fc76-5fdf-b8dd-3eb2def70a0b,1,solution,"[""% 7"",""eoce_sol_2_7"",""R011-B005""]",extraTeX/eoceSolutions/eoceSolutions.tex,260,263,a63095553104a4d3cf38123ea1d649902550bb77958f39be7112c4303551a088,source_frozen,"[""18223f28-a74d-5f9f-a586-6c3ab2bbef1f""]"
b44842e4-51b4-52b7-8653-480ff0007c50,aa6de920-293e-53d9-bae5-bdb90e35f8f4,9,section_review,"[""R011-B005""]",ch_summarizing_data/TeX/examining_numerical_data.tex,1,335,701b0ce5f883da62fc2f0cf6b3e180dfa5c5bda5d3fb476ea5016c9acda24409,source_frozen,"[""18223f28-a74d-5f9f-a586-6c3ab2bbef1f""]"
b4950b8d-fc43-509b-ae57-5e5466047f82,5d52d2c3-518e-5fb4-9993-fc3cb99829f2,4,guided_exercise,"[""R011-B010"",""ch03-sec3.2-04""]",ch_probability/TeX/ch_probability.tex,1174,1178,2cdf36f5309b8f00bd159de9dc361c27e0a410f71858afe70fccba45dedc2926,language_reviewed,"[""18223f28-a74d-5f9f-a586-6c3ab2bbef1f""]"
b4cd26a2-3443-5b4d-9a38-f2d9766ae10a,aa6de920-293e-53d9-bae5-bdb90e35f8f4,5,subsection,"[""box-plots-quartiles-median"",""R011-B005""]",ch_summarizing_data/TeX/ch_summarizing_data.tex,819,985,5914757b286033b524d59ae5d553009f6dca07a528281088a60ed96335617c30,source_frozen,"[""18223f28-a74d-5f9f-a586-6c3ab2bbef1f""]"
b54e8af5-3f26-50bf-b6fa-38d4fa703cad,4d7e1beb-821d-5a81-b350-46eb6bf05f55,10,answer_section,"[""R011-B009"",""public-answer-heading""]",extraTeX/eoceSolutions/eoceSolutions.tex,412,418,0113e5bfc4a6c176d6de549e5ee89faa877de19b61e809934487fb5e3d9d518a,language_reviewed,"[""18223f28-a74d-5f9f-a586-6c3ab2bbef1f""]"
b82173dd-a963-514b-8628-cd6c9d97f633,60a2cb71-2aa1-5917-9379-f7f55474c01a,43,exercise,"[""stanford_open_policing"",""eoce_1_43"",""R011-B004R""]",ch_intro_to_data/TeX/review_exercises.tex,230,274,da5922346a086758e2956b351cc63843c47b584153610927df0823e8e367b070,source_frozen,"[""18223f28-a74d-5f9f-a586-6c3ab2bbef1f""]"
b953cdfb-cb9f-5695-927d-813e52effca0,f476eaff-0729-5ce0-9e73-4cf11501b67e,1,solution,"[""% 37"",""eoce_sol_1_37"",""R011-B004R""]",extraTeX/eoceSolutions/eoceSolutions.tex,186,195,9b2aa3bca660dc1938976b8ef66aa0cea4711dbefc8cf1186eb81204bc7f5d4d,source_frozen,"[""18223f28-a74d-5f9f-a586-6c3ab2bbef1f""]"
b96cf383-2b68-558c-85e4-82c8b25f30de,38d29400-2764-5109-a7fd-d245c7e52b17,18,exercise,"[""cats_on_youtube_definitions"",""eoce_1_18"",""R011-B003""]",ch_intro_to_data/TeX/sampling_principles_and_strategies.tex,100,116,297e9e416cfb01b01d031a081710e74e6ddcf152e3212917eae375c5901ac6be,source_frozen,"[""18223f28-a74d-5f9f-a586-6c3ab2bbef1f""]"
b9df52a0-1b52-513c-af1d-ce03b66d9dd1,6fd54b2a-6a51-5f71-8a7b-fd2a10a6ab5d,1,companion_gap,"[""O001"",""eoce_1_38"",""R011-B004R""]",,,,,queued,"[""032d41d3-7787-53af-b311-8f14e5631f44""]"
bafc762b-769e-5379-a396-6eb4dbfd7857,d7152df1-4a80-5da4-a8ca-ed4e11e85af0,1,answer,[],ch_intro_to_data/TeX/ch_intro_to_data.tex,105,105,090d976957d8c399446bd254367e374ad21aa68dc34567d3c157cd718e35b155,source_frozen,"[""18223f28-a74d-5f9f-a586-6c3ab2bbef1f""]"
bb358941-f51d-5672-8852-c758af7bae68,c008ad85-0b9e-5a0c-bd8a-16e3520c8c96,1,companion_gap,"[""O001"",""eoce_1_30"",""R011-B004""]",,,,,queued,"[""032d41d3-7787-53af-b311-8f14e5631f44""]"
bb82be73-ea51-5c91-8039-bd102108c3c6,697eee11-37f2-5f2e-8492-16a070ccd069,2,subsection,"[""R011-B009"",""probability""]",ch_probability/TeX/ch_probability.tex,88,142,73fce4a8793c25f47a46aad7d90348258a4311c0d3c7d23cede4d934a2d607a0,language_reviewed,"[""18223f28-a74d-5f9f-a586-6c3ab2bbef1f""]"
be09309b-7571-5131-8152-e98c6653b9a7,697eee11-37f2-5f2e-8492-16a070ccd069,5,subsection,"[""R011-B009"",""probability-distributions""]",ch_probability/TeX/ch_probability.tex,396,469,63a996bda0e52ac16ad92c1b172d68eb37397467329efac1ba02b2a57ef30083,language_reviewed,"[""18223f28-a74d-5f9f-a586-6c3ab2bbef1f""]"
be68d249-d0b7-55f6-9d31-100dc668e656,b44842e4-51b4-52b7-8653-480ff0007c50,4,exercise,"[""office_productivity"",""eoce_2_4"",""R011-B005""]",ch_summarizing_data/TeX/examining_numerical_data.tex,50,56,2e72546acf504a16e81635d0ca9cf67bf0a197c2b8e39392626fc5cd066f2663,source_frozen,"[""18223f28-a74d-5f9f-a586-6c3ab2bbef1f""]"
be9d7454-a37d-597d-8b35-e25c50236f78,cd65f04f-a114-55e7-b4ff-4643fd1601e5,1,solution,"[""% 31"",""eoce_sol_1_31"",""R011-B004""]",extraTeX/eoceSolutions/eoceSolutions.tex,158,163,588a6b0171ab2fed89999ea1bd7ac5d0f96aae8203689a06edddff396e6eda0e,source_frozen,"[""18223f28-a74d-5f9f-a586-6c3ab2bbef1f""]"
bf8a9ea5-2ceb-51fa-b10f-4c470d3b7e00,4855a03b-af6e-56cc-ad3b-7d0f5e26745e,27,exercise,"[""makeup_exam"",""eoce_2_27"",""R011-B008""]",ch_summarizing_data/TeX/review_exercises.tex,3,17,2419a43ab84113e47369754f4b6cb44e0c76db9720e5d4bdbfe3ec71161f35b1,source_frozen,"[""18223f28-a74d-5f9f-a586-6c3ab2bbef1f""]"
c008ad85-0b9e-5a0c-bd8a-16e3520c8c96,ef7f55d2-6426-5c6b-a525-29e747da8d0b,30,exercise,"[""vitamin_supplement"",""eoce_1_30"",""R011-B004""]",ch_intro_to_data/TeX/experiments.tex,19,48,1057bf3ecd60ba1ea88c57334c00eb1483bf27e1b5507eb349a5e5d599ae6a06,source_frozen,"[""18223f28-a74d-5f9f-a586-6c3ab2bbef1f""]"
c03720ee-be18-50bc-a512-6f4b2de1081c,697eee11-37f2-5f2e-8492-16a070ccd069,4,exercise,"[""R011-B009"",""backgammon""]",ch_probability/TeX/defining_probability.tex,65,75,9e71cc7a73b49eaca869152e58f5e4e8b7116f5880710ab2766e76538f97c25a,language_reviewed,"[""18223f28-a74d-5f9f-a586-6c3ab2bbef1f""]"
c0bd2c0d-1734-5635-9b83-fea31490ec87,b44842e4-51b4-52b7-8653-480ff0007c50,5,exercise,"[""parameters_stats"",""eoce_2_5"",""R011-B005""]",ch_summarizing_data/TeX/examining_numerical_data.tex,58,72,d0b5f466e368ab50f1f1897ae2db3d07b4f5bfa0a2c4e4511b20dae83f3609f7,source_frozen,"[""18223f28-a74d-5f9f-a586-6c3ab2bbef1f""]"
c163c8b3-1093-54f3-beb4-47248e2ba6ae,a72d52ee-0344-56a3-9746-98c4db684cf0,1,companion_gap,"[""R011-B010"",""3.18""]",,,,,queued,"[""032d41d3-7787-53af-b311-8f14e5631f44""]"
c30ed712-53d9-5d5c-9e77-fc405aee5528,4855a03b-af6e-56cc-ad3b-7d0f5e26745e,34,exercise,"[""marathon_winners"",""eoce_2_34"",""R011-B008""]",ch_summarizing_data/TeX/review_exercises.tex,126,144,fe40c5947946f89b7cbcdaaf23e0217d7d0b72e0918d63959d23db90aa559eb8,source_frozen,"[""18223f28-a74d-5f9f-a586-6c3ab2bbef1f""]"
c3157d89-9939-5e00-8270-80b6ad9e0f89,193a93a2-5f42-56b5-a579-7a4c8b028e6d,14,exercise,"[""R011-B010"",""pbj""]",ch_probability/TeX/conditional_probability.tex,21,26,31cdf01541850c0060a8f6d0fbfa13dcfbb35e279144af66418e650a2e035ab1,language_reviewed,"[""18223f28-a74d-5f9f-a586-6c3ab2bbef1f""]"
c33c56be-8678-5ba2-b3a0-344f40bca434,697eee11-37f2-5f2e-8492-16a070ccd069,13,guided_exercise,"[""R011-B009"",""ch03-sec3.1-13""]",ch_probability/TeX/ch_probability.tex,493,497,a1233af50603c9d3a940b7c639205d1d4c4494171352c6c9152664d92b625b47,language_reviewed,"[""18223f28-a74d-5f9f-a586-6c3ab2bbef1f""]"
c526fa55-62c1-5a35-bb8d-40abfc2fc3d8,39e28dfa-9fb6-5555-bee7-6649c37a02b2,1,solution,"[""% 33"",""eoce_sol_1_33"",""R011-B004""]",extraTeX/eoceSolutions/eoceSolutions.tex,165,176,1bf26009397d13d4acfc53539be4f755ecc904b229bf5aecab84cf1043bde533,source_frozen,"[""18223f28-a74d-5f9f-a586-6c3ab2bbef1f"",""e8114816-bd30-582b-9e8b-274b8ae17401""]"
c749f377-8b05-530a-9e33-4073fe3f435f,38d29400-2764-5109-a7fd-d245c7e52b17,15,exercise,"[""scope_buteyko"",""eoce_1_15"",""R011-B003""]",ch_intro_to_data/TeX/sampling_principles_and_strategies.tex,41,57,f4fe8c4f9a5c666a85454eb24a649eadcc12e17ba1e6105893296171e5cbeb2c,source_frozen,"[""18223f28-a74d-5f9f-a586-6c3ab2bbef1f""]"
c9faaa37-1ac5-54ae-b62f-1556d2b63374,7c6f18a3-f953-577e-a859-eda10519975c,2,section,"[""basicExampleOfStentsAndStrokes""]",ch_intro_to_data/TeX/ch_intro_to_data.tex,41,141,04236ee03f2e50f37f558d1ee500c0480f284401e0b5543b6f8f38b387aba550,source_frozen,"[""18223f28-a74d-5f9f-a586-6c3ab2bbef1f""]"
ca42976d-868b-528b-8451-40e275e0fa37,d7955a56-864b-500a-a33b-7c476b342c7e,2,subsection,"[""simulatingTheStudy"",""sec2.3-subsection-2"",""R011-B007""]",ch_summarizing_data/TeX/ch_summarizing_data.tex,2362,2436,490cc592259041d1250fb3bb5eeb3396000653568ec1fc4d7f2f097c1e6df756,source_frozen,"[""18223f28-a74d-5f9f-a586-6c3ab2bbef1f""]"
ca6367c4-15b1-502f-9fa9-3f7229c912ee,aa6de920-293e-53d9-bae5-bdb90e35f8f4,1,subsection,"[""scatterPlots"",""R011-B005""]",ch_summarizing_data/TeX/ch_summarizing_data.tex,73,166,33acc39b13ec683fb358edeac5483a991c355d80a50fff2761ca509d144f5920,source_frozen,"[""18223f28-a74d-5f9f-a586-6c3ab2bbef1f""]"
cb2c7316-4e1c-5097-83f3-001b8c3c91ca,47a4fe12-f3c0-587a-b879-47adb3ee9dc9,10,guided_exercise,"[""R011-B010"",""ch03-sec3.2-10""]",ch_probability/TeX/ch_probability.tex,1282,1293,18626c0f659909f920eaac2027a1319b98a65280761cd8871de47b6386625e66,language_reviewed,"[""18223f28-a74d-5f9f-a586-6c3ab2bbef1f""]"
cc807b75-61bb-5246-adef-100e98d605fe,48d76130-cdf3-5c50-aecb-e80b5c96ded3,1,solution,"[""% 29"",""eoce_sol_1_29"",""R011-B004""]",extraTeX/eoceSolutions/eoceSolutions.tex,151,156,91ff952c7b152db66f0301a02498ab5db5c7bf2c82b86771249563746d8d4669,source_frozen,"[""18223f28-a74d-5f9f-a586-6c3ab2bbef1f""]"
cc898c78-1c18-5bff-bdc8-20447b9c318d,697eee11-37f2-5f2e-8492-16a070ccd069,1,subsection,"[""R011-B009"",""introductory-examples""]",ch_probability/TeX/ch_probability.tex,48,87,1fb0b8295973c16608ae6b024a0df0781fc6fe13e5e2765e931bd02dbf25c243,language_reviewed,"[""18223f28-a74d-5f9f-a586-6c3ab2bbef1f""]"
cd65f04f-a114-55e7-b4ff-4643fd1601e5,ef7f55d2-6426-5c6b-a525-29e747da8d0b,31,exercise,"[""light_noise_exam_performance"",""eoce_1_31"",""R011-B004""]",ch_intro_to_data/TeX/experiments.tex,50,65,1ea0832640d31b8bd2683910b56391a34eede117c039938d5f9c4b5d8c65f759,source_frozen,"[""18223f28-a74d-5f9f-a586-6c3ab2bbef1f""]"
cda64c06-7961-5028-afbc-01956ce7d61c,4a0f5bef-95db-5c6c-ae94-097778cff15d,7,section_review,"[""considering_categorical_data"",""R011-B006""]",ch_summarizing_data/TeX/considering_categorical_data.tex,1,84,e3f3c9c59e4eaf91af77bea44432ea244a51a160ae89f602612b136d349c47b2,source_frozen,"[""18223f28-a74d-5f9f-a586-6c3ab2bbef1f""]"
cf7a2c60-ae2b-561a-983a-401900ec14f8,4855a03b-af6e-56cc-ad3b-7d0f5e26745e,33,exercise,"[""stats_scores_box"",""eoce_2_33"",""R011-B008""]",ch_summarizing_data/TeX/review_exercises.tex,108,125,7f50d73dd1a677d3099baa0105632ea6b8c52436447d08d351447e977a2e9216,source_frozen,"[""18223f28-a74d-5f9f-a586-6c3ab2bbef1f""]"
d031fd92-364c-5922-9977-7d4f68b6f109,4a0f5bef-95db-5c6c-ae94-097778cff15d,2,subsection,"[""sec2.2-subsection-2"",""R011-B006""]",ch_summarizing_data/TeX/ch_summarizing_data.tex,1461,1700,fdce5d69e8241941dcbf812b3bbd1a6c2bc449f7cb5ce807d1811798f3a9cec8,source_frozen,"[""18223f28-a74d-5f9f-a586-6c3ab2bbef1f""]"
d23a94a3-f019-5cf9-8453-40e20efb91cf,697eee11-37f2-5f2e-8492-16a070ccd069,10,guided_exercise,"[""R011-B009"",""ch03-sec3.1-10""]",ch_probability/TeX/ch_probability.tex,374,383,bc0b57456c17f992c524ae464e1d1f4b268787496ee571663110c9874122b37b,language_reviewed,"[""18223f28-a74d-5f9f-a586-6c3ab2bbef1f""]"
d2fea3ad-d6f6-5a8b-a1b3-42405183e22a,c9faaa37-1ac5-54ae-b62f-1556d2b63374,5,exercise,"[""sinusitis_and_antibiotics_intro"",""eoce_1_2""]",ch_intro_to_data/TeX/case_study_using_stents_to_prevent_strokes.tex,62,105,2b06c64eab62d7488caa709e576f1d01092679d68b173337baf35100d849695e,source_frozen,"[""18223f28-a74d-5f9f-a586-6c3ab2bbef1f""]"
d47db775-23f5-5854-89aa-2c29a9e39d34,a74608ed-09bd-5bc9-b1a8-0118b4dbe4d2,1,companion_gap,"[""O001"",""eoce_1_12""]",,,,,queued,"[""032d41d3-7787-53af-b311-8f14e5631f44""]"
d6274bc8-d45e-51f1-91e8-38da3bbe4007,008a3bd4-069a-5cc2-bea8-bf1d9a41d834,1,solution,"[""% 27"",""eoce_sol_1_27"",""R011-B003""]",extraTeX/eoceSolutions/eoceSolutions.tex,136,149,fc1c7061e3700ca58291a0539b23fb7f90596872b20bca8d73c8d9344059d3cb,source_frozen,"[""18223f28-a74d-5f9f-a586-6c3ab2bbef1f""]"
d7152df1-4a80-5da4-a8ca-ed4e11e85af0,c9faaa37-1ac5-54ae-b62f-1556d2b63374,3,exercise,[],ch_intro_to_data/TeX/ch_intro_to_data.tex,101,104,641f935ea82e3ab6c9d3747667872d389ef95862d43f06c55790d0ab55d3cdd2,source_frozen,"[""18223f28-a74d-5f9f-a586-6c3ab2bbef1f""]"
d7955a56-864b-500a-a33b-7c476b342c7e,4855a03b-af6e-56cc-ad3b-7d0f5e26745e,4,section,"[""caseStudyMalariaVaccine"",""R011-B007""]",ch_summarizing_data/TeX/ch_summarizing_data.tex,2166,2579,fcc5177c7683b11b1381b8c2a94eaf5ae8be702640bc08f10bc53ae9aff4190d,source_frozen,"[""18223f28-a74d-5f9f-a586-6c3ab2bbef1f""]"
d79811d2-246c-52cc-8ca4-361c37772b63,60a2cb71-2aa1-5917-9379-f7f55474c01a,42,exercise,"[""screen_time_well_being"",""eoce_1_42"",""R011-B004R""]",ch_intro_to_data/TeX/review_exercises.tex,200,228,68759c8b356a1795cca73abc035c2cf1e77df12b71d5c1694ecff05c5d3bdf31,source_frozen,"[""18223f28-a74d-5f9f-a586-6c3ab2bbef1f""]"
d8f095f4-b65e-533d-ae7e-f9eeeeb3835a,9ffbb29e-06de-5487-9e89-c5638618252f,1,solution,"[""% 7"",""eoce_sol_1_7""]",extraTeX/eoceSolutions/eoceSolutions.tex,43,46,84a758ba4fc8a23a40f9fa6b8f92966b7ef90b6779578337edc20bdebc545487,source_frozen,"[""18223f28-a74d-5f9f-a586-6c3ab2bbef1f""]"
db989fe3-bfe4-5edd-b70a-3b3531baf3de,73520ca6-33b3-53b3-9713-2ad77ac46942,1,companion_gap,"[""O001"",""eoce_2_6"",""R011-B005""]",,,,,queued,"[""032d41d3-7787-53af-b311-8f14e5631f44""]"
dbda91d1-7c2a-59ea-8049-c1847a4c4218,aa6de920-293e-53d9-bae5-bdb90e35f8f4,2,subsection,"[""dotPlot"",""R011-B005""]",ch_summarizing_data/TeX/ch_summarizing_data.tex,167,435,027559f49d878b69bc6df998ba3157a29ab1c16fd8075a810b5ef89a8bb98460,source_frozen,"[""18223f28-a74d-5f9f-a586-6c3ab2bbef1f""]"
dc37ddab-3474-5bc3-93ae-09eb173ec6f6,697eee11-37f2-5f2e-8492-16a070ccd069,17,guided_exercise,"[""R011-B009"",""ch03-sec3.1-17""]",ch_probability/TeX/ch_probability.tex,608,619,432104baa141b31b6924c9483d2b82ddd95bfb22401609c5f2d62e26827d0b18,language_reviewed,"[""18223f28-a74d-5f9f-a586-6c3ab2bbef1f""]"
dc9cb209-acef-58d0-93ae-2148de066e54,697eee11-37f2-5f2e-8492-16a070ccd069,2,guided_exercise,"[""R011-B009"",""ch03-sec3.1-02""]",ch_probability/TeX/ch_probability.tex,184,188,6022733a3c648ccc0745469d36352d933eee1f703162cab8ea4e7e4895e04fc2,language_reviewed,"[""18223f28-a74d-5f9f-a586-6c3ab2bbef1f""]"
dcd87770-5428-5ca2-8375-09e2744b09a7,cda64c06-7961-5028-afbc-01956ce7d61c,23,exercise,"[""dream_act_mosaic"",""eoce_2_23"",""R011-B006""]",ch_summarizing_data/TeX/considering_categorical_data.tex,61,72,cc64d113af0958104d809be4a980058817ec962a8f10f5c35162752d87713163,source_frozen,"[""18223f28-a74d-5f9f-a586-6c3ab2bbef1f""]"
dd2c0635-0fd8-5cec-b7cb-9aefab4c0c43,697eee11-37f2-5f2e-8492-16a070ccd069,16,guided_exercise,"[""R011-B009"",""ch03-sec3.1-16""]",ch_probability/TeX/ch_probability.tex,599,603,430cf7bc4a7ab64997fbc500008b6adf9caeb343c8f23f59e130be3421381eef,language_reviewed,"[""18223f28-a74d-5f9f-a586-6c3ab2bbef1f""]"
dd8d8e77-b7eb-5286-bf06-75098ab768d6,44b85273-e757-59b5-85c9-11547f246ae1,1,solution,"[""R011-B010"",""3.19""]",extraTeX/eoceSolutions/eoceSolutions.tex,511,516,98314b4af1a499c508ac21f3a5e918afbe9a98bf74ee858c2ba8e00eb9f2a9e4,language_reviewed,"[""18223f28-a74d-5f9f-a586-6c3ab2bbef1f""]"
ddef022a-a3f0-5688-8a76-0b52859c00ba,697eee11-37f2-5f2e-8492-16a070ccd069,1,exercise,"[""R011-B009"",""tf_prob_definitions""]",ch_probability/TeX/defining_probability.tex,3,15,750b07eba103971068841389388643dc917fa1476ab47a60afb09f23190ccec3,language_reviewed,"[""18223f28-a74d-5f9f-a586-6c3ab2bbef1f""]"
de51ce11-a679-5af1-bc9f-40f2b6673cf0,12e0f174-2d4f-5b85-8270-8cf241d02f42,1,solution,"[""% 35"",""eoce_sol_1_35"",""R011-B004R""]",extraTeX/eoceSolutions/eoceSolutions.tex,178,184,17ecb8b63c1efd8b7f8ff35dc91dbd28d7f11e5832d503b722fe4bf1789cb573,source_frozen,"[""18223f28-a74d-5f9f-a586-6c3ab2bbef1f"",""bad63bfb-9cf6-5f60-bbe6-9e93ae431ce0"",""67382a1e-7768-5d98-9912-2c3a848ce7a1""]"
df0e47a5-e5a2-5a42-a83d-a8c0d10528d2,e3d94fe5-3bce-5303-8104-8066f5d82f11,1,solution,"[""R011-B009"",""3.9""]",extraTeX/eoceSolutions/eoceSolutions.tex,459,468,2292c98251ab0dca53007e745dd665bdfb3b7ead098f21149986c0da6c77130e,language_reviewed,"[""18223f28-a74d-5f9f-a586-6c3ab2bbef1f""]"
df8c32ef-fdf2-53a0-82d9-6ff7b9bfbb39,cda64c06-7961-5028-afbc-01956ce7d61c,24,exercise,"[""raise_taxes_mosaic"",""eoce_2_24"",""R011-B006""]",ch_summarizing_data/TeX/considering_categorical_data.tex,74,84,5b6e5311d35d7288188e0b7b09f7d9993eef3379fddf2dc90f64fb1caa63ec4a,source_frozen,"[""18223f28-a74d-5f9f-a586-6c3ab2bbef1f""]"
e2b24411-28f5-5067-bc3d-383eda5fecf5,b44842e4-51b4-52b7-8653-480ff0007c50,3,exercise,"[""reproducing_bacteria"",""eoce_2_3"",""R011-B005""]",ch_summarizing_data/TeX/examining_numerical_data.tex,40,48,45b1f14e5927736b54314b25af49630fa2ba4a0e88013df643b046c571ce115e,source_frozen,"[""18223f28-a74d-5f9f-a586-6c3ab2bbef1f""]"
e3317173-2b2f-5983-a8d4-d251370857eb,38d29400-2764-5109-a7fd-d245c7e52b17,17,exercise,"[""relax_after_work_definitions"",""eoce_1_17"",""R011-B003""]",ch_intro_to_data/TeX/sampling_principles_and_strategies.tex,80,98,dcfb4f1a0ac3d0c554797109fdec514eb42d0020a12b43074e56ada78a476668,source_frozen,"[""18223f28-a74d-5f9f-a586-6c3ab2bbef1f""]"
e399d3b0-84b2-5859-93ff-fdafd4738bd8,38d29400-2764-5109-a7fd-d245c7e52b17,26,exercise,"[""family_size"",""eoce_1_26"",""R011-B003""]",ch_intro_to_data/TeX/sampling_principles_and_strategies.tex,248,256,ac2f672ea74035473047f3cabbe0f458eaab9e265948d0385c9418db63179eaf,source_frozen,"[""18223f28-a74d-5f9f-a586-6c3ab2bbef1f""]"
e3d94fe5-3bce-5303-8104-8066f5d82f11,697eee11-37f2-5f2e-8492-16a070ccd069,9,exercise,"[""R011-B009"",""disjoint_indep""]",ch_probability/TeX/defining_probability.tex,145,156,fe9dc33db91941bfd6f13ccfb5713b99cb30a4eae28ebd991791f74d8e051d76,language_reviewed,"[""18223f28-a74d-5f9f-a586-6c3ab2bbef1f""]"
e3e697f7-00e7-5cce-8e2b-cee5b240a1a4,697eee11-37f2-5f2e-8492-16a070ccd069,5,guided_exercise,"[""R011-B009"",""ch03-sec3.1-05""]",ch_probability/TeX/ch_probability.tex,255,259,599a82c57526bc5ab071c324999e9731741acbf4069d9be9d35c5f6bd57687f9,language_reviewed,"[""18223f28-a74d-5f9f-a586-6c3ab2bbef1f""]"
e4ec9d68-2046-5d31-a3f4-779873497a5e,470c3927-0fbc-5034-9d45-fbf0ba065727,1,companion_gap,"[""R011-B010"",""3.22""]",,,,,queued,"[""032d41d3-7787-53af-b311-8f14e5631f44""]"
e55b8aa8-632e-54f9-a1ea-667b2cafe96c,ddef022a-a3f0-5688-8a76-0b52859c00ba,1,solution,"[""R011-B009"",""3.1""]",extraTeX/eoceSolutions/eoceSolutions.tex,419,423,3100042341ee5310b369db161ccbcb4658fee1524cf255ca9d28a366450cd79e,language_reviewed,"[""18223f28-a74d-5f9f-a586-6c3ab2bbef1f""]"
e5b443a8-bb27-5980-8512-cc432aaaf1b5,8b9932bf-3164-5e36-a64a-304ae1894c90,1,companion_gap,"[""O001"",""R011-B007-O001-0001"",""eoce_2_26"",""R011-B007""]",,,,,queued,"[""032d41d3-7787-53af-b311-8f14e5631f44""]"
e6ac9457-94fd-5c0e-9e5d-64019cffef9a,4a0f5bef-95db-5c6c-ae94-097778cff15d,3,subsection,"[""bar_plots_subsection"",""sec2.2-subsection-3"",""R011-B006""]",ch_summarizing_data/TeX/ch_summarizing_data.tex,1701,1871,1382ab290f1f48d3d1cdff00c810574b01fbfa5b54768bf80c42335cbda9e47f,source_frozen,"[""18223f28-a74d-5f9f-a586-6c3ab2bbef1f""]"
e6eef250-171b-5467-b369-df0a8ef36623,38d29400-2764-5109-a7fd-d245c7e52b17,25,exercise,"[""scope_haters"",""eoce_1_25"",""R011-B003""]",ch_intro_to_data/TeX/sampling_principles_and_strategies.tex,214,246,6226ed09394a1bd314dd1a62ef26ee89aa85da826084c33a6d5fc755ed7d90c6,source_frozen,"[""18223f28-a74d-5f9f-a586-6c3ab2bbef1f"",""4e874c2a-7b14-5cbf-9d15-2a5a1a44dec9""]"
ea924b71-03f1-5fa6-9066-1d0a27bb3180,8c1f82f6-34a3-53be-9da6-0fa74df91111,1,companion_gap,"[""O001"",""eoce_2_20"",""R011-B005""]",,,,,queued,"[""032d41d3-7787-53af-b311-8f14e5631f44""]"
ea975387-3208-52a7-bab8-012230362971,73da116e-6d01-56d0-b143-2ec2806b49a2,1,solution,"[""% 17"",""eoce_sol_2_17"",""R011-B005""]",extraTeX/eoceSolutions/eoceSolutions.tex,302,310,4fa1027109440ccf0b13022151050ddfb18cf07920777d28fa3401f0588502bc,source_frozen,"[""18223f28-a74d-5f9f-a586-6c3ab2bbef1f""]"
eb7f6e94-501d-595e-8eaa-4e48c95d5afd,60a2cb71-2aa1-5917-9379-f7f55474c01a,41,exercise,"[""eat_better_feel_better"",""eoce_1_41"",""R011-B004R""]",ch_intro_to_data/TeX/review_exercises.tex,160,198,9c1321e1e2bc89c42935904899f3763d6f81fd3d14fd22960f074615e26ff18f,source_frozen,"[""18223f28-a74d-5f9f-a586-6c3ab2bbef1f""]"
eb907e1e-ab6f-5965-913c-4a23f79501a1,108fb25f-124d-5207-ad62-c21b11efb8fb,1,companion_gap,"[""R011-B009"",""3.2""]",,,,,queued,"[""032d41d3-7787-53af-b311-8f14e5631f44""]"
ec3b569a-6059-551c-9ddb-937edfb55960,60a2cb71-2aa1-5917-9379-f7f55474c01a,40,exercise,"[""income_education_county"",""eoce_1_40"",""R011-B004R""]",ch_intro_to_data/TeX/review_exercises.tex,138,158,304a7ce816b26ff231ccfe4fe78399c91db0f8cfecc13923636ed77c548a6ec7,source_frozen,"[""18223f28-a74d-5f9f-a586-6c3ab2bbef1f"",""965b18a2-8bea-5a5c-9012-129137cfb727"",""358ce2a1-ab16-5858-8236-9d6bc6abe31a""]"
ec4ca565-6880-57e5-8922-469f1bacd6a2,1663206a-64a7-5af8-91b9-185c65783ff1,1,solution,"[""% 9"",""eoce_sol_1_9""]",extraTeX/eoceSolutions/eoceSolutions.tex,48,52,e2c907d4902b0290947d66058c2157c6b6b6b3c42c59b586bc131d316d5cb496,source_frozen,"[""18223f28-a74d-5f9f-a586-6c3ab2bbef1f""]"
ef25e2c4-b83a-58be-bfaa-8fe6b5fa5d63,64168f66-cd8a-5a1b-a859-284c1a945475,1,solution,"[""R011-B010"",""3.17""]",extraTeX/eoceSolutions/eoceSolutions.tex,501,509,b8fdeb285e3c743472b87a4659c73c01cdce086ac9236f18b7dc449e6b0e8ec4,language_reviewed,"[""18223f28-a74d-5f9f-a586-6c3ab2bbef1f""]"
ef7f55d2-6426-5c6b-a525-29e747da8d0b,7c6f18a3-f953-577e-a859-eda10519975c,5,section,"[""experimentsSection"",""experimentalDesignPrinciples"",""biasInHumanExperiments"",""R011-B004""]",ch_intro_to_data/TeX/ch_intro_to_data.tex,1251,1408,ceade6b7e625b0db093e9f5cd33669b8ae1b389dd2529b23f6e3088270c46c35,source_frozen,"[""18223f28-a74d-5f9f-a586-6c3ab2bbef1f"",""41e46d05-03d3-56bd-9f01-2e691bfe3e60""]"
f03bc0fc-6c96-5db2-8d50-46b2ac141f2b,193a93a2-5f42-56b5-a579-7a4c8b028e6d,7,subsection,"[""R011-B010"",""tree-diagrams""]",ch_probability/TeX/ch_probability.tex,1317,1401,4d2c7f61b68998df8aa828582accf7151651e8d3b4ebbb9bedc4ece8408ef774,language_reviewed,"[""18223f28-a74d-5f9f-a586-6c3ab2bbef1f""]"
f08664a6-4f0f-5605-8552-c11ddaf76f5c,a1826e03-0981-5650-8830-88dc2ad8b719,8,guided_exercise,"[""R011-B010"",""ch03-sec3.2-08""]",ch_probability/TeX/ch_probability.tex,1248,1253,8dd32cb7d94e09d024c39b4f1b73a80459cb2a0c13a8c744751efbc7551cef6e,language_reviewed,"[""18223f28-a74d-5f9f-a586-6c3ab2bbef1f""]"
f0c1f9cb-527a-5167-a12e-3d5e0447d863,b96cf383-2b68-558c-85e4-82c8b25f30de,1,companion_gap,"[""O001"",""eoce_1_18"",""R011-B003""]",,,,,queued,"[""032d41d3-7787-53af-b311-8f14e5631f44""]"
f1ae8a68-e6a0-5f5b-8620-ce8249bea3d8,662ada1b-d83f-5db6-bffc-6ef98ab85458,1,companion_gap,"[""O001"",""eoce_1_22"",""R011-B003""]",,,,,queued,"[""032d41d3-7787-53af-b311-8f14e5631f44""]"
f2d394a2-2958-5de5-9cd6-2a4cd0a365d7,b44842e4-51b4-52b7-8653-480ff0007c50,15,exercise,"[""dist_shape_pets_dist_height"",""eoce_2_15"",""R011-B005""]",ch_summarizing_data/TeX/examining_numerical_data.tex,213,228,6d5226de6fb3b18d0eb20d3fa71b1fb3b98cfa3b960b3f3da038de1dfe4cb334,source_frozen,"[""18223f28-a74d-5f9f-a586-6c3ab2bbef1f""]"
f420613b-16ba-5da1-a8a8-6e5b2cf9ccb9,91fc3301-cb1f-55c9-be90-4bcb58dca050,1,solution,"[""% 1"",""eoce_sol_2_1"",""R011-B005""]",extraTeX/eoceSolutions/eoceSolutions.tex,241,246,975461e0dd623247e267d5801f1c7441395bad8a014f616583288347aa323c0d,source_frozen,"[""18223f28-a74d-5f9f-a586-6c3ab2bbef1f""]"
f476eaff-0729-5ce0-9e73-4cf11501b67e,60a2cb71-2aa1-5917-9379-f7f55474c01a,37,exercise,"[""chia_weight_lostt"",""eoce_1_37"",""R011-B004R""]",ch_intro_to_data/TeX/review_exercises.tex,58,78,de52ca0eb6bd0bc453a24d9307716d0a6f17ff18fac7e77f19fa613d627a52c7,source_frozen,"[""18223f28-a74d-5f9f-a586-6c3ab2bbef1f""]"
f7d2045e-5e64-539c-9a77-881a363a8baf,b44842e4-51b4-52b7-8653-480ff0007c50,14,exercise,"[""dist_shape_fb_friends"",""eoce_2_14"",""R011-B005""]",ch_summarizing_data/TeX/examining_numerical_data.tex,205,211,e749d45619f62cd4d7ed3a885dfd148e87092f44336b58f685d003549e8f3785,source_frozen,"[""18223f28-a74d-5f9f-a586-6c3ab2bbef1f""]"
fa155c02-1ddf-50ea-8bc1-a7219f555b32,e399d3b0-84b2-5859-93ff-fdafd4738bd8,1,companion_gap,"[""O001"",""eoce_1_26"",""R011-B003""]",,,,,queued,"[""032d41d3-7787-53af-b311-8f14e5631f44""]"
fada9a56-d535-54db-807e-a978737acccb,697eee11-37f2-5f2e-8492-16a070ccd069,1,guided_exercise,"[""R011-B009"",""ch03-sec3.1-01""]",ch_probability/TeX/ch_probability.tex,128,132,2d48ad7df655f7fec82233cae1589d960ca697bcd896df439120639c15a119fd,language_reviewed,"[""18223f28-a74d-5f9f-a586-6c3ab2bbef1f""]"
fbe8307c-8576-5fc9-9d86-4ffff1359550,b44842e4-51b4-52b7-8653-480ff0007c50,8,exercise,"[""medians_iqrs"",""eoce_2_8"",""R011-B005""]",ch_summarizing_data/TeX/examining_numerical_data.tex,97,112,fbf9e613542dc95b0777ffa7ca2818da69c0a5874800ddc7d21f72cf0faa79d4,source_frozen,"[""18223f28-a74d-5f9f-a586-6c3ab2bbef1f""]"
fc0caa09-fb91-51a2-9411-8f34e4651d62,697eee11-37f2-5f2e-8492-16a070ccd069,4,subsection,"[""R011-B009"",""probabilities-when-events-are-not-disjoint""]",ch_probability/TeX/ch_probability.tex,276,395,fbb646c246086d7f1b0b68148ea131051b982487c854cf3a0ecee9ed9b0ba76c,language_reviewed,"[""18223f28-a74d-5f9f-a586-6c3ab2bbef1f""]"
fc3d849c-7c46-5c07-8ca2-c458b8032805,a36d034f-f5c1-5f04-89ac-c4f4a6cd046d,11,guided_exercise,"[""nexercise-2.1-11"",""R011-B005""]",ch_summarizing_data/TeX/ch_summarizing_data.tex,1040,1046,3751186aa1879453bdb11c0d03f2d31bb10ac94ccdb05cd7d2f9572b38c49569,source_frozen,"[""18223f28-a74d-5f9f-a586-6c3ab2bbef1f""]"
fc4a0a73-5451-507f-b8b8-f298e2b3445b,4b6d3a80-1d24-55b9-84dd-6d4068279d00,1,companion_gap,"[""O001"",""eoce_2_10"",""R011-B005""]",,,,,queued,"[""032d41d3-7787-53af-b311-8f14e5631f44""]"
